19201,400  ,4000000,ヤマナシケン,コウフシ,イカニケイサイガナイバアイ,山梨県,甲府市,以下に掲載がない場合,0,0,0,0,0,0
19201,400  ,4000858,ヤマナシケン,コウフシ,アイオイ,山梨県,甲府市,相生,0,0,1,0,0,0
19201,400  ,4000867,ヤマナシケン,コウフシ,アオヌマ,山梨県,甲府市,青沼,0,0,1,0,0,0
19201,400  ,4000828,ヤマナシケン,コウフシ,アオバチョウ,山梨県,甲府市,青葉町,0,0,0,0,0,0
19201,400  ,4000862,ヤマナシケン,コウフシ,アサケ,山梨県,甲府市,朝気,0,0,1,0,0,0
19201,400  ,4000025,ヤマナシケン,コウフシ,アサヒ,山梨県,甲府市,朝日,0,0,1,0,0,0
19201,400  ,4000023,ヤマナシケン,コウフシ,アタゴマチ,山梨県,甲府市,愛宕町,0,0,0,0,0,0
19201,400  ,4000061,ヤマナシケン,コウフシ,アラカワ,山梨県,甲府市,荒川,0,0,1,0,0,0
19201,400  ,4000035,ヤマナシケン,コウフシ,イイダ,山梨県,甲府市,飯田,0,0,1,0,0,0
19201,40012,4001217,ヤマナシケン,コウフシ,イカリチョウ,山梨県,甲府市,猪狩町,0,0,0,0,0,0
19201,400  ,4000062,ヤマナシケン,コウフシ,イケダ,山梨県,甲府市,池田,0,0,1,0,0,0
19201,400  ,4000856,ヤマナシケン,コウフシ,イセ,山梨県,甲府市,伊勢,0,0,1,0,0,0
19201,400  ,4000013,ヤマナシケン,コウフシ,イワクボチョウ,山梨県,甲府市,岩窪町,0,0,0,0,0,0
19201,400  ,4000045,ヤマナシケン,コウフシ,ウシロヤチョウ,山梨県,甲府市,後屋町,0,0,0,0,0,0
19201,40015,4001504,ヤマナシケン,コウフシ,ウバグチチョウ,山梨県,甲府市,右左口町,0,0,0,0,0,0
19201,400  ,4000053,ヤマナシケン,コウフシ,オオサトチョウ,山梨県,甲府市,大里町,0,0,0,0,0,0
19201,400  ,4000865,ヤマナシケン,コウフシ,オオタマチ,山梨県,甲府市,太田町,0,0,0,0,0,0
19201,400  ,4000055,ヤマナシケン,コウフシ,オオツマチ,山梨県,甲府市,大津町,0,0,0,0,0,0
19201,400  ,4000015,ヤマナシケン,コウフシ,オオテ,山梨県,甲府市,大手,0,0,1,0,0,0
19201,400  ,4000834,ヤマナシケン,コウフシ,オチアイチョウ,山梨県,甲府市,落合町,0,0,0,0,0,0
19201,400  ,4000028,ヤマナシケン,コウフシ,オトワチョウ,山梨県,甲府市,音羽町,0,0,0,0,0,0
19201,400  ,4000841,ヤマナシケン,コウフシ,オマガリチョウ,山梨県,甲府市,小曲町,0,0,0,0,0,0
19201,40937,4093711,ヤマナシケン,コウフシ,カケハシマチ,山梨県,甲府市,梯町,0,0,0,0,0,0
19201,400  ,4000063,ヤマナシケン,コウフシ,カネタケチョウ,山梨県,甲府市,金竹町,0,0,0,0,0,0
19201,400  ,4000814,ヤマナシケン,コウフシ,カミアハラマチ,山梨県,甲府市,上阿原町,0,0,0,0,0,0
19201,400  ,4000041,ヤマナシケン,コウフシ,カミイシダ,山梨県,甲府市,上石田,0,0,1,0,0,0
19201,400  ,4000845,ヤマナシケン,コウフシ,カミイマイチョウ,山梨県,甲府市,上今井町,0,0,0,0,0,0
19201,40011,4000081,ヤマナシケン,コウフシ,カミオビナチョウ,山梨県,甲府市,上帯那町,0,0,0,0,0,0
19201,400  ,4000044,ヤマナシケン,コウフシ,カミコガワラチョウ,山梨県,甲府市,上小河原町,0,0,0,0,0,0
19201,400  ,4000052,ヤマナシケン,コウフシ,カミジョウアライマチ,山梨県,甲府市,上条新居町,0,0,0,0,0,0
19201,400  ,4000011,ヤマナシケン,コウフシ,カミセキスイジマチ,山梨県,甲府市,上積翠寺町,0,0,0,0,0,0
19201,40015,4001501,ヤマナシケン,コウフシ,カミソネチョウ,山梨県,甲府市,上曽根町,0,0,0,0,0,0
19201,400  ,4000831,ヤマナシケン,コウフシ,カミチョウ,山梨県,甲府市,上町,0,0,0,0,0,0
19201,40015,4001506,ヤマナシケン,コウフシ,カミムコウヤマチョウ,山梨県,甲府市,上向山町,0,0,0,0,0,0
19201,40012,4001213,ヤマナシケン,コウフシ,カワクボチョウ,山梨県,甲府市,川窪町,0,0,0,0,0,0
19201,400  ,4000811,ヤマナシケン,コウフシ,カワダマチ,山梨県,甲府市,川田町,0,0,0,0,0,0
19201,400  ,4000024,ヤマナシケン,コウフシ,キタグチ,山梨県,甲府市,北口,0,0,1,0,0,0
19201,400  ,4000005,ヤマナシケン,コウフシ,キタシン,山梨県,甲府市,北新,0,0,1,0,0,0
19201,400  ,4000065,ヤマナシケン,コウフシ,クガワ,山梨県,甲府市,貢川,0,0,1,0,0,0
19201,400  ,4000048,ヤマナシケン,コウフシ,クガワホンチョウ,山梨県,甲府市,貢川本町,0,0,0,0,0,0
19201,400  ,4000815,ヤマナシケン,コウフシ,クダマチョウ,山梨県,甲府市,国玉町,0,0,0,0,0,0
19201,40012,4001211,ヤマナシケン,コウフシ,クロベラチョウ,山梨県,甲府市,黒平町,0,0,0,0,0,0
19201,400  ,4000043,ヤマナシケン,コウフシ,コクボ,山梨県,甲府市,国母,0,0,1,0,0,0
19201,400  ,4000836,ヤマナシケン,コウフシ,コセマチ,山梨県,甲府市,小瀬町,0,0,0,0,0,0
19201,400  ,4000033,ヤマナシケン,コウフシ,コトブキチョウ,山梨県,甲府市,寿町,0,0,0,0,0,0
19201,400  ,4000014,ヤマナシケン,コウフシ,コフチュウマチ,山梨県,甲府市,古府中町,0,0,0,0,0,0
19201,400  ,4000002,ヤマナシケン,コウフシ,コマツマチ,山梨県,甲府市,小松町,0,0,0,0,0,0
19201,400  ,4000857,ヤマナシケン,コウフシ,サイワイチョウ,山梨県,甲府市,幸町,0,0,0,0,0,0
19201,400  ,4000805,ヤマナシケン,コウフシ,サカオリ,山梨県,甲府市,酒折,0,0,1,0,0,0
19201,400  ,4000804,ヤマナシケン,コウフシ,サカオリチョウ,山梨県,甲府市,酒折町,0,0,0,0,0,0
19201,400  ,4000803,ヤマナシケン,コウフシ,サクライチョウ,山梨県,甲府市,桜井町,0,0,0,0,0,0
19201,400  ,4000822,ヤマナシケン,コウフシ,サトヨシ,山梨県,甲府市,里吉,0,0,1,0,0,0
19201,400  ,4000823,ヤマナシケン,コウフシ,サトヨシチョウ,山梨県,甲府市,里吉町,0,0,0,0,0,0
19201,400  ,4000026,ヤマナシケン,コウフシ,シオベ,山梨県,甲府市,塩部,0,0,1,0,0,0
19201,400  ,4000064,ヤマナシケン,コウフシ,シモイイダ,山梨県,甲府市,下飯田,0,0,1,0,0,0
19201,400  ,4000046,ヤマナシケン,コウフシ,シモイシダ,山梨県,甲府市,下石田,0,0,1,0,0,0
19201,400  ,4000842,ヤマナシケン,コウフシ,シモイマイチョウ,山梨県,甲府市,下今井町,0,0,0,0,0,0
19201,40011,4000082,ヤマナシケン,コウフシ,シモオビナチョウ,山梨県,甲府市,下帯那町,0,0,0,0,0,0
19201,400  ,4000835,ヤマナシケン,コウフシ,シモカジヤマチ,山梨県,甲府市,下鍛冶屋町,0,0,0,0,0,0
19201,400  ,4000068,ヤマナシケン,コウフシ,シモガワラチョウ,山梨県,甲府市,下河原町,0,0,0,0,0,0
19201,400  ,4000853,ヤマナシケン,コウフシ,シモコガワラチョウ,山梨県,甲府市,下小河原町,0,0,0,0,0,0
19201,400  ,4000012,ヤマナシケン,コウフシ,シモセキスイジマチ,山梨県,甲府市,下積翠寺町,0,0,0,0,0,0
19201,40015,4001508,ヤマナシケン,コウフシ,シモソネチョウ,山梨県,甲府市,下曽根町,0,0,0,0,0,0
19201,40015,4001507,ヤマナシケン,コウフシ,シモムコウヤマチョウ,山梨県,甲府市,下向山町,0,0,0,0,0,0
19201,400  ,4000861,ヤマナシケン,コウフシ,ジョウトウ,山梨県,甲府市,城東,0,0,1,0,0,0
19201,40015,4001502,ヤマナシケン,コウフシ,シライチョウ,山梨県,甲府市,白井町,0,0,0,0,0,0
19201,40015,4001503,ヤマナシケン,コウフシ,シンギョウジチョウ,山梨県,甲府市,心経寺町,0,0,0,0,0,0
19201,400  ,4000066,ヤマナシケン,コウフシ,シンデンチョウ,山梨県,甲府市,新田町,0,0,0,0,0,0
19201,400  ,4000821,ヤマナシケン,コウフシ,スナダチョウ,山梨県,甲府市,砂田町,0,0,0,0,0,0
19201,400  ,4000851,ヤマナシケン,コウフシ,スミヨシ,山梨県,甲府市,住吉,0,0,1,0,0,0
19201,400  ,4000852,ヤマナシケン,コウフシ,スミヨシホンチョウ,山梨県,甲府市,住吉本町,0,0,0,0,0,0
19201,400  ,4000806,ヤマナシケン,コウフシ,ゼンコウジ,山梨県,甲府市,善光寺,0,0,1,0,0,0
19201,400  ,4000801,ヤマナシケン,コウフシ,ゼンコウジマチ,山梨県,甲府市,善光寺町,0,0,0,0,0,0
19201,40012,4001219,ヤマナシケン,コウフシ,ソウカザワチョウ,山梨県,甲府市,草鹿沢町,0,0,0,0,0,0
19201,400  ,4000072,ヤマナシケン,コウフシ,ダイワチョウ,山梨県,甲府市,大和町,0,0,0,0,0,0
19201,40012,4001214,ヤマナシケン,コウフシ,タカナリチョウ,山梨県,甲府市,高成町,0,0,0,0,0,0
19201,400  ,4000042,ヤマナシケン,コウフシ,タカバタケ,山梨県,甲府市,高畑,0,0,1,0,0,0
19201,40012,4001212,ヤマナシケン,コウフシ,タカマチ,山梨県,甲府市,高町,0,0,0,0,0,0
19201,400  ,4000057,ヤマナシケン,コウフシ,タカムロチョウ,山梨県,甲府市,高室町,0,0,0,0,0,0
19201,400  ,4000034,ヤマナシケン,コウフシ,タカラ,山梨県,甲府市,宝,0,0,1,0,0,0
19201,400  ,4000016,ヤマナシケン,コウフシ,タケダ,山梨県,甲府市,武田,0,0,1,0,0,0
19201,40012,4001215,ヤマナシケン,コウフシ,タケヒナタマチ,山梨県,甲府市,竹日向町,0,0,0,0,0,0
19201,400  ,4000074,ヤマナシケン,コウフシ,チヅカ,山梨県,甲府市,千塚,0,0,1,0,0,0
19201,400  ,4000032,ヤマナシケン,コウフシ,チュウオウ,山梨県,甲府市,中央,0,0,1,0,0,0
19201,400  ,4000067,ヤマナシケン,コウフシ,チョウショウジチョウ,山梨県,甲府市,長松寺町,0,0,0,0,0,0
19201,400  ,4000003,ヤマナシケン,コウフシ,ツカハラチョウ,山梨県,甲府市,塚原町,0,0,0,0,0,0
19201,400  ,4000006,ヤマナシケン,コウフシ,テンジンチョウ,山梨県,甲府市,天神町,0,0,0,0,0,0
19201,40012,4001216,ヤマナシケン,コウフシ,トウイワチョウ,山梨県,甲府市,塔岩町,0,0,0,0,0,0
19201,400  ,4000807,ヤマナシケン,コウフシ,トウコウジ,山梨県,甲府市,東光寺,0,0,1,0,0,0
19201,400  ,4000808,ヤマナシケン,コウフシ,トウコウジマチ,山梨県,甲府市,東光寺町,0,0,0,0,0,0
19201,400  ,4000047,ヤマナシケン,コウフシ,トクギョウ,山梨県,甲府市,徳行,0,0,1,0,0,0
19201,400  ,4000049,ヤマナシケン,コウフシ,トミタケ,山梨県,甲府市,富竹,0,0,1,0,0,0
19201,400  ,4000855,ヤマナシケン,コウフシ,ナカコガワラ,山梨県,甲府市,中小河原,0,0,1,0,0,0
19201,400  ,4000854,ヤマナシケン,コウフシ,ナカコガワラチョウ,山梨県,甲府市,中小河原町,0,0,0,0,0,0
19201,400  ,4000844,ヤマナシケン,コウフシ,ナカチョウ,山梨県,甲府市,中町,0,0,0,0,0,0
19201,40015,4001505,ヤマナシケン,コウフシ,ナカバタケチョウ,山梨県,甲府市,中畑町,0,0,0,0,0,0
19201,400  ,4000069,ヤマナシケン,コウフシ,ナカムラチョウ,山梨県,甲府市,中村町,0,0,0,0,0,0
19201,400  ,4000825,ヤマナシケン,コウフシ,ナナサワチョウ,山梨県,甲府市,七沢町,0,0,0,0,0,0
19201,400  ,4000833,ヤマナシケン,コウフシ,ニシアブラカワチョウ,山梨県,甲府市,西油川町,0,0,0,0,0,0
19201,400  ,4000054,ヤマナシケン,コウフシ,ニシシモジョウマチ,山梨県,甲府市,西下条町,0,0,0,0,0,0
19201,400  ,4000826,ヤマナシケン,コウフシ,ニシタカハシチョウ,山梨県,甲府市,西高橋町,0,0,0,0,0,0
19201,400  ,4000004,ヤマナシケン,コウフシ,ニシダチョウ,山梨県,甲府市,西田町,0,0,0,0,0,0
19201,400  ,4000071,ヤマナシケン,コウフシ,ハグロチョウ,山梨県,甲府市,羽黒町,0,0,0,0,0,0
19201,400  ,4000843,ヤマナシケン,コウフシ,ヒガシシモジョウマチ,山梨県,甲府市,東下条町,0,0,0,0,0,0
19201,40011,4000083,ヤマナシケン,コウフシ,ヒラセマチ,山梨県,甲府市,平瀬町,0,0,0,0,0,0
19201,400  ,4000027,ヤマナシケン,コウフシ,フジミ,山梨県,甲府市,富士見,0,0,1,0,0,0
19201,400  ,4000051,ヤマナシケン,コウフシ,フルカミジョウマチ,山梨県,甲府市,古上条町,0,0,0,0,0,0
19201,40937,4093712,ヤマナシケン,コウフシ,フルセキマチ,山梨県,甲府市,古関町,0,0,0,0,0,0
19201,400  ,4000056,ヤマナシケン,コウフシ,ホリノウチチョウ,山梨県,甲府市,堀之内町,0,0,0,0,0,0
19201,400  ,4000832,ヤマナシケン,コウフシ,マスツボチョウ,山梨県,甲府市,増坪町,0,0,0,0,0,0
19201,400  ,4000031,ヤマナシケン,コウフシ,マルノウチ,山梨県,甲府市,丸の内,0,0,1,0,0,0
19201,400  ,4000007,ヤマナシケン,コウフシ,ミサキ,山梨県,甲府市,美咲,0,0,1,0,0,0
19201,40012,4001218,ヤマナシケン,コウフシ,ミタケチョウ,山梨県,甲府市,御岳町,0,0,0,0,0,0
19201,400  ,4000008,ヤマナシケン,コウフシ,ミドリガオカ,山梨県,甲府市,緑が丘,0,0,1,0,0,0
19201,400  ,4000863,ヤマナシケン,コウフシ,ミナミグチチョウ,山梨県,甲府市,南口町,0,0,0,0,0,0
19201,400  ,4000058,ヤマナシケン,コウフシ,ミヤバラチョウ,山梨県,甲府市,宮原町,0,0,0,0,0,0
19201,400  ,4000021,ヤマナシケン,コウフシ,ミヤマエチョウ,山梨県,甲府市,宮前町,0,0,0,0,0,0
19201,400  ,4000813,ヤマナシケン,コウフシ,ムコウマチ,山梨県,甲府市,向町,0,0,0,0,0,0
19201,400  ,4000022,ヤマナシケン,コウフシ,モトコンヤマチ,山梨県,甲府市,元紺屋町,0,0,0,0,0,0
19201,400  ,4000017,ヤマナシケン,コウフシ,ヤカタ,山梨県,甲府市,屋形,0,0,1,0,0,0
19201,400  ,4000075,ヤマナシケン,コウフシ,ヤマミヤチョウ,山梨県,甲府市,山宮町,0,0,0,0,0,0
19201,400  ,4000864,ヤマナシケン,コウフシ,ユダ,山梨県,甲府市,湯田,0,0,1,0,0,0
19201,400  ,4000073,ヤマナシケン,コウフシ,ユムラ,山梨県,甲府市,湯村,0,0,1,0,0,0
19201,400  ,4000802,ヤマナシケン,コウフシ,ヨコネマチ,山梨県,甲府市,横根町,0,0,0,0,0,0
19201,400  ,4000827,ヤマナシケン,コウフシ,ヨモギサワ,山梨県,甲府市,蓬沢,0,0,1,0,0,0
19201,400  ,4000824,ヤマナシケン,コウフシ,ヨモギサワマチ,山梨県,甲府市,蓬沢町,0,0,0,0,0,0
19201,400  ,4000866,ヤマナシケン,コウフシ,ワカマツチョウ,山梨県,甲府市,若松町,0,0,0,0,0,0
19201,400  ,4000001,ヤマナシケン,コウフシ,ワダマチ,山梨県,甲府市,和田町,0,0,0,0,0,0
19201,400  ,4000812,ヤマナシケン,コウフシ,ワドマチ,山梨県,甲府市,和戸町,0,0,0,0,0,0
19202,403  ,4030000,ヤマナシケン,フジヨシダシ,イカニケイサイガナイバアイ,山梨県,富士吉田市,以下に掲載がない場合,0,0,0,1,0,0
19202,403  ,4030012,ヤマナシケン,フジヨシダシ,アサヒ,山梨県,富士吉田市,旭,0,0,1,0,0,0
19202,403  ,4030011,ヤマナシケン,フジヨシダシ,アラクラ,山梨県,富士吉田市,新倉,0,0,0,0,0,0
19202,403  ,4030006,ヤマナシケン,フジヨシダシ,アラヤ,山梨県,富士吉田市,新屋,0,0,0,0,0,0
19202,403  ,4030003,ヤマナシケン,フジヨシダシ,オオアスミ,山梨県,富士吉田市,大明見,0,0,1,0,0,0
19202,403  ,4030001,ヤマナシケン,フジヨシダシ,カミクレチ,山梨県,富士吉田市,上暮地,0,0,1,0,0,0
19202,403  ,4030005,ヤマナシケン,フジヨシダシ,カミヨシダ,山梨県,富士吉田市,上吉田,0,0,1,0,0,0
19202,403  ,4030002,ヤマナシケン,フジヨシダシ,コアスミ,山梨県,富士吉田市,小明見,0,0,1,0,0,0
19202,403  ,4030004,ヤマナシケン,フジヨシダシ,シモヨシダ,山梨県,富士吉田市,下吉田,0,0,1,0,0,0
19202,403  ,4030008,ヤマナシケン,フジヨシダシ,シモヨシダヒガシ,山梨県,富士吉田市,下吉田東,0,0,1,0,0,0
19202,403  ,4030017,ヤマナシケン,フジヨシダシ,シンニシハラ,山梨県,富士吉田市,新西原,0,0,1,0,0,0
19202,403  ,4030014,ヤマナシケン,フジヨシダシ,タツガオカ,山梨県,富士吉田市,竜ケ丘,0,0,1,0,0,0
19202,403  ,4030015,ヤマナシケン,フジヨシダシ,トキワダイ,山梨県,富士吉田市,ときわ台,0,0,1,0,0,0
19202,403  ,4030007,ヤマナシケン,フジヨシダシ,ナカゾネ,山梨県,富士吉田市,中曽根,0,0,1,0,0,0
19202,403  ,4030009,ヤマナシケン,フジヨシダシ,フジミ,山梨県,富士吉田市,富士見,0,0,1,0,0,0
19202,403  ,4030016,ヤマナシケン,フジヨシダシ,マツヤマ,山梨県,富士吉田市,松山,0,0,0,0,0,0
19202,403  ,4030013,ヤマナシケン,フジヨシダシ,ミドリガオカ,山梨県,富士吉田市,緑ケ丘,0,0,1,0,0,0
19202,403  ,4030018,ヤマナシケン,フジヨシダシ,ムカイバラ,山梨県,富士吉田市,向原,0,0,1,0,0,0
19204,402  ,4020000,ヤマナシケン,ツルシ,イカニケイサイガナイバアイ,山梨県,都留市,以下に掲載がない場合,0,0,0,0,0,0
19204,402  ,4020015,ヤマナシケン,ツルシ,アサヒソシ,山梨県,都留市,朝日曽雌,0,0,0,0,0,0
19204,402  ,4020014,ヤマナシケン,ツルシ,アサヒババ,山梨県,都留市,朝日馬場,0,0,0,0,0,0
19204,402  ,4020042,ヤマナシケン,ツルシ,アツハラ,山梨県,都留市,厚原,0,0,0,0,0,0
19204,402  ,4020011,ヤマナシケン,ツルシ,イグラ,山梨県,都留市,井倉,0,0,0,0,0,0
19204,402  ,4020023,ヤマナシケン,ツルシ,オオノ,山梨県,都留市,大野,0,0,0,0,0,0
19204,402  ,4020045,ヤマナシケン,ツルシ,オオハタ,山梨県,都留市,大幡,0,0,0,0,0,0
19204,402  ,4020002,ヤマナシケン,ツルシ,オオハラ,山梨県,都留市,大原,0,0,0,0,0,0
19204,402  ,4020006,ヤマナシケン,ツルシ,オガタヤマ,山梨県,都留市,小形山,0,0,0,0,0,0
19204,402  ,4020024,ヤマナシケン,ツルシ,オノ,山梨県,都留市,小野,0,0,0,0,0,0
19204,402  ,4020034,ヤマナシケン,ツルシ,カツラマチ,山梨県,都留市,桂町,0,0,0,0,0,0
19204,402  ,4020041,ヤマナシケン,ツルシ,カナイ,山梨県,都留市,金井,0,0,0,0,0,0
19204,402  ,4020044,ヤマナシケン,ツルシ,カハタ,山梨県,都留市,加畑,0,0,0,0,0,0
19204,402  ,4020053,ヤマナシケン,ツルシ,カミヤ,山梨県,都留市,上谷,0,0,1,0,0,0
19204,402  ,4020055,ヤマナシケン,ツルシ,カワダナ,山梨県,都留市,川棚,0,0,0,0,0,0
19204,402  ,4020003,ヤマナシケン,ツルシ,カワモ,山梨県,都留市,川茂,0,0,0,0,0,0
19204,402  ,4020033,ヤマナシケン,ツルシ,サカイ,山梨県,都留市,境,0,0,0,0,0,0
19204,402  ,4020032,ヤマナシケン,ツルシ,シシドメ,山梨県,都留市,鹿留,0,0,0,0,0,0
19204,402  ,4020051,ヤマナシケン,ツルシ,シモヤ,山梨県,都留市,下谷,0,0,1,0,0,0
19204,402  ,4020001,ヤマナシケン,ツルシ,タノクラ,山梨県,都留市,田野倉,0,0,0,0,0,0
19204,402  ,4020054,ヤマナシケン,ツルシ,タハラ,山梨県,都留市,田原,0,0,1,0,0,0
19204,402  ,4020021,ヤマナシケン,ツルシ,タマガワ,山梨県,都留市,玉川,0,0,0,0,0,0
19204,402  ,4020052,ヤマナシケン,ツルシ,チュウオウ,山梨県,都留市,中央,0,0,1,0,0,0
19204,402  ,4020056,ヤマナシケン,ツルシ,ツル,山梨県,都留市,つる,0,0,1,0,0,0
19204,402  ,4020031,ヤマナシケン,ツルシ,トオカイチバ,山梨県,都留市,十日市場,0,0,0,0,0,0
19204,402  ,4020022,ヤマナシケン,ツルシ,トザワ,山梨県,都留市,戸沢,0,0,0,0,0,0
19204,402  ,4020046,ヤマナシケン,ツルシ,ナカツモリ,山梨県,都留市,中津森,0,0,0,0,0,0
19204,402  ,4020035,ヤマナシケン,ツルシ,ナツガリ,山梨県,都留市,夏狩,0,0,0,0,0,0
19204,402  ,4020043,ヤマナシケン,ツルシ,ヒラグリ,山梨県,都留市,平栗,0,0,0,0,0,0
19204,402  ,4020004,ヤマナシケン,ツルシ,フルカワド,山梨県,都留市,古川渡,0,0,0,0,0,0
19204,402  ,4020025,ヤマナシケン,ツルシ,ホウノウ,山梨県,都留市,法能,0,0,0,0,0,0
19204,402  ,4020013,ヤマナシケン,ツルシ,モリサト,山梨県,都留市,盛里,0,0,0,0,0,0
19204,402  ,4020005,ヤマナシケン,ツルシ,ヨッカイチバ,山梨県,都留市,四日市場,0,0,0,0,0,0
19204,402  ,4020012,ヤマナシケン,ツルシ,ヨナワ,山梨県,都留市,与縄,0,0,0,0,0,0
19205,405  ,4050000,ヤマナシケン,ヤマナシシ,イカニケイサイガナイバアイ,山梨県,山梨市,以下に掲載がない場合,0,0,0,0,0,0
19205,405  ,4050044,ヤマナシケン,ヤマナシシ,イチガワ,山梨県,山梨市,市川,0,0,0,0,0,0
19205,405  ,4050025,ヤマナシケン,ヤマナシシ,イッチョウタナカ,山梨県,山梨市,一町田中,0,0,0,0,0,0
19205,405  ,4050024,ヤマナシケン,ヤマナシシ,ウタダ,山梨県,山梨市,歌田,0,0,0,0,0,0
19205,405  ,4050043,ヤマナシケン,ヤマナシシ,エゾハラ,山梨県,山梨市,江曽原,0,0,0,0,0,0
19205,405  ,4050016,ヤマナシケン,ヤマナシシ,オオノ,山梨県,山梨市,大野,0,0,0,0,0,0
19205,405  ,4050033,ヤマナシケン,ヤマナシシ,オチアイ,山梨県,山梨市,落合,0,0,0,0,0,0
19205,405  ,4050014,ヤマナシケン,ヤマナシシ,カミイシモリ,山梨県,山梨市,上石森,0,0,0,0,0,0
19205,405  ,4050034,ヤマナシケン,ヤマナシシ,カミイワシタ,山梨県,山梨市,上岩下,0,0,0,0,0,0
19205,405  ,4050018,ヤマナシケン,ヤマナシシ,カミカノガワ,山梨県,山梨市,上神内川,0,0,0,0,0,0
19205,405  ,4050022,ヤマナシケン,ヤマナシシ,カミクリバラ,山梨県,山梨市,上栗原,0,0,0,0,0,0
19205,405  ,4050004,ヤマナシケン,ヤマナシシ,カミノワリ,山梨県,山梨市,上之割,0,0,0,0,0,0
19205,405  ,4050013,ヤマナシケン,ヤマナシシ,カモイデラ,山梨県,山梨市,鴨居寺,0,0,0,0,0,0
19205,405  ,4050041,ヤマナシケン,ヤマナシシ,キタ,山梨県,山梨市,北,0,0,0,0,0,0
19205,405  ,4050048,ヤマナシケン,ヤマナシシ,キッサツ,山梨県,山梨市,切差,0,0,0,0,0,0
19205,405  ,4050005,ヤマナシケン,ヤマナシシ,コバラヒガシ,山梨県,山梨市,小原東,0,0,0,0,0,0
19205,405  ,4050006,ヤマナシケン,ヤマナシシ,コバラニシ,山梨県,山梨市,小原西,0,0,0,0,0,0
19205,405  ,4050011,ヤマナシケン,ヤマナシシ,サンガショ,山梨県,山梨市,三ケ所,0,0,0,0,0,0
19205,405  ,4050015,ヤマナシケン,ヤマナシシ,シモイシモリ,山梨県,山梨市,下石森,0,0,0,0,0,0
19205,405  ,4050003,ヤマナシケン,ヤマナシシ,シモイジリ,山梨県,山梨市,下井尻,0,0,0,0,0,0
19205,405  ,4050017,ヤマナシケン,ヤマナシシ,シモカノガワ,山梨県,山梨市,下神内川,0,0,0,0,0,0
19205,405  ,4050023,ヤマナシケン,ヤマナシシ,シモクリバラ,山梨県,山梨市,下栗原,0,0,0,0,0,0
19205,405  ,4050032,ヤマナシケン,ヤマナシシ,ショウトクジ,山梨県,山梨市,正徳寺,0,0,0,0,0,0
19205,405  ,4050045,ヤマナシケン,ヤマナシシ,ダイク,山梨県,山梨市,大工,0,0,0,0,0,0
19205,405  ,4050021,ヤマナシケン,ヤマナシシ,ナカムラ,山梨県,山梨市,中村,0,0,0,0,0,0
19205,405  ,4050007,ヤマナシケン,ヤマナシシ,ナノカイチバ,山梨県,山梨市,七日市場,0,0,0,0,0,0
19205,405  ,4050001,ヤマナシケン,ヤマナシシ,ニシ,山梨県,山梨市,西,0,0,0,0,0,0
19205,405  ,4050002,ヤマナシケン,ヤマナシシ,ヒガシ,山梨県,山梨市,東,0,0,0,0,0,0
19205,405  ,4050012,ヤマナシケン,ヤマナシシ,ヒガシゴヤシキ,山梨県,山梨市,東後屋敷,0,0,0,0,0,0
19205,405  ,4050046,ヤマナシケン,ヤマナシシ,ホリノウチ,山梨県,山梨市,堀内,0,0,0,0,0,0
19205,404  ,4040007,ヤマナシケン,ヤマナシシ,マキオカチョウキタバラ,山梨県,山梨市,牧丘町北原,0,0,0,0,0,0
19205,404  ,4040013,ヤマナシケン,ヤマナシシ,マキオカチョウクボダイラ,山梨県,山梨市,牧丘町窪平,0,0,0,0,0,0
19205,404  ,4040003,ヤマナシケン,ヤマナシシ,マキオカチョウクラシナ,山梨県,山梨市,牧丘町倉科,0,0,0,0,0,0
19205,404  ,4040015,ヤマナシケン,ヤマナシシ,マキオカチョウジョウコジ,山梨県,山梨市,牧丘町城古寺,0,0,0,0,0,0
19205,404  ,4040002,ヤマナシケン,ヤマナシシ,マキオカチョウソマグチ,山梨県,山梨市,牧丘町杣口,0,0,0,0,0,0
19205,404  ,4040016,ヤマナシケン,ヤマナシシ,マキオカチョウチノノミヤ,山梨県,山梨市,牧丘町千野々宮,0,0,0,0,0,0
19205,404  ,4040011,ヤマナシケン,ヤマナシシ,マキオカチョウナルサワ,山梨県,山梨市,牧丘町成沢,0,0,0,0,0,0
19205,404  ,4040004,ヤマナシケン,ヤマナシシ,マキオカチョウニシホシモ,山梨県,山梨市,牧丘町西保下,0,0,0,0,0,0
19205,404  ,4040005,ヤマナシケン,ヤマナシシ,マキオカチョウニシホナカ,山梨県,山梨市,牧丘町西保中,0,0,0,0,0,0
19205,404  ,4040014,ヤマナシケン,ヤマナシシ,マキオカチョウハヤブサ,山梨県,山梨市,牧丘町隼,0,0,0,0,0,0
19205,404  ,4040006,ヤマナシケン,ヤマナシシ,マキオカチョウマキダイラ,山梨県,山梨市,牧丘町牧平,0,0,0,0,0,0
19205,404  ,4040012,ヤマナシケン,ヤマナシシ,マキオカチョウムロフシ,山梨県,山梨市,牧丘町室伏,0,0,0,0,0,0
19205,404  ,4040001,ヤマナシケン,ヤマナシシ,マキオカチョウヤナギダイラ,山梨県,山梨市,牧丘町柳平,0,0,0,0,0,0
19205,405  ,4050031,ヤマナシケン,ヤマナシシ,マンリキ,山梨県,山梨市,万力,0,0,0,0,0,0
19205,405  ,4050047,ヤマナシケン,ヤマナシシ,ミズクチ,山梨県,山梨市,水口,0,0,0,0,0,0
19205,40402,4040206,ヤマナシケン,ヤマナシシ,ミトミカミカマクチ,山梨県,山梨市,三富上釜口,0,0,0,0,0,0
19205,40402,4040202,ヤマナシケン,ヤマナシシ,ミトミカミユノキ,山梨県,山梨市,三富上柚木,0,0,0,0,0,0
19205,40402,4040201,ヤマナシケン,ヤマナシシ,ミトミカワウラ,山梨県,山梨市,三富川浦,0,0,0,0,0,0
19205,40402,4040203,ヤマナシケン,ヤマナシシ,ミトミシモオギハラ,山梨県,山梨市,三富下荻原,0,0,0,0,0,0
19205,40402,4040204,ヤマナシケン,ヤマナシシ,ミトミシモカマクチ,山梨県,山梨市,三富下釜口,0,0,0,0,0,0
19205,40402,4040205,ヤマナシケン,ヤマナシシ,ミトミトクワ,山梨県,山梨市,三富徳和,0,0,0,0,0,0
19205,405  ,4050042,ヤマナシケン,ヤマナシシ,ミナミ,山梨県,山梨市,南,0,0,0,0,0,0
19205,405  ,4050036,ヤマナシケン,ヤマナシシ,ヤツボ,山梨県,山梨市,矢坪,0,0,0,0,0,0
19205,405  ,4050035,ヤマナシケン,ヤマナシシ,ヤマネ,山梨県,山梨市,山根,0,0,0,0,0,0
19206,401  ,4010000,ヤマナシケン,オオツキシ,イカニケイサイガナイバアイ,山梨県,大月市,以下に掲載がない場合,0,0,0,0,0,0
19206,401  ,4010013,ヤマナシケン,オオツキシ,オオツキ(1-3チョウメ),山梨県,大月市,大月（１〜３丁目）,0,0,1,0,0,0
19206,401  ,4010014,ヤマナシケン,オオツキシ,オオツキマチオオツキ,山梨県,大月市,大月町大月,0,0,0,0,0,0
19206,401  ,4010015,ヤマナシケン,オオツキシ,オオツキマチハナサキ,山梨県,大月市,大月町花咲,0,0,0,0,0,0
19206,401  ,4010016,ヤマナシケン,オオツキシ,オオツキマチマギ,山梨県,大月市,大月町真木,0,0,0,0,0,0
19206,401  ,4010011,ヤマナシケン,オオツキシ,コマハシ,山梨県,大月市,駒橋,0,0,1,0,0,0
19206,401  ,4010025,ヤマナシケン,オオツキシ,ササゴマチクロノダ,山梨県,大月市,笹子町黒野田,0,0,0,0,0,0
19206,401  ,4010023,ヤマナシケン,オオツキシ,ササゴマチシラノ,山梨県,大月市,笹子町白野,0,0,0,0,0,0
19206,401  ,4010024,ヤマナシケン,オオツキシ,ササゴマチヨシクボ,山梨県,大月市,笹子町吉久保,0,0,0,0,0,0
19206,40906,4090615,ヤマナシケン,オオツキシ,サルハシマチアサヒオザワ,山梨県,大月市,猿橋町朝日小沢,0,0,0,0,0,0
19206,40906,4090613,ヤマナシケン,オオツキシ,サルハシマチイラバラ,山梨県,大月市,猿橋町伊良原,0,0,0,0,0,0
19206,40906,4090616,ヤマナシケン,オオツキシ,サルハシマチオザワ,山梨県,大月市,猿橋町小沢,0,0,0,0,0,0
19206,40906,4090611,ヤマナシケン,オオツキシ,サルハシマチオシノ,山梨県,大月市,猿橋町小篠,0,0,0,0,0,0
19206,40906,4090618,ヤマナシケン,オオツキシ,サルハシマチカツラダイ,山梨県,大月市,猿橋町桂台,0,0,1,0,0,0
19206,40906,4090614,ヤマナシケン,オオツキシ,サルハシマチサルハシ,山梨県,大月市,猿橋町猿橋,0,0,0,0,0,0
19206,40906,4090617,ヤマナシケン,オオツキシ,サルハシマチトノウエ,山梨県,大月市,猿橋町殿上,0,0,0,0,0,0
19206,40906,4090612,ヤマナシケン,オオツキシ,サルハシマチフジサキ,山梨県,大月市,猿橋町藤崎,0,0,0,0,0,0
19206,40905,4090502,ヤマナシケン,オオツキシ,トミハママチトリサワ,山梨県,大月市,富浜町鳥沢,0,0,0,0,0,0
19206,40905,4090501,ヤマナシケン,オオツキシ,トミハママチミヤタニ,山梨県,大月市,富浜町宮谷,0,0,0,0,0,0
19206,40906,4090621,ヤマナシケン,オオツキシ,ナナホマチアサカワ,山梨県,大月市,七保町浅川,0,0,0,0,0,0
19206,40906,4090623,ヤマナシケン,オオツキシ,ナナホマチカズノ,山梨県,大月市,七保町葛野,0,0,0,0,0,0
19206,40906,4090627,ヤマナシケン,オオツキシ,ナナホマチコマミヤ,山梨県,大月市,七保町駒宮,0,0,0,0,0,0
19206,40906,4090622,ヤマナシケン,オオツキシ,ナナホマチシモワダ,山梨県,大月市,七保町下和田,0,0,0,0,0,0
19206,40906,4090626,ヤマナシケン,オオツキシ,ナナホマチセト,山梨県,大月市,七保町瀬戸,0,0,0,0,0,0
19206,40906,4090625,ヤマナシケン,オオツキシ,ナナホマチナラゴ,山梨県,大月市,七保町奈良子,0,0,0,0,0,0
19206,40906,4090624,ヤマナシケン,オオツキシ,ナナホマチハヤシ,山梨県,大月市,七保町林,0,0,0,0,0,0
19206,401  ,4010005,ヤマナシケン,オオツキシ,ニギオカマチアサリ,山梨県,大月市,賑岡町浅利,0,0,0,0,0,0
19206,401  ,4010002,ヤマナシケン,オオツキシ,ニギオカマチイワドノ,山梨県,大月市,賑岡町岩殿,0,0,0,0,0,0
19206,401  ,4010006,ヤマナシケン,オオツキシ,ニギオカマチオクヤマ,山梨県,大月市,賑岡町奥山,0,0,0,0,0,0
19206,401  ,4010004,ヤマナシケン,オオツキシ,ニギオカマチコワゼ,山梨県,大月市,賑岡町強瀬,0,0,0,0,0,0
19206,401  ,4010001,ヤマナシケン,オオツキシ,ニギオカマチハタグラ,山梨県,大月市,賑岡町畑倉,0,0,0,0,0,0
19206,401  ,4010003,ヤマナシケン,オオツキシ,ニギオカマチユリガオカ,山梨県,大月市,賑岡町ゆりケ丘,0,0,0,0,0,0
19206,401  ,4010021,ヤマナシケン,オオツキシ,ハツカリマチシモハツカリ,山梨県,大月市,初狩町下初狩,0,0,0,0,0,0
19206,401  ,4010022,ヤマナシケン,オオツキシ,ハツカリマチナカハツカリ,山梨県,大月市,初狩町中初狩,0,0,0,0,0,0
19206,401  ,4010012,ヤマナシケン,オオツキシ,ミタチ,山梨県,大月市,御太刀,0,0,1,0,0,0
19206,40905,4090504,ヤマナシケン,オオツキシ,ヤナガワマチアラクラ,山梨県,大月市,梁川町新倉,0,0,0,0,0,0
19206,40905,4090505,ヤマナシケン,オオツキシ,ヤナガワマチシオゼ,山梨県,大月市,梁川町塩瀬,0,0,0,0,0,0
19206,40905,4090506,ヤマナシケン,オオツキシ,ヤナガワマチタチノ,山梨県,大月市,梁川町立野,0,0,0,0,0,0
19206,40905,4090503,ヤマナシケン,オオツキシ,ヤナガワマチツナノウエ,山梨県,大月市,梁川町綱の上,0,0,0,0,0,0
19207,407  ,4070000,ヤマナシケン,ニラサキシ,イカニケイサイガナイバアイ,山梨県,韮崎市,以下に掲載がない場合,0,0,0,0,0,0
19207,407  ,4070045,ヤマナシケン,ニラサキシ,アサヒマチカミジョウナカワリ,山梨県,韮崎市,旭町上條中割,0,0,0,0,0,0
19207,407  ,4070046,ヤマナシケン,ニラサキシ,アサヒマチカミジョウミナミワリ,山梨県,韮崎市,旭町上條南割,0,0,0,0,0,0
19207,407  ,4070044,ヤマナシケン,ニラサキシ,アサヒマチカミジョウキタワリ,山梨県,韮崎市,旭町上條北割,0,0,0,0,0,0
19207,40702,4070263,ヤマナシケン,ニラサキシ,アナヤママチ,山梨県,韮崎市,穴山町,0,0,0,0,0,0
19207,407  ,4070012,ヤマナシケン,ニラサキシ,イワシタ,山梨県,韮崎市,岩下,0,0,0,0,0,0
19207,407  ,4070011,ヤマナシケン,ニラサキシ,ウエノヤマ,山梨県,韮崎市,上ノ山,0,0,0,0,0,0
19207,407  ,4070036,ヤマナシケン,ニラサキシ,オオクサマチカミジョウヒガシワリ,山梨県,韮崎市,大草町上條東割,0,0,0,0,0,0
19207,407  ,4070035,ヤマナシケン,ニラサキシ,オオクサマチシモジョウニシワリ,山梨県,韮崎市,大草町下條西割,0,0,0,0,0,0
19207,407  ,4070034,ヤマナシケン,ニラサキシ,オオクサマチシモジョウナカワリ,山梨県,韮崎市,大草町下條中割,0,0,0,0,0,0
19207,407  ,4070037,ヤマナシケン,ニラサキシ,オオクサマチワカオ,山梨県,韮崎市,大草町若尾,0,0,0,0,0,0
19207,407  ,4070007,ヤマナシケン,ニラサキシ,カミウバイシ,山梨県,韮崎市,上祖母石,0,0,0,0,0,0
19207,407  ,4070042,ヤマナシケン,ニラサキシ,カミヤママチキタミヤジ,山梨県,韮崎市,神山町北宮地,0,0,0,0,0,0
19207,407  ,4070041,ヤマナシケン,ニラサキシ,カミヤママチタケタ,山梨県,韮崎市,神山町武田,0,0,0,0,0,0
19207,407  ,4070043,ヤマナシケン,ニラサキシ,カミヤママチナベヤマ,山梨県,韮崎市,神山町鍋山,0,0,0,0,0,0
19207,407  ,4070025,ヤマナシケン,ニラサキシ,サカエ,山梨県,韮崎市,栄,0,0,1,0,0,0
19207,407  ,4070006,ヤマナシケン,ニラサキシ,シモウバイシ,山梨県,韮崎市,下祖母石,0,0,0,0,0,0
19207,407  ,4070022,ヤマナシケン,ニラサキシ,スイジン,山梨県,韮崎市,水神,0,0,1,0,0,0
19207,407  ,4070055,ヤマナシケン,ニラサキシ,セイテツマチアオキ,山梨県,韮崎市,清哲町青木,0,0,0,0,0,0
19207,407  ,4070054,ヤマナシケン,ニラサキシ,セイテツマチオリイ,山梨県,韮崎市,清哲町折居,0,0,0,0,0,0
19207,407  ,4070057,ヤマナシケン,ニラサキシ,セイテツマチヒノグチ,山梨県,韮崎市,清哲町樋口,0,0,0,0,0,0
19207,407  ,4070058,ヤマナシケン,ニラサキシ,セイテツマチミズカミ,山梨県,韮崎市,清哲町水上,0,0,0,0,0,0
19207,407  ,4070032,ヤマナシケン,ニラサキシ,タツオカマチシモジョウヒガシワリ,山梨県,韮崎市,龍岡町下條東割,0,0,0,0,0,0
19207,407  ,4070033,ヤマナシケン,ニラサキシ,タツオカマチシモジョウミナミワリ,山梨県,韮崎市,龍岡町下條南割,0,0,0,0,0,0
19207,407  ,4070031,ヤマナシケン,ニラサキシ,タツオカマチワカオシンデン,山梨県,韮崎市,龍岡町若尾新田,0,0,0,0,0,0
19207,407  ,4070023,ヤマナシケン,ニラサキシ,チュウオウチョウ,山梨県,韮崎市,中央町,0,0,0,0,0,0
19207,407  ,4070013,ヤマナシケン,ニラサキシ,ナカジマ,山梨県,韮崎市,中島,0,0,1,0,0,0
19207,40702,4070261,ヤマナシケン,ニラサキシ,ナカダマチコタガワ,山梨県,韮崎市,中田町小田川,0,0,0,0,0,0
19207,40702,4070262,ヤマナシケン,ニラサキシ,ナカダマチナカジョウ,山梨県,韮崎市,中田町中條,0,0,0,0,0,0
19207,407  ,4070005,ヤマナシケン,ニラサキシ,ヒトツヤ,山梨県,韮崎市,一ツ谷,0,0,0,0,0,0
19207,407  ,4070001,ヤマナシケン,ニラサキシ,フジイマチコマイ,山梨県,韮崎市,藤井町駒井,0,0,0,0,0,0
19207,407  ,4070002,ヤマナシケン,ニラサキシ,フジイマチサカイ,山梨県,韮崎市,藤井町坂井,0,0,0,0,0,0
19207,407  ,4070004,ヤマナシケン,ニラサキシ,フジイマチミナミゲジョウ,山梨県,韮崎市,藤井町南下條,0,0,0,0,0,0
19207,407  ,4070003,ヤマナシケン,ニラサキシ,フジイマチキタゲジョウ,山梨県,韮崎市,藤井町北下條,0,0,0,0,0,0
19207,407  ,4070014,ヤマナシケン,ニラサキシ,フジミ,山梨県,韮崎市,富士見,0,0,1,0,0,0
19207,407  ,4070021,ヤマナシケン,ニラサキシ,フジミガオカ,山梨県,韮崎市,富士見ケ丘,0,0,1,0,0,0
19207,40701,4070172,ヤマナシケン,ニラサキシ,ホサカマチカミイマイ,山梨県,韮崎市,穂坂町上今井,0,0,0,0,0,0
19207,40701,4070176,ヤマナシケン,ニラサキシ,ホサカマチサンノクラ,山梨県,韮崎市,穂坂町三之蔵,0,0,0,0,0,0
19207,40701,4070173,ヤマナシケン,ニラサキシ,ホサカマチナガクボ,山梨県,韮崎市,穂坂町長久保,0,0,0,0,0,0
19207,40701,4070174,ヤマナシケン,ニラサキシ,ホサカマチミツサワ,山梨県,韮崎市,穂坂町三ツ沢,0,0,0,0,0,0
19207,40701,4070175,ヤマナシケン,ニラサキシ,ホサカマチミヤクボ,山梨県,韮崎市,穂坂町宮久保,0,0,0,0,0,0
19207,40701,4070171,ヤマナシケン,ニラサキシ,ホサカマチヤナギダイラ,山梨県,韮崎市,穂坂町柳平,0,0,0,0,0,0
19207,407  ,4070024,ヤマナシケン,ニラサキシ,ホンチョウ,山梨県,韮崎市,本町,0,0,1,0,0,0
19207,407  ,4070051,ヤマナシケン,ニラサキシ,マルノマチカミツブライ,山梨県,韮崎市,円野町上円井,0,0,0,0,0,0
19207,407  ,4070052,ヤマナシケン,ニラサキシ,マルノマチシモツブライ,山梨県,韮崎市,円野町下円井,0,0,0,0,0,0
19207,407  ,4070053,ヤマナシケン,ニラサキシ,マルノマチニットノ,山梨県,韮崎市,円野町入戸野,0,0,0,0,0,0
19207,407  ,4070015,ヤマナシケン,ニラサキシ,ワカミヤ,山梨県,韮崎市,若宮,0,0,1,0,0,0
19208,40004,4000400,ヤマナシケン,ミナミアルプスシ,イカニケイサイガナイバアイ,山梨県,南アルプス市,以下に掲載がない場合,0,0,0,0,0,0
19208,40004,4000424,ヤマナシケン,ミナミアルプスシ,アキヤマ,山梨県,南アルプス市,秋山,0,0,0,0,0,0
19208,40003,4000333,ヤマナシケン,ミナミアルプスシ,アサバラ,山梨県,南アルプス市,浅原,0,0,0,0,0,0
19208,40002,4000241,ヤマナシケン,ミナミアルプスシ,アシヤスアシクラ,山梨県,南アルプス市,芦安芦倉,0,0,0,0,0,0
19208,40002,4000242,ヤマナシケン,ミナミアルプスシ,アシヤスアンツウ,山梨県,南アルプス市,芦安安通,0,0,0,0,0,0
19208,40003,4000319,ヤマナシケン,ミナミアルプスシ,アヤメガオカ,山梨県,南アルプス市,あやめが丘,0,0,0,0,0,0
19208,40004,4000403,ヤマナシケン,ミナミアルプスシ,アユザワ,山梨県,南アルプス市,鮎沢,0,0,0,0,0,0
19208,40002,4000226,ヤマナシケン,ミナミアルプスシ,アリノ,山梨県,南アルプス市,有野,0,0,0,0,0,0
19208,40002,4000222,ヤマナシケン,ミナミアルプスシ,イイノ,山梨県,南アルプス市,飯野,0,0,0,0,0,0
19208,40002,4000224,ヤマナシケン,ミナミアルプスシ,イイノシンデン,山梨県,南アルプス市,飯野新田,0,0,0,0,0,0
19208,40004,4000413,ヤマナシケン,ミナミアルプスシ,イズミ,山梨県,南アルプス市,和泉,0,0,0,0,0,0
19208,40003,4000315,ヤマナシケン,ミナミアルプスシ,ウエノ,山梨県,南アルプス市,上野,0,0,0,0,0,0
19208,40002,4000215,ヤマナシケン,ミナミアルプスシ,ウエハッタ,山梨県,南アルプス市,上八田,0,0,0,0,0,0
19208,40002,4000204,ヤマナシケン,ミナミアルプスシ,エノキハラ,山梨県,南アルプス市,榎原,0,0,0,0,0,0
19208,40004,4000401,ヤマナシケン,ミナミアルプスシ,エバラ,山梨県,南アルプス市,江原,0,0,0,0,0,0
19208,40002,4000234,ヤマナシケン,ミナミアルプスシ,オオアラシ,山梨県,南アルプス市,大嵐,0,0,0,0,0,0
19208,40003,4000306,ヤマナシケン,ミナミアルプスシ,オガサハラ,山梨県,南アルプス市,小笠原,0,0,0,0,0,0
19208,40004,4000423,ヤマナシケン,ミナミアルプスシ,オチアイ,山梨県,南アルプス市,落合,0,0,0,0,0,0
19208,40003,4000335,ヤマナシケン,ミナミアルプスシ,カガミ,山梨県,南アルプス市,加賀美,0,0,0,0,0,0
19208,40003,4000332,ヤマナシケン,ミナミアルプスシ,カガミナカジョウ,山梨県,南アルプス市,鏡中條,0,0,0,0,0,0
19208,40003,4000317,ヤマナシケン,ミナミアルプスシ,カミイチノセ,山梨県,南アルプス市,上市之瀬,0,0,0,0,0,0
19208,40003,4000303,ヤマナシケン,ミナミアルプスシ,カミイマイ,山梨県,南アルプス市,上今井,0,0,0,0,0,0
19208,40002,4000211,ヤマナシケン,ミナミアルプスシ,カミイマスワ,山梨県,南アルプス市,上今諏訪,0,0,0,0,0,0
19208,40002,4000201,ヤマナシケン,ミナミアルプスシ,カミタカスナ,山梨県,南アルプス市,上高砂,0,0,0,0,0,0
19208,40003,4000312,ヤマナシケン,ミナミアルプスシ,カミミヤジ,山梨県,南アルプス市,上宮地,0,0,0,0,0,0
19208,40004,4000421,ヤマナシケン,ミナミアルプスシ,カワカミ,山梨県,南アルプス市,川上,0,0,0,0,0,0
19208,40003,4000311,ヤマナシケン,ミナミアルプスシ,クルワダ,山梨県,南アルプス市,曲輪田,0,0,0,0,0,0
19208,40002,4000223,ヤマナシケン,ミナミアルプスシ,クルワダシンデン,山梨県,南アルプス市,曲輪田新田,0,0,0,0,0,0
19208,40002,4000232,ヤマナシケン,ミナミアルプスシ,コマバ,山梨県,南アルプス市,駒場,0,0,0,0,0,0
19208,40002,4000221,ヤマナシケン,ミナミアルプスシ,ザイケツカ,山梨県,南アルプス市,在家塚,0,0,0,0,0,0
19208,40003,4000302,ヤマナシケン,ミナミアルプスシ,サワノボリ,山梨県,南アルプス市,沢登,0,0,0,0,0,0
19208,40002,4000231,ヤマナシケン,ミナミアルプスシ,シオノマエ,山梨県,南アルプス市,塩前,0,0,0,0,0,0
19208,40004,4000417,ヤマナシケン,ミナミアルプスシ,シミズ,山梨県,南アルプス市,清水,0,0,0,0,0,0
19208,40003,4000314,ヤマナシケン,ミナミアルプスシ,シモイチノセ,山梨県,南アルプス市,下市之瀬,0,0,0,0,0,0
19208,40003,4000331,ヤマナシケン,ミナミアルプスシ,シモイマイ,山梨県,南アルプス市,下今井,0,0,0,0,0,0
19208,40002,4000212,ヤマナシケン,ミナミアルプスシ,シモイマスワ,山梨県,南アルプス市,下今諏訪,0,0,0,0,0,0
19208,40002,4000202,ヤマナシケン,ミナミアルプスシ,シモタカスナ,山梨県,南アルプス市,下高砂,0,0,0,0,0,0
19208,40004,4000405,ヤマナシケン,ミナミアルプスシ,シモミヤジ,山梨県,南アルプス市,下宮地,0,0,0,0,0,0
19208,40003,4000305,ヤマナシケン,ミナミアルプスシ,ジュウゴショ,山梨県,南アルプス市,十五所,0,0,0,0,0,0
19208,40002,4000233,ヤマナシケン,ミナミアルプスシ,スサワ,山梨県,南アルプス市,須沢,0,0,0,0,0,0
19208,40004,4000416,ヤマナシケン,ミナミアルプスシ,ダイシ,山梨県,南アルプス市,大師,0,0,0,0,0,0
19208,40003,4000318,ヤマナシケン,ミナミアルプスシ,タカオ,山梨県,南アルプス市,高尾,0,0,0,0,0,0
19208,40004,4000402,ヤマナシケン,ミナミアルプスシ,タジマ,山梨県,南アルプス市,田島,0,0,0,0,0,0
19208,40004,4000426,ヤマナシケン,ミナミアルプスシ,ツカハラ,山梨県,南アルプス市,塚原,0,0,0,0,0,0
19208,40002,4000225,ヤマナシケン,ミナミアルプスシ,ツクヤマ,山梨県,南アルプス市,築山,0,0,0,0,0,0
19208,40003,4000337,ヤマナシケン,ミナミアルプスシ,テラベ,山梨県,南アルプス市,寺部,0,0,0,0,0,0
19208,40003,4000334,ヤマナシケン,ミナミアルプスシ,トウダ,山梨県,南アルプス市,藤田,0,0,0,0,0,0
19208,40002,4000214,ヤマナシケン,ミナミアルプスシ,ドウドウ,山梨県,南アルプス市,百々,0,0,0,0,0,0
19208,40003,4000336,ヤマナシケン,ミナミアルプスシ,トウカイチバ,山梨県,南アルプス市,十日市場,0,0,0,0,0,0
19208,40002,4000203,ヤマナシケン,ミナミアルプスシ,トクナガ,山梨県,南アルプス市,徳永,0,0,0,0,0,0
19208,40004,4000414,ヤマナシケン,ミナミアルプスシ,トダ,山梨県,南アルプス市,戸田,0,0,0,0,0,0
19208,40003,4000316,ヤマナシケン,ミナミアルプスシ,ナカノ,山梨県,南アルプス市,中野,0,0,0,0,0,0
19208,40004,4000411,ヤマナシケン,ミナミアルプスシ,ニシナンゴ,山梨県,南アルプス市,西南湖,0,0,0,0,0,0
19208,40002,4000213,ヤマナシケン,ミナミアルプスシ,ニシノ,山梨県,南アルプス市,西野,0,0,0,0,0,0
19208,40004,4000422,ヤマナシケン,ミナミアルプスシ,バラザワ,山梨県,南アルプス市,荊沢,0,0,0,0,0,0
19208,40004,4000412,ヤマナシケン,ミナミアルプスシ,ヒガシナンゴ,山梨県,南アルプス市,東南湖,0,0,0,0,0,0
19208,40003,4000313,ヤマナシケン,ミナミアルプスシ,ヒラオカ,山梨県,南アルプス市,平岡,0,0,0,0,0,0
19208,40004,4000404,ヤマナシケン,ミナミアルプスシ,フルイチバ,山梨県,南アルプス市,古市場,0,0,0,0,0,0
19208,40004,4000415,ヤマナシケン,ミナミアルプスシ,ミヤザワ,山梨県,南アルプス市,宮沢,0,0,0,0,0,0
19208,40002,4000206,ヤマナシケン,ミナミアルプスシ,ムジナ,山梨県,南アルプス市,六科,0,0,0,0,0,0
19208,40003,4000301,ヤマナシケン,ミナミアルプスシ,モモソノ,山梨県,南アルプス市,桃園,0,0,0,0,0,0
19208,40002,4000205,ヤマナシケン,ミナミアルプスシ,ヤゴシマ,山梨県,南アルプス市,野牛島,0,0,0,0,0,0
19208,40003,4000308,ヤマナシケン,ミナミアルプスシ,ヤマデラ,山梨県,南アルプス市,山寺,0,0,0,0,0,0
19208,40004,4000425,ヤマナシケン,ミナミアルプスシ,ユザワ,山梨県,南アルプス市,湯沢,0,0,0,0,0,0
19208,40003,4000304,ヤマナシケン,ミナミアルプスシ,ヨシダ,山梨県,南アルプス市,吉田,0,0,0,0,0,0
19209,40801,4080000,ヤマナシケン,ホクトシ,イカニケイサイガナイバアイ,山梨県,北杜市,以下に掲載がない場合,0,0,0,0,0,0
19209,40702,4080201,ヤマナシケン,ホクトシ,アケノチョウアサオ,山梨県,北杜市,明野町浅尾,0,0,0,0,0,0
19209,40702,4080205,ヤマナシケン,ホクトシ,アケノチョウアサオシンデン,山梨県,北杜市,明野町浅尾新田,0,0,0,0,0,0
19209,40702,4080204,ヤマナシケン,ホクトシ,アケノチョウウエデ,山梨県,北杜市,明野町上手,0,0,0,0,0,0
19209,40702,4080202,ヤマナシケン,ホクトシ,アケノチョウオガサハラ,山梨県,北杜市,明野町小笠原,0,0,0,0,0,0
19209,40702,4080207,ヤマナシケン,ホクトシ,アケノチョウカミカンドリ,山梨県,北杜市,明野町上神取,0,0,0,0,0,0
19209,40702,4080203,ヤマナシケン,ホクトシ,アケノチョウサンノクラ,山梨県,北杜市,明野町三之蔵,0,0,0,0,0,0
19209,40702,4080206,ヤマナシケン,ホクトシ,アケノチョウシモカンドリ,山梨県,北杜市,明野町下神取,0,0,0,0,0,0
19209,40703,4070311,ヤマナシケン,ホクトシ,オオイズミチョウニシイデ8240-1(ウツクシモリ、タカネソウ、セイセンリョウ、サンメドウズスキージョウ),山梨県,北杜市,大泉町西井出８２４０−１（美森、たかね荘、清泉寮、サンメドウズスキー場）,1,0,0,0,0,0
19209,40915,4091501,ヤマナシケン,ホクトシ,オオイズミチョウニシイデ(ソノタ),山梨県,北杜市,大泉町西井出（その他）,1,0,0,0,0,0
19209,40915,4091502,ヤマナシケン,ホクトシ,オオイズミチョウヤト,山梨県,北杜市,大泉町谷戸,0,0,0,0,0,0
19209,408  ,4080044,ヤマナシケン,ホクトシ,コブチサワチョウ,山梨県,北杜市,小淵沢町,0,0,0,0,0,0
19209,408  ,4080041,ヤマナシケン,ホクトシ,コブチサワチョウカミササオ,山梨県,北杜市,小淵沢町上笹尾,0,0,0,0,0,0
19209,408  ,4080043,ヤマナシケン,ホクトシ,コブチサワチョウシモササオ,山梨県,北杜市,小淵沢町下笹尾,0,0,0,0,0,0
19209,408  ,4080042,ヤマナシケン,ホクトシ,コブチサワチョウショウコウ,山梨県,北杜市,小淵沢町松向,0,0,0,0,0,0
19209,40801,4080111,ヤマナシケン,ホクトシ,スタマチョウアナダイラ,山梨県,北杜市,須玉町穴平,0,0,0,0,0,0
19209,40801,4080103,ヤマナシケン,ホクトシ,スタマチョウエグサ,山梨県,北杜市,須玉町江草,0,0,0,0,0,0
19209,40801,4080113,ヤマナシケン,ホクトシ,スタマチョウオオクラ,山梨県,北杜市,須玉町大蔵,0,0,0,0,0,0
19209,40801,4080101,ヤマナシケン,ホクトシ,スタマチョウオビ,山梨県,北杜市,須玉町小尾,0,0,0,0,0,0
19209,40703,4070321,ヤマナシケン,ホクトシ,スタマチョウカミツガネ,山梨県,北杜市,須玉町上津金,0,0,0,0,0,0
19209,40801,4080104,ヤマナシケン,ホクトシ,スタマチョウコゴエ,山梨県,北杜市,須玉町小倉,0,0,0,0,0,0
19209,40801,4080116,ヤマナシケン,ホクトシ,スタマチョウサカイノサワ,山梨県,北杜市,須玉町境之澤,0,0,0,0,0,0
19209,40703,4070322,ヤマナシケン,ホクトシ,スタマチョウシモツガネ,山梨県,北杜市,須玉町下津金,0,0,0,0,0,0
19209,40801,4080114,ヤマナシケン,ホクトシ,スタマチョウトウダ,山梨県,北杜市,須玉町藤田,0,0,0,0,0,0
19209,40801,4080105,ヤマナシケン,ホクトシ,スタマチョウヒガシムキ,山梨県,北杜市,須玉町東向,0,0,0,0,0,0
19209,40801,4080102,ヤマナシケン,ホクトシ,スタマチョウヒシ,山梨県,北杜市,須玉町比志,0,0,0,0,0,0
19209,40801,4080115,ヤマナシケン,ホクトシ,スタマチョウマミョウダ,山梨県,北杜市,須玉町大豆生田,0,0,0,0,0,0
19209,40801,4080112,ヤマナシケン,ホクトシ,スタマチョウワカミコ,山梨県,北杜市,須玉町若神子,0,0,0,0,0,0
19209,40801,4080117,ヤマナシケン,ホクトシ,スタマチョウワカミコシンマチ,山梨県,北杜市,須玉町若神子新町,0,0,0,0,0,0
19209,40703,4070302,ヤマナシケン,ホクトシ,タカネチョウアサカワ,山梨県,北杜市,高根町浅川,0,0,0,0,0,0
19209,408  ,4080016,ヤマナシケン,ホクトシ,タカネチョウカミクロザワ,山梨県,北杜市,高根町上黒澤,0,0,0,0,0,0
19209,40703,4070301,ヤマナシケン,ホクトシ,タカネチョウキヨサト,山梨県,北杜市,高根町清里,0,0,0,0,0,0
19209,408  ,4080013,ヤマナシケン,ホクトシ,タカネチョウクラバラ,山梨県,北杜市,高根町蔵原,0,0,0,0,0,0
19209,408  ,4080014,ヤマナシケン,ホクトシ,タカネチョウコイケ,山梨県,北杜市,高根町小池,0,0,0,0,0,0
19209,408  ,4080017,ヤマナシケン,ホクトシ,タカネチョウゴチョウダ,山梨県,北杜市,高根町五町田,0,0,0,0,0,0
19209,408  ,4080015,ヤマナシケン,ホクトシ,タカネチョウシモクロザワ,山梨県,北杜市,高根町下黒澤,0,0,0,0,0,0
19209,408  ,4080004,ヤマナシケン,ホクトシ,タカネチョウツツミ,山梨県,北杜市,高根町堤,0,0,0,0,0,0
19209,408  ,4080001,ヤマナシケン,ホクトシ,タカネチョウナガサワ,山梨県,北杜市,高根町長沢,0,0,0,0,0,0
19209,408  ,4080003,ヤマナシケン,ホクトシ,タカネチョウヒガシイデ,山梨県,北杜市,高根町東井出,0,0,0,0,0,0
19209,408  ,4080012,ヤマナシケン,ホクトシ,タカネチョウミノワ,山梨県,北杜市,高根町箕輪,0,0,0,0,0,0
19209,408  ,4080011,ヤマナシケン,ホクトシ,タカネチョウミノワシンマチ,山梨県,北杜市,高根町箕輪新町,0,0,0,0,0,0
19209,408  ,4080002,ヤマナシケン,ホクトシ,タカネチョウムラヤマキタワリ,山梨県,北杜市,高根町村山北割,0,0,0,0,0,0
19209,408  ,4080018,ヤマナシケン,ホクトシ,タカネチョウムラヤマニシワリ,山梨県,北杜市,高根町村山西割,0,0,0,0,0,0
19209,408  ,4080019,ヤマナシケン,ホクトシ,タカネチョウムラヤマヒガシワリ,山梨県,北杜市,高根町村山東割,0,0,0,0,0,0
19209,408  ,4080032,ヤマナシケン,ホクトシ,ナガサカチョウオイガモリ,山梨県,北杜市,長坂町大井ケ森,0,0,0,0,0,0
19209,408  ,4080034,ヤマナシケン,ホクトシ,ナガサカチョウオオバッタ,山梨県,北杜市,長坂町大八田,0,0,0,0,0,0
19209,408  ,4080031,ヤマナシケン,ホクトシ,ナガサカチョウコアラマ,山梨県,北杜市,長坂町小荒間,0,0,0,0,0,0
19209,408  ,4080023,ヤマナシケン,ホクトシ,ナガサカチョウシブサワ,山梨県,北杜市,長坂町渋沢,0,0,0,0,0,0
19209,408  ,4080033,ヤマナシケン,ホクトシ,ナガサカチョウシロイザワ,山梨県,北杜市,長坂町白井沢,0,0,0,0,0,0
19209,408  ,4080022,ヤマナシケン,ホクトシ,ナガサカチョウツカカワ,山梨県,北杜市,長坂町塚川,0,0,0,0,0,0
19209,408  ,4080024,ヤマナシケン,ホクトシ,ナガサカチョウトミオカ,山梨県,北杜市,長坂町富岡,0,0,0,0,0,0
19209,408  ,4080021,ヤマナシケン,ホクトシ,ナガサカチョウナガサカカミジョウ,山梨県,北杜市,長坂町長坂上条,0,0,0,0,0,0
19209,408  ,4080025,ヤマナシケン,ホクトシ,ナガサカチョウナガサカシモジョウ,山梨県,北杜市,長坂町長坂下条,0,0,0,0,0,0
19209,408  ,4080037,ヤマナシケン,ホクトシ,ナガサカチョウナカジマ,山梨県,北杜市,長坂町中島,0,0,0,0,0,0
19209,408  ,4080036,ヤマナシケン,ホクトシ,ナガサカチョウナカマル,山梨県,北杜市,長坂町中丸,0,0,0,0,0,0
19209,408  ,4080035,ヤマナシケン,ホクトシ,ナガサカチョウナツアキ,山梨県,北杜市,長坂町夏秋,0,0,0,0,0,0
19209,408  ,4080026,ヤマナシケン,ホクトシ,ナガサカチョウヒノ,山梨県,北杜市,長坂町日野,0,0,0,0,0,0
19209,40803,4080319,ヤマナシケン,ホクトシ,ハクシュウチョウオオムカワ,山梨県,北杜市,白州町大武川,0,0,0,0,0,0
19209,40803,4080318,ヤマナシケン,ホクトシ,ハクシュウチョウカミキョウライシ,山梨県,北杜市,白州町上教来石,0,0,0,0,0,0
19209,40803,4080317,ヤマナシケン,ホクトシ,ハクシュウチョウシモキョウライシ,山梨県,北杜市,白州町下教来石,0,0,0,0,0,0
19209,40803,4080315,ヤマナシケン,ホクトシ,ハクシュウチョウシラス,山梨県,北杜市,白州町白須,0,0,0,0,0,0
19209,40803,4080312,ヤマナシケン,ホクトシ,ハクシュウチョウダイガハラ,山梨県,北杜市,白州町台ケ原,0,0,0,0,0,0
19209,40803,4080314,ヤマナシケン,ホクトシ,ハクシュウチョウダイボウ,山梨県,北杜市,白州町大坊,0,0,0,0,0,0
19209,40803,4080316,ヤマナシケン,ホクトシ,ハクシュウチョウトリハラ,山梨県,北杜市,白州町鳥原,0,0,0,0,0,0
19209,40803,4080311,ヤマナシケン,ホクトシ,ハクシュウチョウハナミズ,山梨県,北杜市,白州町花水,0,0,0,0,0,0
19209,40803,4080313,ヤマナシケン,ホクトシ,ハクシュウチョウヨコテ,山梨県,北杜市,白州町横手,0,0,0,0,0,0
19209,40803,4080305,ヤマナシケン,ホクトシ,ムカワチョウクロサワ,山梨県,北杜市,武川町黒澤,0,0,0,0,0,0
19209,40803,4080304,ヤマナシケン,ホクトシ,ムカワチョウシンオク,山梨県,北杜市,武川町新奥,0,0,0,0,0,0
19209,40803,4080302,ヤマナシケン,ホクトシ,ムカワチョウマギノハラ,山梨県,北杜市,武川町牧原,0,0,0,0,0,0
19209,40803,4080301,ヤマナシケン,ホクトシ,ムカワチョウミフキ,山梨県,北杜市,武川町三吹,0,0,0,0,0,0
19209,40803,4080303,ヤマナシケン,ホクトシ,ムカワチョウミヤノワキ,山梨県,北杜市,武川町宮脇,0,0,0,0,0,0
19209,40803,4080307,ヤマナシケン,ホクトシ,ムカワチョウヤナギサワ,山梨県,北杜市,武川町柳澤,0,0,0,0,0,0
19209,40803,4080306,ヤマナシケン,ホクトシ,ムカワチョウヤマタカ,山梨県,北杜市,武川町山高,0,0,0,0,0,0
19210,40001,4000100,ヤマナシケン,カイシ,イカニケイサイガナイバアイ,山梨県,甲斐市,以下に掲載がない場合,0,0,0,0,0,0
19210,40012,4001126,ヤマナシケン,カイシ,アテラ,山梨県,甲斐市,安寺,0,0,0,0,0,0
19210,40701,4000106,ヤマナシケン,カイシ,イワモリ,山梨県,甲斐市,岩森,0,0,0,0,0,0
19210,40001,4000121,ヤマナシケン,カイシ,ウシク,山梨県,甲斐市,牛句,0,0,0,0,0,0
19210,40011,4001114,ヤマナシケン,カイシ,ウチガエシ,山梨県,甲斐市,打返,0,0,0,0,0,0
19210,40701,4000108,ヤマナシケン,カイシ,ウツヤ,山梨県,甲斐市,宇津谷,0,0,0,0,0,0
19210,40011,4001115,ヤマナシケン,カイシ,ウルシド,山梨県,甲斐市,漆戸,0,0,0,0,0,0
19210,40001,4000128,ヤマナシケン,カイシ,オオクボ,山梨県,甲斐市,大久保,0,0,0,0,0,0
19210,40001,4000126,ヤマナシケン,カイシ,オオシモジョウ,山梨県,甲斐市,大下条,0,0,0,0,0,0
19210,40701,4000103,ヤマナシケン,カイシ,オオヌタ,山梨県,甲斐市,大垈,0,0,0,0,0,0
19210,40012,4001121,ヤマナシケン,カイシ,カミアシザワ,山梨県,甲斐市,上芦沢,0,0,0,0,0,0
19210,40011,4001117,ヤマナシケン,カイシ,カミスゲクチ,山梨県,甲斐市,上菅口,0,0,0,0,0,0
19210,40012,4001123,ヤマナシケン,カイシ,カミフクザワ,山梨県,甲斐市,上福沢,0,0,0,0,0,0
19210,40011,4001113,ヤマナシケン,カイシ,カメザワ(ソノタ),山梨県,甲斐市,亀沢（その他）,1,0,0,0,0,0
19210,40701,4001131,ヤマナシケン,カイシ,カメザワ(ダイミョウジン、6949バンチ),山梨県,甲斐市,亀沢（大明神、６９４９番地）,1,0,0,0,0,0
19210,40011,4001112,ヤマナシケン,カイシ,キッサワ,山梨県,甲斐市,吉沢,0,0,0,0,0,0
19210,40012,4001127,ヤマナシケン,カイシ,ゴウド,山梨県,甲斐市,神戸,0,0,0,0,0,0
19210,40001,4000122,ヤマナシケン,カイシ,サカイ,山梨県,甲斐市,境,0,0,0,0,0,0
19210,40011,4001116,ヤマナシケン,カイシ,シシダイラ,山梨県,甲斐市,獅子平,0,0,0,0,0,0
19210,40701,4000107,ヤマナシケン,カイシ,シダ,山梨県,甲斐市,志田,0,0,0,0,0,0
19210,40001,4000115,ヤマナシケン,カイシ,シノハラ,山梨県,甲斐市,篠原,0,0,0,0,0,0
19210,40001,4000123,ヤマナシケン,カイシ,シマカミジョウ,山梨県,甲斐市,島上条,0,0,0,0,0,0
19210,40012,4001122,ヤマナシケン,カイシ,シモアシザワ,山梨県,甲斐市,下芦沢,0,0,0,0,0,0
19210,40701,4000105,ヤマナシケン,カイシ,シモイマイ,山梨県,甲斐市,下今井,0,0,0,0,0,0
19210,40012,4001125,ヤマナシケン,カイシ,シモスゲグチ,山梨県,甲斐市,下菅口,0,0,0,0,0,0
19210,40012,4001124,ヤマナシケン,カイシ,シモフクザワ,山梨県,甲斐市,下福沢,0,0,0,0,0,0
19210,40701,4000101,ヤマナシケン,カイシ,ショウブザワ,山梨県,甲斐市,菖蒲沢,0,0,0,0,0,0
19210,40011,4001111,ヤマナシケン,カイシ,センダ,山梨県,甲斐市,千田,0,0,0,0,0,0
19210,40001,4000116,ヤマナシケン,カイシ,タマガワ,山梨県,甲斐市,玉川,0,0,0,0,0,0
19210,40701,4000102,ヤマナシケン,カイシ,ダンゴアライ,山梨県,甲斐市,団子新居,0,0,0,0,0,0
19210,40001,4000127,ヤマナシケン,カイシ,テングサワ,山梨県,甲斐市,天狗沢,0,0,0,0,0,0
19210,40001,4000113,ヤマナシケン,カイシ,トミタケシンデン,山梨県,甲斐市,富竹新田,0,0,0,0,0,0
19210,40001,4000124,ヤマナシケン,カイシ,ナカシモジョウ,山梨県,甲斐市,中下条,0,0,0,0,0,0
19210,40001,4000125,ヤマナシケン,カイシ,ナガヅカ,山梨県,甲斐市,長塚,0,0,0,0,0,0
19210,40001,4000112,ヤマナシケン,カイシ,ナトリ,山梨県,甲斐市,名取,0,0,0,0,0,0
19210,40001,4000117,ヤマナシケン,カイシ,ニシヤハタ,山梨県,甲斐市,西八幡,0,0,0,0,0,0
19210,40001,4000114,ヤマナシケン,カイシ,マンザイ,山梨県,甲斐市,万才,0,0,0,0,0,0
19210,40001,4000118,ヤマナシケン,カイシ,リュウオウ,山梨県,甲斐市,竜王,0,0,0,0,0,0
19210,40001,4000111,ヤマナシケン,カイシ,リュウオウシンマチ,山梨県,甲斐市,竜王新町,0,0,0,0,0,0
19210,40701,4000104,ヤマナシケン,カイシ,リュウジ,山梨県,甲斐市,龍地,0,0,0,0,0,0
19211,406  ,4060000,ヤマナシケン,フエフキシ,イカニケイサイガナイバアイ,山梨県,笛吹市,以下に掲載がない場合,0,0,0,0,0,0
19211,40937,4093702,ヤマナシケン,フエフキシ,アシガワチョウアライバラ,山梨県,笛吹市,芦川町新井原,0,0,0,0,0,0
19211,40937,4093704,ヤマナシケン,フエフキシ,アシガワチョウオウシュク,山梨県,笛吹市,芦川町鶯宿,0,0,0,0,0,0
19211,40937,4093701,ヤマナシケン,フエフキシ,アシガワチョウカミアシガワ,山梨県,笛吹市,芦川町上芦川,0,0,0,0,0,0
19211,40937,4093703,ヤマナシケン,フエフキシ,アシガワチョウナカアシガワ,山梨県,笛吹市,芦川町中芦川,0,0,0,0,0,0
19211,406  ,4060031,ヤマナシケン,フエフキシ,イサワチョウイチベ,山梨県,笛吹市,石和町市部,0,0,0,0,0,0
19211,406  ,4060045,ヤマナシケン,フエフキシ,イサワチョウイド,山梨県,笛吹市,石和町井戸,0,0,0,0,0,0
19211,406  ,4060042,ヤマナシケン,フエフキシ,イサワチョウイマイ,山梨県,笛吹市,石和町今井,0,0,0,0,0,0
19211,406  ,4060028,ヤマナシケン,フエフキシ,イサワチョウエキマエ,山梨県,笛吹市,石和町駅前,0,0,0,0,0,0
19211,406  ,4060025,ヤマナシケン,フエフキシ,イサワチョウカミヒライ,山梨県,笛吹市,石和町上平井,0,0,0,0,0,0
19211,406  ,4060034,ヤマナシケン,フエフキシ,イサワチョウカラカシワ,山梨県,笛吹市,石和町唐柏,0,0,0,0,0,0
19211,406  ,4060024,ヤマナシケン,フエフキシ,イサワチョウカワナカジマ,山梨県,笛吹市,石和町川中島,0,0,0,0,0,0
19211,406  ,4060036,ヤマナシケン,フエフキシ,イサワチョウクボナカジマ,山梨県,笛吹市,石和町窪中島,0,0,0,0,0,0
19211,406  ,4060033,ヤマナシケン,フエフキシ,イサワチョウコイサワ,山梨県,笛吹市,石和町小石和,0,0,0,0,0,0
19211,406  ,4060043,ヤマナシケン,フエフキシ,イサワチョウコウチ,山梨県,笛吹市,石和町河内,0,0,0,0,0,0
19211,406  ,4060027,ヤマナシケン,フエフキシ,イサワチョウシモヒライ,山梨県,笛吹市,石和町下平井,0,0,0,0,0,0
19211,406  ,4060044,ヤマナシケン,フエフキシ,イサワチョウスナハラ,山梨県,笛吹市,石和町砂原,0,0,0,0,0,0
19211,406  ,4060026,ヤマナシケン,フエフキシ,イサワチョウナカガワ,山梨県,笛吹市,石和町中川,0,0,0,0,0,0
19211,406  ,4060023,ヤマナシケン,フエフキシ,イサワチョウハツタ,山梨県,笛吹市,石和町八田,0,0,0,0,0,0
19211,406  ,4060046,ヤマナシケン,フエフキシ,イサワチョウヒガシアブラカワ,山梨県,笛吹市,石和町東油川,0,0,0,0,0,0
19211,406  ,4060041,ヤマナシケン,フエフキシ,イサワチョウヒガシタカハシ,山梨県,笛吹市,石和町東高橋,0,0,0,0,0,0
19211,406  ,4060035,ヤマナシケン,フエフキシ,イサワチョウヒロセ,山梨県,笛吹市,石和町広瀬,0,0,0,0,0,0
19211,406  ,4060021,ヤマナシケン,フエフキシ,イサワチョウマツモト,山梨県,笛吹市,石和町松本,0,0,0,0,0,0
19211,406  ,4060022,ヤマナシケン,フエフキシ,イサワチョウヤマサキ,山梨県,笛吹市,石和町山崎,0,0,0,0,0,0
19211,406  ,4060032,ヤマナシケン,フエフキシ,イサワチョウヨッカイチバ,山梨県,笛吹市,石和町四日市場,0,0,0,0,0,0
19211,405  ,4050065,ヤマナシケン,フエフキシ,イチノミヤチョウアラマキ,山梨県,笛吹市,一宮町新巻,0,0,0,0,0,0
19211,405  ,4050061,ヤマナシケン,フエフキシ,イチノミヤチョウイシ,山梨県,笛吹市,一宮町石,0,0,0,0,0,0
19211,405  ,4050063,ヤマナシケン,フエフキシ,イチノミヤチョウイチノクラ,山梨県,笛吹市,一宮町市之蔵,0,0,0,0,0,0
19211,405  ,4050056,ヤマナシケン,フエフキシ,イチノミヤチョウイチノミヤ,山梨県,笛吹市,一宮町一ノ宮,0,0,0,0,0,0
19211,405  ,4050062,ヤマナシケン,フエフキシ,イチノミヤチョウカナザワ,山梨県,笛吹市,一宮町金沢,0,0,0,0,0,0
19211,405  ,4050079,ヤマナシケン,フエフキシ,イチノミヤチョウカネタ,山梨県,笛吹市,一宮町金田,0,0,0,0,0,0
19211,405  ,4050059,ヤマナシケン,フエフキシ,イチノミヤチョウカミヤハギ,山梨県,笛吹市,一宮町上矢作,0,0,0,0,0,0
19211,405  ,4050066,ヤマナシケン,フエフキシ,イチノミヤチョウカンザワ,山梨県,笛吹市,一宮町神沢,0,0,0,0,0,0
19211,405  ,4050051,ヤマナシケン,フエフキシ,イチノミヤチョウキタノロ,山梨県,笛吹市,一宮町北野呂,0,0,0,0,0,0
19211,405  ,4050071,ヤマナシケン,フエフキシ,イチノミヤチョウキタミヤコヅカ,山梨県,笛吹市,一宮町北都塚,0,0,0,0,0,0
19211,405  ,4050068,ヤマナシケン,フエフキシ,イチノミヤチョウキツネアライ,山梨県,笛吹市,一宮町狐新居,0,0,0,0,0,0
19211,405  ,4050074,ヤマナシケン,フエフキシ,イチノミヤチョウコクブ,山梨県,笛吹市,一宮町国分,0,0,0,0,0,0
19211,405  ,4050058,ヤマナシケン,フエフキシ,イチノミヤチョウコジョウ,山梨県,笛吹市,一宮町小城,0,0,0,0,0,0
19211,405  ,4050064,ヤマナシケン,フエフキシ,イチノミヤチョウシオダ,山梨県,笛吹市,一宮町塩田,0,0,0,0,0,0
19211,405  ,4050055,ヤマナシケン,フエフキシ,イチノミヤチョウジゾウドウ,山梨県,笛吹市,一宮町地蔵堂,0,0,0,0,0,0
19211,405  ,4050057,ヤマナシケン,フエフキシ,イチノミヤチョウシモヤハギ,山梨県,笛吹市,一宮町下矢作,0,0,0,0,0,0
19211,405  ,4050073,ヤマナシケン,フエフキシ,イチノミヤチョウスエキ,山梨県,笛吹市,一宮町末木,0,0,0,0,0,0
19211,405  ,4050054,ヤマナシケン,フエフキシ,イチノミヤチョウセンベイジ,山梨県,笛吹市,一宮町千米寺,0,0,0,0,0,0
19211,405  ,4050076,ヤマナシケン,フエフキシ,イチノミヤチョウタケハラダ,山梨県,笛吹市,一宮町竹原田,0,0,0,0,0,0
19211,405  ,4050078,ヤマナシケン,フエフキシ,イチノミヤチョウタナカ,山梨県,笛吹市,一宮町田中,0,0,0,0,0,0
19211,405  ,4050067,ヤマナシケン,フエフキシ,イチノミヤチョウツチヅカ,山梨県,笛吹市,一宮町土塚,0,0,0,0,0,0
19211,405  ,4050077,ヤマナシケン,フエフキシ,イチノミヤチョウツボイ,山梨県,笛吹市,一宮町坪井,0,0,0,0,0,0
19211,405  ,4050053,ヤマナシケン,フエフキシ,イチノミヤチョウナカオ,山梨県,笛吹市,一宮町中尾,0,0,0,0,0,0
19211,405  ,4050075,ヤマナシケン,フエフキシ,イチノミヤチョウハシタテ,山梨県,笛吹市,一宮町橋立,0,0,0,1,0,0
19211,405  ,4050069,ヤマナシケン,フエフキシ,イチノミヤチョウヒガシアライ,山梨県,笛吹市,一宮町東新居,0,0,0,0,0,0
19211,405  ,4050075,ヤマナシケン,フエフキシ,イチノミヤチョウヒガシバラ,山梨県,笛吹市,一宮町東原,0,0,0,1,0,0
19211,405  ,4050052,ヤマナシケン,フエフキシ,イチノミヤチョウミナミノロ,山梨県,笛吹市,一宮町南野呂,0,0,0,0,0,0
19211,405  ,4050072,ヤマナシケン,フエフキシ,イチノミヤチョウモトミヤコヅカ,山梨県,笛吹市,一宮町本都塚,0,0,0,0,0,0
19211,406  ,4060005,ヤマナシケン,フエフキシ,カスガイチョウカモ,山梨県,笛吹市,春日居町加茂,0,0,0,0,0,0
19211,406  ,4060012,ヤマナシケン,フエフキシ,カスガイチョウクマノドウ,山梨県,笛吹市,春日居町熊野堂,0,0,0,0,0,0
19211,406  ,4060003,ヤマナシケン,フエフキシ,カスガイチョウクワド,山梨県,笛吹市,春日居町桑戸,0,0,0,0,0,0
19211,406  ,4060014,ヤマナシケン,フエフキシ,カスガイチョウコクフ,山梨県,笛吹市,春日居町国府,0,0,0,0,0,0
19211,406  ,4060004,ヤマナシケン,フエフキシ,カスガイチョウコマツ,山梨県,笛吹市,春日居町小松,0,0,0,0,0,0
19211,406  ,4060015,ヤマナシケン,フエフキシ,カスガイチョウシズメ,山梨県,笛吹市,春日居町鎮目,0,0,0,0,0,0
19211,406  ,4060001,ヤマナシケン,フエフキシ,カスガイチョウシモイワシタ,山梨県,笛吹市,春日居町下岩下,0,0,0,0,0,0
19211,406  ,4060013,ヤマナシケン,フエフキシ,カスガイチョウテラモト,山梨県,笛吹市,春日居町寺本,0,0,0,0,0,0
19211,406  ,4060011,ヤマナシケン,フエフキシ,カスガイチョウトクジョウ,山梨県,笛吹市,春日居町徳条,0,0,0,0,0,0
19211,406  ,4060002,ヤマナシケン,フエフキシ,カスガイチョウベツデン,山梨県,笛吹市,春日居町別田,0,0,0,0,0,0
19211,406  ,4060842,ヤマナシケン,フエフキシ,サカイガワチョウイシバシ,山梨県,笛吹市,境川町石橋,0,0,0,0,0,0
19211,406  ,4060855,ヤマナシケン,フエフキシ,サカイガワチョウオオクボ,山梨県,笛吹市,境川町大窪,0,0,0,0,0,0
19211,406  ,4060852,ヤマナシケン,フエフキシ,サカイガワチョウオオグロサカ,山梨県,笛吹市,境川町大黒坂,0,0,0,0,0,0
19211,406  ,4060841,ヤマナシケン,フエフキシ,サカイガワチョウオオツボ,山梨県,笛吹市,境川町大坪,0,0,0,0,0,0
19211,406  ,4060851,ヤマナシケン,フエフキシ,サカイガワチョウコグロサカ,山梨県,笛吹市,境川町小黒坂,0,0,0,0,0,0
19211,406  ,4060844,ヤマナシケン,フエフキシ,サカイガワチョウコヤマ,山梨県,笛吹市,境川町小山,0,0,0,0,0,0
19211,406  ,4060854,ヤマナシケン,フエフキシ,サカイガワチョウテラオ,山梨県,笛吹市,境川町寺尾,0,0,0,0,0,0
19211,406  ,4060853,ヤマナシケン,フエフキシ,サカイガワチョウフジヌタ,山梨県,笛吹市,境川町藤垈,0,0,0,0,0,0
19211,406  ,4060845,ヤマナシケン,フエフキシ,サカイガワチョウボウガミネ,山梨県,笛吹市,境川町坊ケ峰,0,0,0,0,0,0
19211,406  ,4060843,ヤマナシケン,フエフキシ,サカイガワチョウマエマダ,山梨県,笛吹市,境川町前間田,0,0,0,0,0,0
19211,406  ,4060846,ヤマナシケン,フエフキシ,サカイガワチョウミツクヌギ,山梨県,笛吹市,境川町三椚,0,0,0,0,0,0
19211,406  ,4060803,ヤマナシケン,フエフキシ,ミサカチョウイノウエ,山梨県,笛吹市,御坂町井之上,0,0,0,0,0,0
19211,406  ,4060817,ヤマナシケン,フエフキシ,ミサカチョウオオノジ,山梨県,笛吹市,御坂町大野寺,0,0,0,0,0,0
19211,406  ,4060815,ヤマナシケン,フエフキシ,ミサカチョウオヤマ,山梨県,笛吹市,御坂町尾山,0,0,0,0,0,0
19211,406  ,4060802,ヤマナシケン,フエフキシ,ミサカチョウカネガワバラ,山梨県,笛吹市,御坂町金川原,0,0,0,0,0,0
19211,406  ,4060813,ヤマナシケン,フエフキシ,ミサカチョウカミクロコマ,山梨県,笛吹市,御坂町上黒駒,0,0,0,0,0,0
19211,406  ,4060805,ヤマナシケン,フエフキシ,ミサカチョウクリアイ,山梨県,笛吹市,御坂町栗合,0,0,0,0,0,0
19211,406  ,4060808,ヤマナシケン,フエフキシ,ミサカチョウコクガ,山梨県,笛吹市,御坂町国衙,0,0,0,0,0,0
19211,406  ,4060812,ヤマナシケン,フエフキシ,ミサカチョウシモクロコマ,山梨県,笛吹市,御坂町下黒駒,0,0,0,0,0,0
19211,406  ,4060811,ヤマナシケン,フエフキシ,ミサカチョウシモノハラ,山梨県,笛吹市,御坂町下野原,0,0,0,0,0,0
19211,406  ,4060818,ヤマナシケン,フエフキシ,ミサカチョウソバツカ,山梨県,笛吹市,御坂町蕎麦塚,0,0,0,0,0,0
19211,406  ,4060816,ヤマナシケン,フエフキシ,ミサカチョウタケイ,山梨県,笛吹市,御坂町竹居,0,0,0,0,0,0
19211,406  ,4060814,ヤマナシケン,フエフキシ,ミサカチョウトウノキ,山梨県,笛吹市,御坂町藤野木,0,0,0,0,0,0
19211,406  ,4060804,ヤマナシケン,フエフキシ,ミサカチョウナツメハラ,山梨県,笛吹市,御坂町夏目原,0,0,0,0,0,0
19211,406  ,4060801,ヤマナシケン,フエフキシ,ミサカチョウナリタ,山梨県,笛吹市,御坂町成田,0,0,0,0,0,0
19211,406  ,4060807,ヤマナシケン,フエフキシ,ミサカチョウニノミヤ,山梨県,笛吹市,御坂町二之宮,0,0,0,0,0,0
19211,406  ,4060806,ヤマナシケン,フエフキシ,ミサカチョウヤチクラ,山梨県,笛吹市,御坂町八千蔵,0,0,0,0,0,0
19211,406  ,4060825,ヤマナシケン,フエフキシ,ヤツシロチョウオオマダ,山梨県,笛吹市,八代町大間田,0,0,0,0,0,0
19211,406  ,4060834,ヤマナシケン,フエフキシ,ヤツシロチョウオカ,山梨県,笛吹市,八代町岡,0,0,0,0,0,0
19211,406  ,4060821,ヤマナシケン,フエフキシ,ヤツシロチョウキタ,山梨県,笛吹市,八代町北,0,0,0,0,0,0
19211,406  ,4060831,ヤマナシケン,フエフキシ,ヤツシロチョウコウカ,山梨県,笛吹市,八代町高家,0,0,0,0,0,0
19211,406  ,4060832,ヤマナシケン,フエフキシ,ヤツシロチョウタケイ,山梨県,笛吹市,八代町竹居,0,0,0,0,0,0
19211,406  ,4060823,ヤマナシケン,フエフキシ,ヤツシロチョウナガイ,山梨県,笛吹市,八代町永井,0,0,0,0,0,0
19211,406  ,4060833,ヤマナシケン,フエフキシ,ヤツシロチョウナラバラ,山梨県,笛吹市,八代町奈良原,0,0,0,0,0,0
19211,406  ,4060824,ヤマナシケン,フエフキシ,ヤツシロチョウマサリ,山梨県,笛吹市,八代町増利,0,0,0,0,0,0
19211,406  ,4060822,ヤマナシケン,フエフキシ,ヤツシロチョウミナミ,山梨県,笛吹市,八代町南,0,0,0,0,0,0
19211,406  ,4060835,ヤマナシケン,フエフキシ,ヤツシロチョウヨネクラ,山梨県,笛吹市,八代町米倉,0,0,0,0,0,0
19212,40901,4090100,ヤマナシケン,ウエノハラシ,イカニケイサイガナイバアイ,山梨県,上野原市,以下に掲載がない場合,0,0,0,0,0,0
19212,40102,4010201,ヤマナシケン,ウエノハラシ,アキヤマ,山梨県,上野原市,秋山,0,0,0,0,0,0
19212,40901,4090135,ヤマナシケン,ウエノハラシ,アシガキ,山梨県,上野原市,芦垣,0,0,0,0,0,0
19212,40901,4090113,ヤマナシケン,ウエノハラシ,アラタ,山梨県,上野原市,新田,0,0,0,0,0,0
19212,40901,4090124,ヤマナシケン,ウエノハラシ,イヌメ,山梨県,上野原市,犬目,0,0,0,0,0,0
19212,40901,4090112,ヤマナシケン,ウエノハラシ,ウエノハラ,山梨県,上野原市,上野原,0,0,0,0,0,0
19212,40901,4090134,ヤマナシケン,ウエノハラシ,オオクヌギ,山梨県,上野原市,大椚,0,0,0,0,0,0
19212,40901,4090138,ヤマナシケン,ウエノハラシ,オオクラ,山梨県,上野原市,大倉,0,0,0,0,0,0
19212,40901,4090131,ヤマナシケン,ウエノハラシ,オオゾネ,山梨県,上野原市,大曽根,0,0,0,0,0,0
19212,40901,4090123,ヤマナシケン,ウエノハラシ,オオノ,山梨県,上野原市,大野,0,0,0,0,0,0
19212,40901,4090122,ヤマナシケン,ウエノハラシ,カワイ,山梨県,上野原市,川合,0,0,0,0,0,0
19212,40901,4090136,ヤマナシケン,ウエノハラシ,クワクボ,山梨県,上野原市,桑久保,0,0,0,0,0,0
19212,40901,4090126,ヤマナシケン,ウエノハラシ,コモアシオツ,山梨県,上野原市,コモアしおつ,0,0,1,0,0,0
19212,40902,4090141,ヤマナシケン,ウエノハラシ,サイハラ,山梨県,上野原市,西原,0,0,0,0,0,0
19212,40901,4090121,ヤマナシケン,ウエノハラシ,シオツ,山梨県,上野原市,四方津,0,0,0,0,0,0
19212,40901,4090132,ヤマナシケン,ウエノハラシ,ツルガワ,山梨県,上野原市,鶴川,0,0,0,0,0,0
19212,40901,4090114,ヤマナシケン,ウエノハラシ,ツルシマ,山梨県,上野原市,鶴島,0,0,0,0,0,0
19212,40901,4090125,ヤマナシケン,ウエノハラシ,ノタジリ,山梨県,上野原市,野田尻,0,0,0,0,0,0
19212,40901,4090115,ヤマナシケン,ウエノハラシ,マツドメ,山梨県,上野原市,松留,0,0,0,0,0,0
19212,40901,4090133,ヤマナシケン,ウエノハラシ,ヤツサワ,山梨県,上野原市,八ツ沢,0,0,0,0,0,0
19212,40901,4090111,ヤマナシケン,ウエノハラシ,ユズリハラ,山梨県,上野原市,棡原,0,0,0,0,0,0
19212,40901,4090137,ヤマナシケン,ウエノハラシ,ワミ,山梨県,上野原市,和見,0,0,0,0,0,0
19213,404  ,4040000,ヤマナシケン,コウシュウシ,イカニケイサイガナイバアイ,山梨県,甲州市,以下に掲載がない場合,0,0,0,0,0,0
19213,404  ,4040033,ヤマナシケン,コウシュウシ,エンザンアカオ,山梨県,甲州市,塩山赤尾,0,0,0,0,0,0
19213,404  ,4040021,ヤマナシケン,コウシュウシ,エンザンイチノセタカハシ,山梨県,甲州市,塩山一之瀬高橋,0,0,0,0,0,0
19213,40912,4091213,ヤマナシケン,コウシュウシ,エンザンウシオク(5532-5550、オクノタカイタク、サガシオカイタク、サガシオオンセン),山梨県,甲州市,塩山牛奥（５５３２〜５５５０、奥野田開拓、嵯峨塩開拓、嵯峨塩温泉）,1,0,0,0,0,0
19213,40913,4091321,ヤマナシケン,コウシュウシ,エンザンウシオク(5288、5288-1、5288-3、5289、5289,山梨県,甲州市,塩山牛奥（５２８８、５２８８−１、５２８８−３、５２８９、５２８９,1,0,0,0,0,0
19213,40913,4091321,ヤマナシケン,コウシュウシ,-2、5289-15),山梨県,甲州市,−２、５２８９−１５）,1,0,0,0,0,0
19213,404  ,4040034,ヤマナシケン,コウシュウシ,エンザンウシオク(ソノタ),山梨県,甲州市,塩山牛奥（その他）,1,0,0,0,0,0
19213,40402,4040211,ヤマナシケン,コウシュウシ,エンザンオヤシキ(ナメザワ),山梨県,甲州市,塩山小屋敷（滑沢）,1,0,0,0,0,0
19213,404  ,4040053,ヤマナシケン,コウシュウシ,エンザンオヤシキ(ソノタ),山梨県,甲州市,塩山小屋敷（その他）,1,0,0,0,0,0
19213,404  ,4040031,ヤマナシケン,コウシュウシ,エンザンカミアオノ,山梨県,甲州市,塩山上粟生野,0,0,0,0,0,0
19213,404  ,4040046,ヤマナシケン,コウシュウシ,エンザンカミイジリ,山梨県,甲州市,塩山上井尻,0,0,0,0,0,0
19213,404  ,4040042,ヤマナシケン,コウシュウシ,エンザンカミオゾ,山梨県,甲州市,塩山上於曽,0,0,0,0,0,0
19213,404  ,4040026,ヤマナシケン,コウシュウシ,エンザンカミオダワラ,山梨県,甲州市,塩山上小田原,0,0,0,0,0,0
19213,404  ,4040045,ヤマナシケン,コウシュウシ,エンザンカミシオゴ,山梨県,甲州市,塩山上塩後,0,0,0,0,0,0
19213,40912,4091211,ヤマナシケン,コウシュウシ,エンザンカミハギハラ(4051、4783、4784、スズランソウ、トウデンジョウブダム),山梨県,甲州市,塩山上萩原（４０５１、４７８３、４７８４、すずらん荘、東電上部ダム）,1,0,0,0,0,0
19213,404  ,4040022,ヤマナシケン,コウシュウシ,エンザンカミハギハラ(ソノタ),山梨県,甲州市,塩山上萩原（その他）,1,0,0,0,0,0
19213,404  ,4040037,ヤマナシケン,コウシュウシ,エンザンカワダ,山梨県,甲州市,塩山西広門田,0,0,0,0,0,0
19213,404  ,4040036,ヤマナシケン,コウシュウシ,エンザンクマノ,山梨県,甲州市,塩山熊野,0,0,0,0,0,0
19213,404  ,4040032,ヤマナシケン,コウシュウシ,エンザンシモアオノ,山梨県,甲州市,塩山下粟生野,0,0,0,0,0,0
19213,404  ,4040043,ヤマナシケン,コウシュウシ,エンザンシモオゾ,山梨県,甲州市,塩山下於曽,0,0,0,0,0,0
19213,404  ,4040025,ヤマナシケン,コウシュウシ,エンザンシモオダワラ,山梨県,甲州市,塩山下小田原,0,0,0,0,0,0
19213,404  ,4040044,ヤマナシケン,コウシュウシ,エンザンシモシオゴ,山梨県,甲州市,塩山下塩後,0,0,0,0,0,0
19213,404  ,4040024,ヤマナシケン,コウシュウシ,エンザンシモハギハラ,山梨県,甲州市,塩山下萩原,0,0,0,0,0,0
19213,404  ,4040055,ヤマナシケン,コウシュウシ,エンザンシモユノキ,山梨県,甲州市,塩山下柚木,0,0,0,0,0,0
19213,404  ,4040051,ヤマナシケン,コウシュウシ,エンザンタケモリ,山梨県,甲州市,塩山竹森,0,0,0,0,0,0
19213,404  ,4040041,ヤマナシケン,コウシュウシ,エンザンチノ,山梨県,甲州市,塩山千野,0,0,0,0,0,0
19213,40912,4091212,ヤマナシケン,コウシュウシ,エンザンナカハギハラ(ヒカワコヤ),山梨県,甲州市,塩山中萩原（日川小屋）,1,0,0,0,0,0
19213,404  ,4040023,ヤマナシケン,コウシュウシ,エンザンナカハギハラ(ソノタ),山梨県,甲州市,塩山中萩原（その他）,1,0,0,0,0,0
19213,404  ,4040035,ヤマナシケン,コウシュウシ,エンザンニシノハラ,山梨県,甲州市,塩山西野原,0,0,0,0,0,0
19213,404  ,4040052,ヤマナシケン,コウシュウシ,エンザンヒラサワ,山梨県,甲州市,塩山平沢,0,0,0,0,0,0
19213,404  ,4040056,ヤマナシケン,コウシュウシ,エンザンフクオリ,山梨県,甲州市,塩山福生里,0,0,0,0,0,0
19213,404  ,4040054,ヤマナシケン,コウシュウシ,エンザンフジキ,山梨県,甲州市,塩山藤木,0,0,0,0,0,0
19213,404  ,4040047,ヤマナシケン,コウシュウシ,エンザンミッカイチバ,山梨県,甲州市,塩山三日市場,0,0,0,0,0,0
19213,40913,4091303,ヤマナシケン,コウシュウシ,カツヌマチョウオサデ,山梨県,甲州市,勝沼町小佐手,0,0,0,0,0,0
19213,40913,4091316,ヤマナシケン,コウシュウシ,カツヌマチョウカツヌマ,山梨県,甲州市,勝沼町勝沼,0,0,0,0,0,0
19213,40913,4091312,ヤマナシケン,コウシュウシ,カツヌマチョウカミイワサキ,山梨県,甲州市,勝沼町上岩崎,0,0,0,0,0,0
19213,40913,4091304,ヤマナシケン,コウシュウシ,カツヌマチョウキュウソク,山梨県,甲州市,勝沼町休息,0,0,0,0,0,0
19213,40913,4091313,ヤマナシケン,コウシュウシ,カツヌマチョウシモイワサキ,山梨県,甲州市,勝沼町下岩崎,0,0,0,0,0,0
19213,40913,4091315,ヤマナシケン,コウシュウシ,カツヌマチョウトドロキ,山梨県,甲州市,勝沼町等々力,0,0,0,0,0,0
19213,40913,4091301,ヤマナシケン,コウシュウシ,カツヌマチョウナカハラ,山梨県,甲州市,勝沼町中原,0,0,0,0,0,0
19213,40913,4091302,ヤマナシケン,コウシュウシ,カツヌマチョウヒシヤマ,山梨県,甲州市,勝沼町菱山,0,0,0,0,0,0
19213,40913,4091311,ヤマナシケン,コウシュウシ,カツヌマチョウフカサワ,山梨県,甲州市,勝沼町深沢,0,0,0,0,0,0
19213,40913,4091314,ヤマナシケン,コウシュウシ,カツヌマチョウフジイ,山梨県,甲州市,勝沼町藤井,0,0,0,0,0,0
19213,40913,4091306,ヤマナシケン,コウシュウシ,カツヌマチョウヤマ,山梨県,甲州市,勝沼町山,0,0,0,0,0,0
19213,40913,4091305,ヤマナシケン,コウシュウシ,カツヌマチョウワタヅカ,山梨県,甲州市,勝沼町綿塚,0,0,0,0,0,0
19213,40912,4091202,ヤマナシケン,コウシュウシ,ヤマトチョウタノ,山梨県,甲州市,大和町田野,0,0,0,0,0,0
19213,40912,4091205,ヤマナシケン,コウシュウシ,ヤマトチョウツルセ,山梨県,甲州市,大和町鶴瀬,0,0,0,0,0,0
19213,40912,4091201,ヤマナシケン,コウシュウシ,ヤマトチョウトクサ,山梨県,甲州市,大和町木賊,0,0,0,0,0,0
19213,40912,4091203,ヤマナシケン,コウシュウシ,ヤマトチョウハジカノ,山梨県,甲州市,大和町初鹿野,0,0,0,0,0,0
19213,40912,4091204,ヤマナシケン,コウシュウシ,ヤマトチョウヒカゲ,山梨県,甲州市,大和町日影,0,0,0,0,0,0
19214,40938,4093800,ヤマナシケン,チュウオウシ,イカニケイサイガナイバアイ,山梨県,中央市,以下に掲載がない場合,0,0,0,1,0,0
19214,40015,4001514,ヤマナシケン,チュウオウシ,アサリ,山梨県,中央市,浅利,0,0,0,0,0,0
19214,40938,4093813,ヤマナシケン,チュウオウシ,イッチョウハタ,山梨県,中央市,一町畑,0,0,0,0,0,0
19214,40938,4093804,ヤマナシケン,チュウオウシ,イノクチ,山梨県,中央市,井之口,0,0,0,0,0,0
19214,40938,4093834,ヤマナシケン,チュウオウシ,イマフク,山梨県,中央市,今福,0,0,0,0,0,0
19214,40938,4093835,ヤマナシケン,チュウオウシ,イマフクシンデン,山梨県,中央市,今福新田,0,0,0,0,0,0
19214,40938,4093844,ヤマナシケン,チュウオウシ,ウスイアワラ,山梨県,中央市,臼井阿原,0,0,0,0,0,0
19214,40938,4093831,ヤマナシケン,チュウオウシ,オオダワ,山梨県,中央市,大田和,0,0,0,0,0,0
19214,40015,4001513,ヤマナシケン,チュウオウシ,オオトリイ,山梨県,中央市,大鳥居,0,0,0,0,0,0
19214,40938,4093812,ヤマナシケン,チュウオウシ,オトグロ,山梨県,中央市,乙黒,0,0,0,0,0,0
19214,40938,4093823,ヤマナシケン,チュウオウシ,カミサンジョウ,山梨県,中央市,上三條,0,0,0,0,0,0
19214,40015,4001511,ヤマナシケン,チュウオウシ,キハラ,山梨県,中央市,木原,0,0,0,0,0,0
19214,40938,4093811,ヤマナシケン,チュウオウシ,ゴクラクジ,山梨県,中央市,極楽寺,0,0,0,0,0,0
19214,40938,4093821,ヤマナシケン,チュウオウシ,シモカトウ,山梨県,中央市,下河東,0,0,0,0,0,0
19214,40938,4093822,ヤマナシケン,チュウオウシ,シモサンジョウ,山梨県,中央市,下三條,0,0,0,0,0,0
19214,40015,4001512,ヤマナシケン,チュウオウシ,セキハラ,山梨県,中央市,関原,0,0,0,0,0,0
19214,40015,4001515,ヤマナシケン,チュウオウシ,タカベ,山梨県,中央市,高部,0,0,0,0,0,0
19214,40938,4093801,ヤマナシケン,チュウオウシ,ナカダテ,山梨県,中央市,中楯,0,0,0,0,0,0
19214,40938,4093815,ヤマナシケン,チュウオウシ,ナルシマ,山梨県,中央市,成島,0,0,0,0,0,0
19214,40938,4093802,ヤマナシケン,チュウオウシ,ニシアライ,山梨県,中央市,西新居,0,0,0,0,0,0
19214,40938,4093843,ヤマナシケン,チュウオウシ,ニシハナワ,山梨県,中央市,西花輪,0,0,0,0,0,0
19214,40938,4093842,ヤマナシケン,チュウオウシ,ヒガシハナワ,山梨県,中央市,東花輪,0,0,0,0,0,0
19214,40938,4093833,ヤマナシケン,チュウオウシ,フジマキ,山梨県,中央市,藤巻,0,0,0,0,0,0
19214,40938,4093841,ヤマナシケン,チュウオウシ,フセ,山梨県,中央市,布施,0,0,0,0,0,0
19214,40938,4093832,ヤマナシケン,チュウオウシ,マゴメ,山梨県,中央市,馬籠,0,0,0,0,0,0
19214,40938,4093814,ヤマナシケン,チュウオウシ,マチノタ,山梨県,中央市,町之田,0,0,0,0,0,0
19214,40938,4093845,ヤマナシケン,チュウオウシ,ヤマノカミ,山梨県,中央市,山之神,0,0,0,0,0,0
19214,40938,4093803,ヤマナシケン,チュウオウシ,ワカミヤ,山梨県,中央市,若宮,0,0,0,0,0,0
19346,40936,4093600,ヤマナシケン,ニシヤツシログンイチカワミサトチョウ,イカニケイサイガナイバアイ,山梨県,西八代郡市川三郷町,以下に掲載がない場合,0,0,0,0,0,0
19346,40936,4093601,ヤマナシケン,ニシヤツシログンイチカワミサトチョウ,イチカワダイモン,山梨県,西八代郡市川三郷町,市川大門,0,0,0,0,0,0
19346,40932,4093234,ヤマナシケン,ニシヤツシログンイチカワミサトチョウ,イワシタ,山梨県,西八代郡市川三郷町,岩下,0,0,0,0,0,0
19346,40932,4093244,ヤマナシケン,ニシヤツシログンイチカワミサトチョウ,イワマ,山梨県,西八代郡市川三郷町,岩間,0,0,0,0,0,0
19346,40936,4093607,ヤマナシケン,ニシヤツシログンイチカワミサトチョウ,インザワ,山梨県,西八代郡市川三郷町,印沢,0,0,0,0,0,0
19346,40936,4093612,ヤマナシケン,ニシヤツシログンイチカワミサトチョウ,ウエノ,山梨県,西八代郡市川三郷町,上野,0,0,0,0,0,0
19346,40936,4093611,ヤマナシケン,ニシヤツシログンイチカワミサトチョウ,オオツカ,山梨県,西八代郡市川三郷町,大塚,0,0,0,0,0,0
19346,40932,4093231,ヤマナシケン,ニシヤツシログンイチカワミサトチョウ,オチイ,山梨県,西八代郡市川三郷町,落居,0,0,0,0,0,0
19346,40932,4093243,ヤマナシケン,ニシヤツシログンイチカワミサトチョウ,カモガリツムギ,山梨県,西八代郡市川三郷町,鴨狩津向,0,0,0,0,0,0
19346,40932,4093245,ヤマナシケン,ニシヤツシログンイチカワミサトチョウ,クスホ,山梨県,西八代郡市川三郷町,楠甫,0,0,0,0,0,0
19346,40936,4093603,ヤマナシケン,ニシヤツシログンイチカワミサトチョウ,クロザワ,山梨県,西八代郡市川三郷町,黒沢,0,0,0,0,0,0
19346,40932,4093233,ヤマナシケン,ニシヤツシログンイチカワミサトチョウ,ゴハチ,山梨県,西八代郡市川三郷町,五八,0,0,0,0,0,0
19346,40937,4093622,ヤマナシケン,ニシヤツシログンイチカワミサトチョウ,サンチョウ,山梨県,西八代郡市川三郷町,三帳,0,0,0,0,0,0
19346,40937,4093621,ヤマナシケン,ニシヤツシログンイチカワミサトチョウ,シモアシガワ,山梨県,西八代郡市川三郷町,下芦川,0,0,0,0,0,0
19346,40936,4093605,ヤマナシケン,ニシヤツシログンイチカワミサトチョウ,シモオオドリイ,山梨県,西八代郡市川三郷町,下大鳥居,0,0,0,0,0,0
19346,40936,4093606,ヤマナシケン,ニシヤツシログンイチカワミサトチョウ,タカタ,山梨県,西八代郡市川三郷町,高田,0,0,0,0,0,0
19346,40937,4093623,ヤマナシケン,ニシヤツシログンイチカワミサトチョウ,タカハギ,山梨県,西八代郡市川三郷町,高萩,0,0,0,0,0,0
19346,40932,4093241,ヤマナシケン,ニシヤツシログンイチカワミサトチョウ,ツヅラサワ,山梨県,西八代郡市川三郷町,葛籠沢,0,0,0,0,0,0
19346,40932,4093232,ヤマナシケン,ニシヤツシログンイチカワミサトチョウ,テラドコ,山梨県,西八代郡市川三郷町,寺所,0,0,0,0,0,0
19346,40937,4093625,ヤマナシケン,ニシヤツシログンイチカワミサトチョウ,ナカヤマ,山梨県,西八代郡市川三郷町,中山,0,0,0,0,0,0
19346,40937,4093624,ヤマナシケン,ニシヤツシログンイチカワミサトチョウ,ヌタ,山梨県,西八代郡市川三郷町,垈,0,0,0,0,0,0
19346,40937,4093626,ヤマナシケン,ニシヤツシログンイチカワミサトチョウ,ハタクマ,山梨県,西八代郡市川三郷町,畑熊,0,0,0,0,0,0
19346,40936,4093604,ヤマナシケン,ニシヤツシログンイチカワミサトチョウ,ハチノシリ,山梨県,西八代郡市川三郷町,八之尻,0,0,0,0,0,0
19346,40932,4093242,ヤマナシケン,ニシヤツシログンイチカワミサトチョウ,ミヤバラ,山梨県,西八代郡市川三郷町,宮原,0,0,0,0,0,0
19346,40936,4093602,ヤマナシケン,ニシヤツシログンイチカワミサトチョウ,ヤマホ,山梨県,西八代郡市川三郷町,山保,0,0,0,0,0,0
19364,40927,4092700,ヤマナシケン,ミナミコマグンハヤカワチョウ,イカニケイサイガナイバアイ,山梨県,南巨摩郡早川町,以下に掲載がない場合,0,0,0,0,0,0
19364,40927,4092733,ヤマナシケン,ミナミコマグンハヤカワチョウ,アカサワ,山梨県,南巨摩郡早川町,赤沢,0,0,0,0,0,0
19364,40927,4092734,ヤマナシケン,ミナミコマグンハヤカワチョウ,アメハタ,山梨県,南巨摩郡早川町,雨畑,0,0,0,0,0,0
19364,40927,4092703,ヤマナシケン,ミナミコマグンハヤカワチョウ,アラクラ,山梨県,南巨摩郡早川町,新倉,0,0,0,0,0,0
19364,40927,4092731,ヤマナシケン,ミナミコマグンハヤカワチョウ,オオシマ,山梨県,南巨摩郡早川町,大島,0,0,0,0,0,0
19364,40927,4092704,ヤマナシケン,ミナミコマグンハヤカワチョウ,オオハラノ,山梨県,南巨摩郡早川町,大原野,0,0,0,0,0,0
19364,40927,4092715,ヤマナシケン,ミナミコマグンハヤカワチョウ,キョウガシマ,山梨県,南巨摩郡早川町,京ケ島,0,0,0,0,0,0
19364,40927,4092714,ヤマナシケン,ミナミコマグンハヤカワチョウ,クサシオ,山梨県,南巨摩郡早川町,草塩,0,0,0,0,0,0
19364,40927,4092723,ヤマナシケン,ミナミコマグンハヤカワチョウ,クレツボ,山梨県,南巨摩郡早川町,榑坪,0,0,0,0,0,0
19364,40927,4092732,ヤマナシケン,ミナミコマグンハヤカワチョウ,コウジュウ,山梨県,南巨摩郡早川町,高住,0,0,0,0,0,0
19364,40927,4092725,ヤマナシケン,ミナミコマグンハヤカワチョウ,コナワ,山梨県,南巨摩郡早川町,小縄,0,0,0,0,0,0
19364,40927,4092722,ヤマナシケン,ミナミコマグンハヤカワチョウ,ササバシリ,山梨県,南巨摩郡早川町,笹走,0,0,0,0,0,0
19364,40927,4092721,ヤマナシケン,ミナミコマグンハヤカワチョウ,シオノウエ,山梨県,南巨摩郡早川町,塩之上,0,0,0,0,0,0
19364,40927,4092726,ヤマナシケン,ミナミコマグンハヤカワチョウ,センズワ,山梨県,南巨摩郡早川町,千須和,0,0,0,0,0,0
19364,40927,4092711,ヤマナシケン,ミナミコマグンハヤカワチョウ,ツヅラ,山梨県,南巨摩郡早川町,黒桂,0,0,0,0,0,0
19364,40927,4092701,ヤマナシケン,ミナミコマグンハヤカワチョウ,ナラダ,山梨県,南巨摩郡早川町,奈良田,0,0,0,0,0,0
19364,40927,4092712,ヤマナシケン,ミナミコマグンハヤカワチョウ,ニシノミヤ,山梨県,南巨摩郡早川町,西之宮,0,0,0,0,0,0
19364,40927,4092724,ヤマナシケン,ミナミコマグンハヤカワチョウ,ハジカジマ,山梨県,南巨摩郡早川町,初鹿島,0,0,0,0,0,0
19364,40927,4092705,ヤマナシケン,ミナミコマグンハヤカワチョウ,ハヤカワ,山梨県,南巨摩郡早川町,早川,0,0,0,0,0,0
19364,40927,4092713,ヤマナシケン,ミナミコマグンハヤカワチョウ,ホ,山梨県,南巨摩郡早川町,保,0,0,0,0,0,0
19364,40927,4092727,ヤマナシケン,ミナミコマグンハヤカワチョウ,ミナイ,山梨県,南巨摩郡早川町,薬袋,0,0,0,0,0,0
19364,40927,4092702,ヤマナシケン,ミナミコマグンハヤカワチョウ,ユジマ,山梨県,南巨摩郡早川町,湯島,0,0,0,0,0,0
19365,40925,4092500,ヤマナシケン,ミナミコマグンミノブチョウ,イカニケイサイガナイバアイ,山梨県,南巨摩郡身延町,以下に掲載がない場合,0,0,0,0,0,0
19365,40925,4092536,ヤマナシケン,ミナミコマグンミノブチョウ,アイマタ,山梨県,南巨摩郡身延町,相又,0,0,0,0,0,0
19365,40925,4092521,ヤマナシケン,ミナミコマグンミノブチョウ,アワグラ,山梨県,南巨摩郡身延町,粟倉,0,0,0,0,0,0
19365,40934,4093423,ヤマナシケン,ミナミコマグンミノブチョウ,イイトミ,山梨県,南巨摩郡身延町,飯富,0,0,0,0,0,0
19365,40929,4092938,ヤマナシケン,ミナミコマグンミノブチョウ,イチノセ,山梨県,南巨摩郡身延町,市之瀬,0,0,0,0,0,0
19365,40929,4092937,ヤマナシケン,ミナミコマグンミノブチョウ,イッシキ,山梨県,南巨摩郡身延町,一色,0,0,0,0,0,0
19365,40934,4093424,ヤマナシケン,ミナミコマグンミノブチョウ,イヌマ,山梨県,南巨摩郡身延町,伊沼,0,0,0,0,0,0
19365,40929,4092933,ヤマナシケン,ミナミコマグンミノブチョウ,イワカケ,山梨県,南巨摩郡身延町,岩欠,0,0,0,0,0,0
19365,40929,4092947,ヤマナシケン,ミナミコマグンミノブチョウ,ウエノタイラ,山梨県,南巨摩郡身延町,上之平,0,0,0,0,0,0
19365,40925,4092531,ヤマナシケン,ミナミコマグンミノブチョウ,ウメダイラ,山梨県,南巨摩郡身延町,梅平,0,0,0,0,0,0
19365,40934,4093434,ヤマナシケン,ミナミコマグンミノブチョウ,エジリクボ,山梨県,南巨摩郡身延町,江尻窪,0,0,0,0,0,0
19365,40929,4092934,ヤマナシケン,ミナミコマグンミノブチョウ,オイダイラ,山梨県,南巨摩郡身延町,大炊平,0,0,0,0,0,0
19365,40931,4093111,ヤマナシケン,ミナミコマグンミノブチョウ,オオイソコイソ,山梨県,南巨摩郡身延町,大磯小磯,0,0,0,0,0,0
19365,40924,4092406,ヤマナシケン,ミナミコマグンミノブチョウ,オオクズレ,山梨県,南巨摩郡身延町,大崩,0,0,0,0,0,0
19365,40933,4093311,ヤマナシケン,ミナミコマグンミノブチョウ,オオシオ,山梨県,南巨摩郡身延町,大塩,0,0,0,0,0,0
19365,40924,4092415,ヤマナシケン,ミナミコマグンミノブチョウ,オオシマ,山梨県,南巨摩郡身延町,大島,0,0,0,0,0,0
19365,40925,4092537,ヤマナシケン,ミナミコマグンミノブチョウ,オオジロ,山梨県,南巨摩郡身延町,大城,0,0,0,0,0,0
19365,40924,4092404,ヤマナシケン,ミナミコマグンミノブチョウ,オオヌタ,山梨県,南巨摩郡身延町,大垈,0,0,0,0,0,0
19365,40925,4092532,ヤマナシケン,ミナミコマグンミノブチョウ,オオノ,山梨県,南巨摩郡身延町,大野,0,0,0,0,0,0
19365,40931,4093121,ヤマナシケン,ミナミコマグンミノブチョウ,オオヤマ,山梨県,南巨摩郡身延町,大山,0,0,0,0,0,0
19365,40934,4093433,ヤマナシケン,ミナミコマグンミノブチョウ,オソザワ,山梨県,南巨摩郡身延町,遅沢,0,0,0,0,0,0
19365,40925,4092539,ヤマナシケン,ミナミコマグンミノブチョウ,オダフナハラ,山梨県,南巨摩郡身延町,小田船原,0,0,0,0,0,0
19365,40924,4092403,ヤマナシケン,ミナミコマグンミノブチョウ,オビカネ,山梨県,南巨摩郡身延町,帯金,0,0,0,0,0,0
19365,40931,4093101,ヤマナシケン,ミナミコマグンミノブチョウ,オリカド,山梨県,南巨摩郡身延町,折門,0,0,0,0,0,0
19365,40925,4092538,ヤマナシケン,ミナミコマグンミノブチョウ,カドノ,山梨県,南巨摩郡身延町,門野,0,0,0,0,0,0
19365,40931,4093105,ヤマナシケン,ミナミコマグンミノブチョウ,カマヒタイ,山梨県,南巨摩郡身延町,釜額,0,0,0,0,0,0
19365,40931,4093118,ヤマナシケン,ミナミコマグンミノブチョウ,カミタンバラ,山梨県,南巨摩郡身延町,上田原,0,0,0,0,0,0
19365,40924,4092401,ヤマナシケン,ミナミコマグンミノブチョウ,カミヤギサワ,山梨県,南巨摩郡身延町,上八木沢,0,0,0,0,0,0
19365,40929,4092943,ヤマナシケン,ミナミコマグンミノブチョウ,カワムキ,山梨県,南巨摩郡身延町,川向,0,0,0,0,0,0
19365,40929,4092931,ヤマナシケン,ミナミコマグンミノブチョウ,キタガワ,山梨県,南巨摩郡身延町,北川,0,0,0,0,0,0
19365,40929,4092935,ヤマナシケン,ミナミコマグンミノブチョウ,キヨザワ,山梨県,南巨摩郡身延町,清沢,0,0,0,0,0,0
19365,40933,4093304,ヤマナシケン,ミナミコマグンミノブチョウ,キリイシ,山梨県,南巨摩郡身延町,切石,0,0,0,0,0,0
19365,40931,4093115,ヤマナシケン,ミナミコマグンミノブチョウ,キリフサギ,山梨県,南巨摩郡身延町,切房木,0,0,0,0,0,0
19365,40933,4093312,ヤマナシケン,ミナミコマグンミノブチョウ,クナリ,山梨県,南巨摩郡身延町,久成,0,0,0,0,0,0
19365,40931,4093122,ヤマナシケン,ミナミコマグンミノブチョウ,クボ,山梨県,南巨摩郡身延町,久保,0,0,0,0,0,0
19365,40931,4093123,ヤマナシケン,ミナミコマグンミノブチョウ,クマザワ,山梨県,南巨摩郡身延町,熊沢,0,0,0,0,0,0
19365,40931,4093116,ヤマナシケン,ミナミコマグンミノブチョウ,クルマダ,山梨県,南巨摩郡身延町,車田,0,0,0,0,0,0
19365,40931,4093112,ヤマナシケン,ミナミコマグンミノブチョウ,シバクサ,山梨県,南巨摩郡身延町,芝草,0,0,0,0,0,0
19365,40933,4093305,ヤマナシケン,ミナミコマグンミノブチョウ,シモタンバラ,山梨県,南巨摩郡身延町,下田原,0,0,0,0,0,0
19365,40929,4092942,ヤマナシケン,ミナミコマグンミノブチョウ,シモベ,山梨県,南巨摩郡身延町,下部,0,0,0,0,0,0
19365,40924,4092402,ヤマナシケン,ミナミコマグンミノブチョウ,シモヤギサワ,山梨県,南巨摩郡身延町,下八木沢,0,0,0,0,0,0
19365,40925,4092522,ヤマナシケン,ミナミコマグンミノブチョウ,シモヤマ,山梨県,南巨摩郡身延町,下山,0,0,0,0,0,0
19365,40929,4092932,ヤマナシケン,ミナミコマグンミノブチョウ,スギヤマ,山梨県,南巨摩郡身延町,杉山,0,0,0,0,0,0
19365,40925,4092533,ヤマナシケン,ミナミコマグンミノブチョウ,セイゴ,山梨県,南巨摩郡身延町,清子,0,0,0,0,0,0
19365,40931,4093107,ヤマナシケン,ミナミコマグンミノブチョウ,セト,山梨県,南巨摩郡身延町,瀬戸,0,0,0,0,0,0
19365,40929,4092946,ヤマナシケン,ミナミコマグンミノブチョウ,ダイゴ,山梨県,南巨摩郡身延町,大子,0,0,0,0,0,0
19365,40924,4092412,ヤマナシケン,ミナミコマグンミノブチョウ,ツノウチ,山梨県,南巨摩郡身延町,角打,0,0,0,0,0,0
19365,40924,4092405,ヤマナシケン,ミナミコマグンミノブチョウ,ツバキゾウリ,山梨県,南巨摩郡身延町,椿草里,0,0,0,0,0,0
19365,40933,4093302,ヤマナシケン,ミナミコマグンミノブチョウ,テウチザワ,山梨県,南巨摩郡身延町,手打沢,0,0,0,0,0,0
19365,40933,4093303,ヤマナシケン,ミナミコマグンミノブチョウ,テラサワ,山梨県,南巨摩郡身延町,寺沢,0,0,0,0,0,0
19365,40931,4093124,ヤマナシケン,ミナミコマグンミノブチョウ,トイダ,山梨県,南巨摩郡身延町,樋田,0,0,0,0,0,0
19365,40929,4092936,ヤマナシケン,ミナミコマグンミノブチョウ,トキワ,山梨県,南巨摩郡身延町,常葉,0,0,0,0,0,0
19365,40931,4093104,ヤマナシケン,ミナミコマグンミノブチョウ,ナカノクラ,山梨県,南巨摩郡身延町,中之倉,0,0,0,0,0,0
19365,40934,4093432,ヤマナシケン,ミナミコマグンミノブチョウ,ナカヤマ,山梨県,南巨摩郡身延町,中山,0,0,0,0,0,0
19365,40934,4093435,ヤマナシケン,ミナミコマグンミノブチョウ,ナシゴ,山梨県,南巨摩郡身延町,梨子,0,0,0,0,0,0
19365,40933,4093301,ヤマナシケン,ミナミコマグンミノブチョウ,ニシジマ,山梨県,南巨摩郡身延町,西嶋,0,0,0,0,0,0
19365,40931,4093103,ヤマナシケン,ミナミコマグンミノブチョウ,ネッコ,山梨県,南巨摩郡身延町,根子,0,0,0,0,0,0
19365,40925,4092523,ヤマナシケン,ミナミコマグンミノブチョウ,ハキイ,山梨県,南巨摩郡身延町,波木井,0,0,0,0,0,0
19365,40929,4092945,ヤマナシケン,ミナミコマグンミノブチョウ,ハダカジマ,山梨県,南巨摩郡身延町,波高島,0,0,0,0,0,0
19365,40931,4093102,ヤマナシケン,ミナミコマグンミノブチョウ,ハッサカ,山梨県,南巨摩郡身延町,八坂,0,0,0,0,0,0
19365,40933,4093307,ヤマナシケン,ミナミコマグンミノブチョウ,ヒナタミナミザワ,山梨県,南巨摩郡身延町,日向南沢,0,0,0,0,0,0
19365,40924,4092414,ヤマナシケン,ミナミコマグンミノブチョウ,ヒノウエ,山梨県,南巨摩郡身延町,樋之上,0,0,0,0,0,0
19365,40933,4093313,ヤマナシケン,ミナミコマグンミノブチョウ,ヒラス,山梨県,南巨摩郡身延町,平須,0,0,0,0,0,0
19365,40934,4093436,ヤマナシケン,ミナミコマグンミノブチョウ,フクハラ,山梨県,南巨摩郡身延町,福原,0,0,0,0,0,0
19365,40931,4093106,ヤマナシケン,ミナミコマグンミノブチョウ,フルセキ,山梨県,南巨摩郡身延町,古関,0,0,0,0,0,0
19365,40934,4093437,ヤマナシケン,ミナミコマグンミノブチョウ,フルハセ,山梨県,南巨摩郡身延町,古長谷,0,0,0,0,0,0
19365,40924,4092411,ヤマナシケン,ミナミコマグンミノブチョウ,マルタキ,山梨県,南巨摩郡身延町,丸滝,0,0,0,0,0,0
19365,40931,4093117,ヤマナシケン,ミナミコマグンミノブチョウ,ミサワ,山梨県,南巨摩郡身延町,三沢,0,0,0,0,0,0
19365,40931,4093113,ヤマナシケン,ミナミコマグンミノブチョウ,ミズフネ,山梨県,南巨摩郡身延町,水船,0,0,0,0,0,0
19365,40931,4093114,ヤマナシケン,ミナミコマグンミノブチョウ,ミチ,山梨県,南巨摩郡身延町,道,0,0,0,0,0,0
19365,40925,4092534,ヤマナシケン,ミナミコマグンミノブチョウ,ミツゴザワ,山梨県,南巨摩郡身延町,光子沢,0,0,0,0,0,0
19365,40931,4093125,ヤマナシケン,ミナミコマグンミノブチョウ,ミネ,山梨県,南巨摩郡身延町,嶺,0,0,0,0,0,0
19365,40925,4092524,ヤマナシケン,ミナミコマグンミノブチョウ,ミノブ,山梨県,南巨摩郡身延町,身延,0,0,0,0,0,0
19365,40934,4093422,ヤマナシケン,ミナミコマグンミノブチョウ,ミヤキ,山梨県,南巨摩郡身延町,宮木,0,0,0,0,0,0
19365,40929,4092944,ヤマナシケン,ミナミコマグンミノブチョウ,モモガクボ,山梨県,南巨摩郡身延町,桃ケ窪,0,0,0,0,0,0
19365,40934,4093431,ヤマナシケン,ミナミコマグンミノブチョウ,ヤサイク,山梨県,南巨摩郡身延町,矢細工,0,0,0,0,0,0
19365,40931,4093126,ヤマナシケン,ミナミコマグンミノブチョウ,ヤマガ,山梨県,南巨摩郡身延町,山家,0,0,0,0,0,0
19365,40929,4092941,ヤマナシケン,ミナミコマグンミノブチョウ,ユノオク,山梨県,南巨摩郡身延町,湯之奥,0,0,0,0,0,0
19365,40934,4093421,ヤマナシケン,ミナミコマグンミノブチョウ,ヨウカイチバ,山梨県,南巨摩郡身延町,八日市場,0,0,0,0,0,0
19365,40933,4093306,ヤマナシケン,ミナミコマグンミノブチョウ,ヨゴサワ,山梨県,南巨摩郡身延町,夜子沢,0,0,0,0,0,0
19365,40925,4092535,ヤマナシケン,ミナミコマグンミノブチョウ,ヨコネナカ,山梨県,南巨摩郡身延町,横根中,0,0,0,0,0,0
19365,40924,4092413,ヤマナシケン,ミナミコマグンミノブチョウ,ワダ,山梨県,南巨摩郡身延町,和田,0,0,0,0,0,0
19366,40922,4092100,ヤマナシケン,ミナミコマグンナンブチョウ,イカニケイサイガナイバアイ,山梨県,南巨摩郡南部町,以下に掲載がない場合,0,0,0,0,0,0
19366,40923,4092304,ヤマナシケン,ミナミコマグンナンブチョウ,イデ,山梨県,南巨摩郡南部町,井出,0,0,0,0,0,0
19366,40923,4092305,ヤマナシケン,ミナミコマグンナンブチョウ,ウツブナ,山梨県,南巨摩郡南部町,内船,0,0,0,0,0,0
19366,40922,4092213,ヤマナシケン,ミナミコマグンナンブチョウ,オオワ,山梨県,南巨摩郡南部町,大和,0,0,0,0,0,0
19366,40921,4092101,ヤマナシケン,ミナミコマグンナンブチョウ,カゾネ,山梨県,南巨摩郡南部町,楮根,0,0,0,0,0,0
19366,40923,4092301,ヤマナシケン,ミナミコマグンナンブチョウ,カミサノ,山梨県,南巨摩郡南部町,上佐野,0,0,0,0,0,0
19366,40922,4092214,ヤマナシケン,ミナミコマグンナンブチョウ,シオザワ,山梨県,南巨摩郡南部町,塩沢,0,0,0,0,0,0
19366,40923,4092302,ヤマナシケン,ミナミコマグンナンブチョウ,シモサノ,山梨県,南巨摩郡南部町,下佐野,0,0,0,0,0,0
19366,40923,4092303,ヤマナシケン,ミナミコマグンナンブチョウ,トオシマ,山梨県,南巨摩郡南部町,十島,0,0,0,0,0,0
19366,40922,4092211,ヤマナシケン,ミナミコマグンナンブチョウ,ナカノ,山梨県,南巨摩郡南部町,中野,0,0,0,0,0,0
19366,40922,4092216,ヤマナシケン,ミナミコマグンナンブチョウ,ナルシマ,山梨県,南巨摩郡南部町,成島,0,0,0,0,0,0
19366,40922,4092212,ヤマナシケン,ミナミコマグンナンブチョウ,ナンブ,山梨県,南巨摩郡南部町,南部,0,0,0,0,0,0
19366,40921,4092102,ヤマナシケン,ミナミコマグンナンブチョウ,フクシ,山梨県,南巨摩郡南部町,福士,0,0,0,0,0,0
19366,40922,4092217,ヤマナシケン,ミナミコマグンナンブチョウ,ホンゴウ,山梨県,南巨摩郡南部町,本郷,0,0,0,0,0,0
19366,40921,4092103,ヤマナシケン,ミナミコマグンナンブチョウ,マンザワ,山梨県,南巨摩郡南部町,万沢,0,0,0,0,0,0
19366,40922,4092215,ヤマナシケン,ミナミコマグンナンブチョウ,ヤナギシマ,山梨県,南巨摩郡南部町,柳島,0,0,0,0,0,0
19368,40005,4000500,ヤマナシケン,ミナミコマグンフジカワチョウ,イカニケイサイガナイバアイ,山梨県,南巨摩郡富士川町,以下に掲載がない場合,0,0,0,0,0,0
19368,40005,4000501,ヤマナシケン,ミナミコマグンフジカワチョウ,アオヤギマチ,山梨県,南巨摩郡富士川町,青柳町,0,0,0,0,0,0
19368,40006,4000602,ヤマナシケン,ミナミコマグンフジカワチョウ,エキマエドオリ,山梨県,南巨摩郡富士川町,駅前通,0,0,1,0,0,0
19368,40005,4000506,ヤマナシケン,ミナミコマグンフジカワチョウ,オオクヌギ,山梨県,南巨摩郡富士川町,大椚,0,0,0,0,0,0
19368,40005,4000511,ヤマナシケン,ミナミコマグンフジカワチョウ,オオクボ,山梨県,南巨摩郡富士川町,大久保,0,0,0,0,0,0
19368,40006,4000601,ヤマナシケン,ミナミコマグンフジカワチョウ,カジカザワ,山梨県,南巨摩郡富士川町,鰍沢,0,0,0,0,0,0
19368,40006,4000603,ヤマナシケン,ミナミコマグンフジカワチョウ,カシマ,山梨県,南巨摩郡富士川町,鹿島,0,0,0,0,0,0
19368,40005,4000504,ヤマナシケン,ミナミコマグンフジカワチョウ,コバヤシ,山梨県,南巨摩郡富士川町,小林,0,0,0,0,0,0
19368,40005,4000512,ヤマナシケン,ミナミコマグンフジカワチョウ,コムロ,山梨県,南巨摩郡富士川町,小室,0,0,0,0,0,0
19368,40005,4000502,ヤマナシケン,ミナミコマグンフジカワチョウ,サイショウジ,山梨県,南巨摩郡富士川町,最勝寺,0,0,0,0,0,0
19368,40006,4000606,ヤマナシケン,ミナミコマグンフジカワチョウ,ジッコク,山梨県,南巨摩郡富士川町,十谷,0,0,0,0,0,0
19368,40005,4000513,ヤマナシケン,ミナミコマグンフジカワチョウ,タカオリ,山梨県,南巨摩郡富士川町,高下,0,0,0,0,0,0
19368,40006,4000608,ヤマナシケン,ミナミコマグンフジカワチョウ,チョウチザワ,山梨県,南巨摩郡富士川町,長知沢,0,0,0,0,0,0
19368,40005,4000515,ヤマナシケン,ミナミコマグンフジカワチョウ,ツキヨネ,山梨県,南巨摩郡富士川町,舂米,0,0,0,0,0,0
19368,40005,4000503,ヤマナシケン,ミナミコマグンフジカワチョウ,テンジンナカジョウ,山梨県,南巨摩郡富士川町,天神中條,0,0,0,0,0,0
19368,40006,4000607,ヤマナシケン,ミナミコマグンフジカワチョウ,トヤ,山梨県,南巨摩郡富士川町,鳥屋,0,0,0,0,0,0
19368,40005,4000505,ヤマナシケン,ミナミコマグンフジカワチョウ,ナガサワ,山梨県,南巨摩郡富士川町,長澤,0,0,0,0,0,0
19368,40006,4000604,ヤマナシケン,ミナミコマグンフジカワチョウ,ハコバラ,山梨県,南巨摩郡富士川町,箱原,0,0,0,0,0,0
19368,40005,4000514,ヤマナシケン,ミナミコマグンフジカワチョウ,ヒラバヤシ,山梨県,南巨摩郡富士川町,平林,0,0,0,0,0,0
19368,40006,4000605,ヤマナシケン,ミナミコマグンフジカワチョウ,ヤナガワ,山梨県,南巨摩郡富士川町,柳川,0,0,0,0,0,0
19384,40938,4093800,ヤマナシケン,ナカコマグンショウワチョウ,イカニケイサイガナイバアイ,山梨県,中巨摩郡昭和町,以下に掲載がない場合,0,0,0,1,0,0
19384,40938,4093852,ヤマナシケン,ナカコマグンショウワチョウ,イックイ,山梨県,中巨摩郡昭和町,飯喰,0,0,0,0,0,0
19384,40938,4093864,ヤマナシケン,ナカコマグンショウワチョウ,オシコシ,山梨県,中巨摩郡昭和町,押越,0,0,0,0,0,0
19384,40938,4093851,ヤマナシケン,ナカコマグンショウワチョウ,カサイ,山梨県,中巨摩郡昭和町,河西,0,0,0,0,0,0
19384,40938,4093863,ヤマナシケン,ナカコマグンショウワチョウ,カトウナカジマ,山梨県,中巨摩郡昭和町,河東中島,0,0,0,0,0,0
19384,40938,4093862,ヤマナシケン,ナカコマグンショウワチョウ,カミガトウ,山梨県,中巨摩郡昭和町,上河東,0,0,0,0,0,0
19384,40938,4093861,ヤマナシケン,ナカコマグンショウワチョウ,カミスキアワラ,山梨県,中巨摩郡昭和町,紙漉阿原,0,0,0,0,0,0
19384,40938,4093866,ヤマナシケン,ナカコマグンショウワチョウ,サイジョウ,山梨県,中巨摩郡昭和町,西条,0,0,0,0,0,0
19384,40938,4093865,ヤマナシケン,ナカコマグンショウワチョウ,サイジョウシンデン,山梨県,中巨摩郡昭和町,西条新田,0,0,0,0,0,0
19384,40938,4093867,ヤマナシケン,ナカコマグンショウワチョウ,シミズアライ,山梨県,中巨摩郡昭和町,清水新居,0,0,0,0,0,0
19384,40938,4093853,ヤマナシケン,ナカコマグンショウワチョウ,ツイジアライ,山梨県,中巨摩郡昭和町,築地新居,0,0,0,0,0,0
19384,40938,4093854,ヤマナシケン,ナカコマグンショウワチョウ,ツイジシンデン,山梨県,中巨摩郡昭和町,築地新田,0,0,0,0,0,0
19422,40202,4020200,ヤマナシケン,ミナミツルグンドウシムラ,イカニケイサイガナイバアイ,山梨県,南都留郡道志村,以下に掲載がない場合,0,0,0,0,0,0
19422,40202,4020225,ヤマナシケン,ミナミツルグンドウシムラ,イタバシ,山梨県,南都留郡道志村,板橋,0,0,0,0,0,0
19422,40202,4020207,ヤマナシケン,ミナミツルグンドウシムラ,オオグリ,山梨県,南都留郡道志村,大栗,0,0,0,0,0,0
19422,40202,4020215,ヤマナシケン,ミナミツルグンドウシムラ,オオザス,山梨県,南都留郡道志村,大指,0,0,0,0,0,0
19422,40202,4020202,ヤマナシケン,ミナミツルグンドウシムラ,オオノ,山梨県,南都留郡道志村,大野,0,0,0,0,0,0
19422,40202,4020204,ヤマナシケン,ミナミツルグンドウシムラ,オオムロザス,山梨県,南都留郡道志村,大室指,0,0,0,0,0,0
19422,40202,4020214,ヤマナシケン,ミナミツルグンドウシムラ,カワラハタ,山梨県,南都留郡道志村,川原畑,0,0,0,0,0,0
19422,40202,4020216,ヤマナシケン,ミナミツルグンドウシムラ,カマノマエ,山梨県,南都留郡道志村,釜之前,0,0,0,0,0,0
19422,40202,4020227,ヤマナシケン,ミナミツルグンドウシムラ,カミシロイタイラ,山梨県,南都留郡道志村,上白井平,0,0,0,0,0,0
19422,40202,4020223,ヤマナシケン,ミナミツルグンドウシムラ,カミゼンノキ,山梨県,南都留郡道志村,上善之木,0,0,0,0,0,0
19422,40202,4020221,ヤマナシケン,ミナミツルグンドウシムラ,カミナカヤマ,山梨県,南都留郡道志村,上中山,0,0,0,0,0,0
19422,40202,4020224,ヤマナシケン,ミナミツルグンドウシムラ,カワムラ,山梨県,南都留郡道志村,川村,0,0,0,0,0,0
19422,40202,4020203,ヤマナシケン,ミナミツルグンドウシムラ,クボ,山梨県,南都留郡道志村,久保,0,0,0,0,0,0
19422,40202,4020206,ヤマナシケン,ミナミツルグンドウシムラ,コゼンジ,山梨県,南都留郡道志村,小善地,0,0,0,0,0,0
19422,40202,4020226,ヤマナシケン,ミナミツルグンドウシムラ,シモシロイタイラ,山梨県,南都留郡道志村,下白井平,0,0,0,0,0,0
19422,40202,4020222,ヤマナシケン,ミナミツルグンドウシムラ,シモゼンノキ,山梨県,南都留郡道志村,下善之木,0,0,0,0,0,0
19422,40202,4020219,ヤマナシケン,ミナミツルグンドウシムラ,シモナカヤマ,山梨県,南都留郡道志村,下中山,0,0,0,0,0,0
19422,40202,4020209,ヤマナシケン,ミナミツルグンドウシムラ,タケノモト,山梨県,南都留郡道志村,竹之本,0,0,0,0,0,0
19422,40202,4020201,ヤマナシケン,ミナミツルグンドウシムラ,ツキヨノ,山梨県,南都留郡道志村,月夜野,0,0,0,0,0,0
19422,40202,4020205,ヤマナシケン,ミナミツルグンドウシムラ,ツバキ,山梨県,南都留郡道志村,椿,0,0,0,0,0,0
19422,40202,4020218,ヤマナシケン,ミナミツルグンドウシムラ,ナカカンジ,山梨県,南都留郡道志村,中神地,0,0,0,0,0,0
19422,40202,4020228,ヤマナシケン,ミナミツルグンドウシムラ,ナガマタ,山梨県,南都留郡道志村,長又,0,0,0,0,0,0
19422,40202,4020212,ヤマナシケン,ミナミツルグンドウシムラ,ニシワデムラ,山梨県,南都留郡道志村,西和出村,0,0,0,0,0,0
19422,40202,4020208,ヤマナシケン,ミナミツルグンドウシムラ,バンバ,山梨県,南都留郡道志村,馬場,0,0,0,0,0,0
19422,40202,4020217,ヤマナシケン,ミナミツルグンドウシムラ,ヒガシカンジ,山梨県,南都留郡道志村,東神地,0,0,0,0,0,0
19422,40202,4020211,ヤマナシケン,ミナミツルグンドウシムラ,ヒガシワデムラ,山梨県,南都留郡道志村,東和出村,0,0,0,0,0,0
19422,40202,4020213,ヤマナシケン,ミナミツルグンドウシムラ,ヤソウ,山梨県,南都留郡道志村,谷相,0,0,0,0,0,0
19423,403  ,4030000,ヤマナシケン,ミナミツルグンニシカツラチョウ,イカニケイサイガナイバアイ,山梨県,南都留郡西桂町,以下に掲載がない場合,0,0,0,1,0,0
19423,403  ,4030022,ヤマナシケン,ミナミツルグンニシカツラチョウ,オヌマ,山梨県,南都留郡西桂町,小沼,0,0,0,0,0,0
19423,403  ,4030023,ヤマナシケン,ミナミツルグンニシカツラチョウ,クラミ,山梨県,南都留郡西桂町,倉見,0,0,0,0,0,0
19423,403  ,4030021,ヤマナシケン,ミナミツルグンニシカツラチョウ,シモクレチ,山梨県,南都留郡西桂町,下暮地,0,0,0,0,0,0
19424,40105,4010500,ヤマナシケン,ミナミツルグンオシノムラ,イカニケイサイガナイバアイ,山梨県,南都留郡忍野村,以下に掲載がない場合,0,0,0,1,0,0
19424,40105,4010512,ヤマナシケン,ミナミツルグンオシノムラ,ウチノ,山梨県,南都留郡忍野村,内野,0,0,0,0,0,0
19424,40105,4010511,ヤマナシケン,ミナミツルグンオシノムラ,シボクサ,山梨県,南都留郡忍野村,忍草,0,0,0,0,0,0
19425,40105,4010500,ヤマナシケン,ミナミツルグンヤマナカコムラ,イカニケイサイガナイバアイ,山梨県,南都留郡山中湖村,以下に掲載がない場合,0,0,0,1,0,0
19425,40105,4010502,ヤマナシケン,ミナミツルグンヤマナカコムラ,ヒラノ,山梨県,南都留郡山中湖村,平野,0,0,0,0,0,0
19425,40105,4010501,ヤマナシケン,ミナミツルグンヤマナカコムラ,ヤマナカ,山梨県,南都留郡山中湖村,山中,0,0,0,0,0,0
19429,40103,4010320,ヤマナシケン,ミナミツルグンナルサワムラ,ナルサワムライチエン,山梨県,南都留郡鳴沢村,鳴沢村一円,0,0,0,0,0,0
19430,40103,4010300,ヤマナシケン,ミナミツルグンフジカワグチコマチ,イカニケイサイガナイバアイ,山梨県,南都留郡富士河口湖町,以下に掲載がない場合,0,0,0,0,0,0
19430,40103,4010303,ヤマナシケン,ミナミツルグンフジカワグチコマチ,アザガワ,山梨県,南都留郡富士河口湖町,浅川,0,0,0,0,0,0
19430,40103,4010335,ヤマナシケン,ミナミツルグンフジカワグチコマチ,オオアラシ,山梨県,南都留郡富士河口湖町,大嵐,0,0,0,0,0,0
19430,40103,4010305,ヤマナシケン,ミナミツルグンフジカワグチコマチ,オオイシ,山梨県,南都留郡富士河口湖町,大石,0,0,0,0,0,0
19430,40103,4010310,ヤマナシケン,ミナミツルグンフジカワグチコマチ,カツヤマ,山梨県,南都留郡富士河口湖町,勝山,0,0,0,0,0,0
19430,40103,4010304,ヤマナシケン,ミナミツルグンフジカワグチコマチ,カワグチ,山梨県,南都留郡富士河口湖町,河口,0,0,0,0,0,0
19430,40103,4010302,ヤマナシケン,ミナミツルグンフジカワグチコマチ,コダチ,山梨県,南都留郡富士河口湖町,小立,0,0,0,0,0,0
19430,40103,4010332,ヤマナシケン,ミナミツルグンフジカワグチコマチ,サイコ,山梨県,南都留郡富士河口湖町,西湖,0,0,0,0,0,0
19430,40103,4010333,ヤマナシケン,ミナミツルグンフジカワグチコマチ,サイコニシ,山梨県,南都留郡富士河口湖町,西湖西,0,0,0,0,0,0
19430,40103,4010334,ヤマナシケン,ミナミツルグンフジカワグチコマチ,サイコミナミ,山梨県,南都留郡富士河口湖町,西湖南,0,0,0,0,0,0
19430,40937,4010336,ヤマナシケン,ミナミツルグンフジカワグチコマチ,ショウジ,山梨県,南都留郡富士河口湖町,精進,0,0,0,0,0,0
19430,40103,4010331,ヤマナシケン,ミナミツルグンフジカワグチコマチ,ナガハマ,山梨県,南都留郡富士河口湖町,長浜,0,0,0,0,0,0
19430,40937,4010338,ヤマナシケン,ミナミツルグンフジカワグチコマチ,フジガネ,山梨県,南都留郡富士河口湖町,富士ケ嶺,0,0,0,0,0,0
19430,40103,4010301,ヤマナシケン,ミナミツルグンフジカワグチコマチ,フナツ,山梨県,南都留郡富士河口湖町,船津,0,0,0,0,0,0
19430,40937,4010337,ヤマナシケン,ミナミツルグンフジカワグチコマチ,モトス,山梨県,南都留郡富士河口湖町,本栖,0,0,0,0,0,0
19442,40902,4090200,ヤマナシケン,キタツルグンコスゲムラ,イカニケイサイガナイバアイ,山梨県,北都留郡小菅村,以下に掲載がない場合,0,0,0,0,0,0
19442,40902,4090142,ヤマナシケン,キタツルグンコスゲムラ,コスゲムラ(1-663),山梨県,北都留郡小菅村,小菅村（１〜６６３）,1,0,0,0,0,0
19442,40902,4090211,ヤマナシケン,キタツルグンコスゲムラ,コスゲムラ(664イジョウ),山梨県,北都留郡小菅村,小菅村（６６４以上）,1,0,0,0,0,0
19443,40903,4090300,ヤマナシケン,キタツルグンタバヤマムラ,イカニケイサイガナイバアイ,山梨県,北都留郡丹波山村,以下に掲載がない場合,0,0,0,0,0,0
19443,40903,4090301,ヤマナシケン,キタツルグンタバヤマムラ,オクアキ,山梨県,北都留郡丹波山村,奥秋,0,0,0,0,0,0
19443,40903,4090306,ヤマナシケン,キタツルグンタバヤマムラ,オシガイト,山梨県,北都留郡丹波山村,押垣外,0,0,0,0,0,0
19443,40903,4090314,ヤマナシケン,キタツルグンタバヤマムラ,オマツリ,山梨県,北都留郡丹波山村,御祭,0,0,0,0,0,0
19443,40903,4090313,ヤマナシケン,キタツルグンタバヤマムラ,オヤガワ,山梨県,北都留郡丹波山村,親川,0,0,0,0,0,0
19443,40903,4090302,ヤマナシケン,キタツルグンタバヤマムラ,カミグミ,山梨県,北都留郡丹波山村,上組,0,0,0,0,0,0
19443,40903,4090318,ヤマナシケン,キタツルグンタバヤマムラ,カモサワ,山梨県,北都留郡丹波山村,鴨沢,0,0,0,0,0,0
19443,40903,4090317,ヤマナシケン,キタツルグンタバヤマムラ,コソデ,山梨県,北都留郡丹波山村,小袖,0,0,0,0,0,0
19443,40903,4090304,ヤマナシケン,キタツルグンタバヤマムラ,シモグミ,山梨県,北都留郡丹波山村,下組,0,0,0,0,0,0
19443,40903,4090315,ヤマナシケン,キタツルグンタバヤマムラ,スギナクボ,山梨県,北都留郡丹波山村,杉奈久保,0,0,0,0,0,0
19443,40903,4090305,ヤマナシケン,キタツルグンタバヤマムラ,タカオ,山梨県,北都留郡丹波山村,高尾,0,0,0,0,0,0
19443,40903,4090312,ヤマナシケン,キタツルグンタバヤマムラ,タカハタ,山梨県,北都留郡丹波山村,高畑,0,0,0,0,0,0
19443,40903,4090316,ヤマナシケン,キタツルグンタバヤマムラ,トコロハタ,山梨県,北都留郡丹波山村,所畑,0,0,0,0,0,0
19443,40903,4090303,ヤマナシケン,キタツルグンタバヤマムラ,ナカグミ,山梨県,北都留郡丹波山村,中組,0,0,0,0,0,0
19443,40903,4090311,ヤマナシケン,キタツルグンタバヤマムラ,ホノセ,山梨県,北都留郡丹波山村,保之瀬,0,0,0,0,0,0
