41201,849  ,8490000,サガケン,サガシ,イカニケイサイガナイバアイ,佐賀県,佐賀市,以下に掲載がない場合,0,0,0,0,0,0
41201,840  ,8400812,サガケン,サガシ,アイケイチョウ,佐賀県,佐賀市,愛敬町,0,0,0,0,0,0
41201,840  ,8400042,サガケン,サガシ,アカマツマチ,佐賀県,佐賀市,赤松町,0,0,0,0,0,0
41201,840  ,8400053,サガケン,サガシ,アサヒマチ,佐賀県,佐賀市,朝日町,0,0,0,0,0,0
41201,840  ,8400844,サガケン,サガシ,イセマチ,佐賀県,佐賀市,伊勢町,0,0,0,0,0,0
41201,840  ,8400052,サガケン,サガシ,イマシュクマチ,佐賀県,佐賀市,今宿町,0,0,0,0,0,0
41201,840  ,8400801,サガケン,サガシ,エキマエチュウオウ,佐賀県,佐賀市,駅前中央,0,0,1,0,0,0
41201,840  ,8400816,サガケン,サガシ,エキミナミホンマチ,佐賀県,佐賀市,駅南本町,0,0,0,0,0,0
41201,840  ,8400811,サガケン,サガシ,オオタカラ,佐賀県,佐賀市,大財,0,0,1,0,0,0
41201,840  ,8400802,サガケン,サガシ,オオタカラキタマチ,佐賀県,佐賀市,大財北町,0,0,0,0,0,0
41201,840  ,8400021,サガケン,サガシ,オニマルチョウ,佐賀県,佐賀市,鬼丸町,0,0,0,0,0,0
41201,849  ,8490933,サガケン,サガシ,オロシホンマチ,佐賀県,佐賀市,卸本町,0,0,0,0,0,0
41201,849  ,8490934,サガケン,サガシ,カイセイ,佐賀県,佐賀市,開成,0,0,1,0,0,0
41201,840  ,8400862,サガケン,サガシ,カセマチオウギマチ,佐賀県,佐賀市,嘉瀬町扇町,0,0,0,0,0,0
41201,840  ,8400864,サガケン,サガシ,カセマチオギノ,佐賀県,佐賀市,嘉瀬町荻野,0,0,0,0,0,0
41201,840  ,8400863,サガケン,サガシ,カセマチジュウゴ,佐賀県,佐賀市,嘉瀬町十五,0,0,0,0,0,0
41201,840  ,8400861,サガケン,サガシ,カセマチナカバル,佐賀県,佐賀市,嘉瀬町中原,0,0,0,0,0,0
41201,840  ,8400806,サガケン,サガシ,カミゾノ,佐賀県,佐賀市,神園,0,0,1,0,0,0
41201,84022,8402212,サガケン,サガシ,カワソエマチイヌイドウ,佐賀県,佐賀市,川副町犬井道,0,0,0,0,0,0
41201,84022,8402211,サガケン,サガシ,カワソエマチオオダクマ,佐賀県,佐賀市,川副町大詫間,0,0,0,0,0,0
41201,84022,8402213,サガケン,サガシ,カワソエマチカノエ,佐賀県,佐賀市,川副町鹿江,0,0,0,0,0,0
41201,84022,8402214,サガケン,サガシ,カワソエマチコゴモリ,佐賀県,佐賀市,川副町小々森,0,0,0,0,0,0
41201,84022,8402205,サガケン,サガシ,カワソエマチナンリ,佐賀県,佐賀市,川副町南里,0,0,0,0,0,0
41201,84022,8402204,サガケン,サガシ,カワソエマチニシコガ,佐賀県,佐賀市,川副町西古賀,0,0,0,0,0,0
41201,84022,8402203,サガケン,サガシ,カワソエマチハヤツエ,佐賀県,佐賀市,川副町早津江,0,0,0,0,0,0
41201,84022,8402202,サガケン,サガシ,カワソエマチハヤツエツ,佐賀県,佐賀市,川副町早津江津,0,0,0,0,0,0
41201,84022,8402201,サガケン,サガシ,カワソエマチフクドミ,佐賀県,佐賀市,川副町福富,0,0,0,0,0,0
41201,840  ,8400843,サガケン,サガシ,カワハラマチ,佐賀県,佐賀市,川原町,0,0,0,0,0,0
41201,840  ,8400011,サガケン,サガシ,キタカワソエマチエガミ,佐賀県,佐賀市,北川副町江上,0,0,0,0,0,0
41201,840  ,8400013,サガケン,サガシ,キタカワソエマチシンゴウ,佐賀県,佐賀市,北川副町新郷,0,0,0,0,0,0
41201,840  ,8400012,サガケン,サガシ,キタカワソエマチミツノリ,佐賀県,佐賀市,北川副町光法,0,0,0,0,0,0
41201,840  ,8400015,サガケン,サガシ,キハラ,佐賀県,佐賀市,木原,0,0,1,0,0,0
41201,849  ,8490906,サガケン,サガシ,キンリュウマチキンリュウ,佐賀県,佐賀市,金立町金立,0,0,0,0,0,0
41201,849  ,8490905,サガケン,サガシ,キンリュウマチチフ,佐賀県,佐賀市,金立町千布,0,0,0,0,0,0
41201,849  ,8490904,サガケン,サガシ,キンリュウマチヤクシマル,佐賀県,佐賀市,金立町薬師丸,0,0,0,0,0,0
41201,849  ,8490902,サガケン,サガシ,クボイズミマチカミイズミ,佐賀県,佐賀市,久保泉町上和泉,0,0,0,0,0,0
41201,849  ,8490901,サガケン,サガシ,クボイズミマチカワクボ,佐賀県,佐賀市,久保泉町川久保,0,0,0,0,0,0
41201,849  ,8490903,サガケン,サガシ,クボイズミマチシモイズミ,佐賀県,佐賀市,久保泉町下和泉,0,0,0,0,0,0
41201,84902,8490205,サガケン,サガシ,クボタチョウエド,佐賀県,佐賀市,久保田町江戸,0,0,0,0,0,0
41201,84902,8490204,サガケン,サガシ,クボタチョウクボタ,佐賀県,佐賀市,久保田町久保田,0,0,0,0,0,0
41201,84902,8490203,サガケン,サガシ,クボタチョウシンデン,佐賀県,佐賀市,久保田町新田,0,0,0,0,0,0
41201,84902,8490201,サガケン,サガシ,クボタチョウトクマン,佐賀県,佐賀市,久保田町徳万,0,0,0,0,0,0
41201,84902,8490202,サガケン,サガシ,クボタチョウヒサドミ,佐賀県,佐賀市,久保田町久富,0,0,0,0,0,0
41201,840  ,8400804,サガケン,サガシ,コウノヒガシ,佐賀県,佐賀市,神野東,0,0,1,0,0,0
41201,840  ,8400805,サガケン,サガシ,コウノニシ,佐賀県,佐賀市,神野西,0,0,1,0,0,0
41201,840  ,8400008,サガケン,サガシ,コセマチウシジマ,佐賀県,佐賀市,巨勢町牛島,0,0,0,0,0,0
41201,840  ,8400007,サガケン,サガシ,コセマチタカオ,佐賀県,佐賀市,巨勢町高尾,0,0,0,0,0,0
41201,840  ,8400001,サガケン,サガシ,コセマチシュリタ,佐賀県,佐賀市,巨勢町修理田,0,0,0,0,0,0
41201,840  ,8400006,サガケン,サガシ,コセマチトウザイ,佐賀県,佐賀市,巨勢町東西,0,0,0,0,0,0
41201,840  ,8400824,サガケン,サガシ,ゴフクモトマチ,佐賀県,佐賀市,呉服元町,0,0,0,0,0,0
41201,840  ,8400056,サガケン,サガシ,コンヤマチ,佐賀県,佐賀市,紺屋町,0,0,0,0,0,0
41201,840  ,8400055,サガケン,サガシ,ザイモク,佐賀県,佐賀市,材木,0,0,1,0,0,0
41201,840  ,8400803,サガケン,サガシ,サカエマチ,佐賀県,佐賀市,栄町,0,0,0,0,0,0
41201,840  ,8400044,サガケン,サガシ,サヤノモトマチ,佐賀県,佐賀市,道祖元町,0,0,0,0,0,0
41201,840  ,8400031,サガケン,サガシ,シモダマチ,佐賀県,佐賀市,下田町,0,0,0,0,0,0
41201,840  ,8400855,サガケン,サガシ,ショウエイマチ,佐賀県,佐賀市,昭栄町,0,0,0,0,0,0
41201,840  ,8400041,サガケン,サガシ,ジョウナイ,佐賀県,佐賀市,城内,0,0,1,0,0,0
41201,840  ,8400043,サガケン,サガシ,シラゲマチ,佐賀県,佐賀市,精町,0,0,0,0,0,0
41201,840  ,8400826,サガケン,サガシ,シラヤマ,佐賀県,佐賀市,白山,0,0,1,0,0,0
41201,840  ,8400859,サガケン,サガシ,シンエイニシ,佐賀県,佐賀市,新栄西,0,0,1,0,0,0
41201,840  ,8400850,サガケン,サガシ,シンエイヒガシ,佐賀県,佐賀市,新栄東,0,0,1,0,0,0
41201,840  ,8400017,サガケン,サガシ,シンゴウホンマチ,佐賀県,佐賀市,新郷本町,0,0,0,0,0,0
41201,840  ,8400856,サガケン,サガシ,シンセイマチ,佐賀県,佐賀市,新生町,0,0,0,0,0,0
41201,849  ,8490924,サガケン,サガシ,シンナカマチ,佐賀県,佐賀市,新中町,0,0,0,0,0,0
41201,840  ,8400032,サガケン,サガシ,スエヒロ,佐賀県,佐賀市,末広,0,0,1,0,0,0
41201,840  ,8400814,サガケン,サガシ,セイショウマチ,佐賀県,佐賀市,成章町,0,0,0,0,0,0
41201,849  ,8490927,サガケン,サガシ,タカキセダンチ,佐賀県,佐賀市,高木瀬団地,0,0,0,0,0,0
41201,849  ,8490922,サガケン,サガシ,タカキセヒガシ,佐賀県,佐賀市,高木瀬東,0,0,1,0,0,0
41201,849  ,8490921,サガケン,サガシ,タカキセニシ,佐賀県,佐賀市,高木瀬西,0,0,1,0,0,0
41201,849  ,8490917,サガケン,サガシ,タカキセマチナガセ,佐賀県,佐賀市,高木瀬町長瀬,0,0,0,0,0,0
41201,849  ,8490916,サガケン,サガシ,タカキセマチヒガシタカギ,佐賀県,佐賀市,高木瀬町東高木,0,0,0,0,0,0
41201,840  ,8400822,サガケン,サガシ,タカギマチ,佐賀県,佐賀市,高木町,0,0,0,0,0,0
41201,840  ,8400051,サガケン,サガシ,タシロ,佐賀県,佐賀市,田代,0,0,1,0,0,0
41201,840  ,8400842,サガケン,サガシ,タフセ,佐賀県,佐賀市,多布施,0,0,1,0,0,0
41201,840  ,8400825,サガケン,サガシ,チュウオウホンマチ,佐賀県,佐賀市,中央本町,0,0,0,0,0,0
41201,840  ,8400815,サガケン,サガシ,テンジン,佐賀県,佐賀市,天神,0,0,1,0,0,0
41201,840  ,8400851,サガケン,サガシ,テンユウ,佐賀県,佐賀市,天祐,0,0,1,0,0,0
41201,840  ,8400858,サガケン,サガシ,テンユウダンチ,佐賀県,佐賀市,天祐団地,0,0,0,0,0,0
41201,840  ,8400813,サガケン,サガシ,トウジン,佐賀県,佐賀市,唐人,0,0,1,0,0,0
41201,840  ,8400852,サガケン,サガシ,ナカオレマチ,佐賀県,佐賀市,中折町,0,0,0,0,0,0
41201,840  ,8400833,サガケン,サガシ,ナカノコウジ,佐賀県,佐賀市,中の小路,0,0,0,0,0,0
41201,840  ,8400022,サガケン,サガシ,ナカノタテマチ,佐賀県,佐賀市,中の館町,0,0,0,0,0,0
41201,840  ,8400853,サガケン,サガシ,ナガセマチ,佐賀県,佐賀市,長瀬町,0,0,0,0,0,0
41201,849  ,8490937,サガケン,サガシ,ナベシマ,佐賀県,佐賀市,鍋島,0,0,1,0,0,0
41201,849  ,8490931,サガケン,サガシ,ナベシママチカキヒサ,佐賀県,佐賀市,鍋島町蛎久,0,0,0,0,0,0
41201,849  ,8490938,サガケン,サガシ,ナベシママチナベシマ,佐賀県,佐賀市,鍋島町鍋島,0,0,0,0,0,0
41201,849  ,8490936,サガケン,サガシ,ナベシママチモリタ,佐賀県,佐賀市,鍋島町森田,0,0,0,0,0,0
41201,840  ,8400857,サガケン,サガシ,ナベシママチヤエ,佐賀県,佐賀市,鍋島町八戸,0,0,0,0,0,0
41201,849  ,8490932,サガケン,サガシ,ナベシママチヤエミゾ,佐賀県,佐賀市,鍋島町八戸溝,0,0,0,0,0,0
41201,840  ,8400046,サガケン,サガシ,ニシウオマチ,佐賀県,佐賀市,西魚町,0,0,0,0,0,0
41201,840  ,8400045,サガケン,サガシ,ニシタシロ,佐賀県,佐賀市,西田代,0,0,1,0,0,0
41201,840  ,8400035,サガケン,サガシ,ニシヨカマチイマヅ,佐賀県,佐賀市,西与賀町今津,0,0,0,0,0,0
41201,840  ,8400037,サガケン,サガシ,ニシヨカマチソウオウツ,佐賀県,佐賀市,西与賀町相応津,0,0,0,0,0,0
41201,840  ,8400034,サガケン,サガシ,ニシヨカマチリンゲ,佐賀県,佐賀市,西与賀町厘外,0,0,0,0,0,0
41201,840  ,8400036,サガケン,サガシ,ニシヨカマチタカタロウ,佐賀県,佐賀市,西与賀町高太郎,0,0,0,0,0,0
41201,840  ,8400005,サガケン,サガシ,ハスイケマチハスイケ,佐賀県,佐賀市,蓮池町蓮池,0,0,0,0,0,0
41201,840  ,8400003,サガケン,サガシ,ハスイケマチコガ,佐賀県,佐賀市,蓮池町古賀,0,0,0,0,0,0
41201,840  ,8400004,サガケン,サガシ,ハスイケマチコマツ,佐賀県,佐賀市,蓮池町小松,0,0,0,0,0,0
41201,840  ,8400002,サガケン,サガシ,ハスイケマチミシマ,佐賀県,佐賀市,蓮池町見島,0,0,0,0,0,0
41201,840  ,8400834,サガケン,サガシ,ハチマンコウジ,佐賀県,佐賀市,八幡小路,0,0,0,0,0,0
41201,849  ,8490925,サガケン,サガシ,ハッチョウナワテマチ,佐賀県,佐賀市,八丁畷町,0,0,0,0,0,0
41201,840  ,8400033,サガケン,サガシ,ヒカリ,佐賀県,佐賀市,光,0,0,1,0,0,0
41201,840  ,8400821,サガケン,サガシ,ヒガシサガマチ,佐賀県,佐賀市,東佐賀町,0,0,0,0,0,0
41201,84022,8402223,サガケン,サガシ,ヒガシヨカチョウイサガイ,佐賀県,佐賀市,東与賀町飯盛,0,0,0,0,0,0
41201,84022,8402221,サガケン,サガシ,ヒガシヨカチョウシモコガ,佐賀県,佐賀市,東与賀町下古賀,0,0,0,0,0,0
41201,84022,8402222,サガケン,サガシ,ヒガシヨカチョウタナカ,佐賀県,佐賀市,東与賀町田中,0,0,0,0,0,0
41201,849  ,8490923,サガケン,サガシ,ヒノデ,佐賀県,佐賀市,日の出,0,0,1,0,0,0
41201,849  ,8490912,サガケン,サガシ,ヒョウゴマチカワラマチ,佐賀県,佐賀市,兵庫町瓦町,0,0,0,0,0,0
41201,849  ,8490915,サガケン,サガシ,ヒョウゴマチフジノキ,佐賀県,佐賀市,兵庫町藤木,0,0,0,0,0,0
41201,849  ,8490914,サガケン,サガシ,ヒョウゴマチニシブチ,佐賀県,佐賀市,兵庫町西渕,0,0,0,0,0,0
41201,849  ,8490913,サガケン,サガシ,ヒョウゴマチフチ,佐賀県,佐賀市,兵庫町渕,0,0,0,0,0,0
41201,849  ,8490911,サガケン,サガシ,ヒョウゴマチワカミヤ,佐賀県,佐賀市,兵庫町若宮,0,0,0,0,0,0
41201,849  ,8490919,サガケン,サガシ,ヒョウゴキタ,佐賀県,佐賀市,兵庫北,0,0,1,0,0,0
41201,849  ,8490918,サガケン,サガシ,ヒョウゴミナミ,佐賀県,佐賀市,兵庫南,0,0,1,0,0,0
41201,84005,8400503,サガケン,サガシ,フジチョウイチカワ,佐賀県,佐賀市,富士町市川,0,0,0,0,0,0
41201,84005,8400514,サガケン,サガシ,フジチョウウチノ,佐賀県,佐賀市,富士町内野,0,0,0,0,0,0
41201,84005,8400516,サガケン,サガシ,フジチョウウメノ,佐賀県,佐賀市,富士町梅野,0,0,0,0,0,0
41201,84005,8400533,サガケン,サガシ,フジチョウオオクシ,佐賀県,佐賀市,富士町大串,0,0,0,0,0,0
41201,84005,8400532,サガケン,サガシ,フジチョウオオノ,佐賀県,佐賀市,富士町大野,0,0,0,0,0,0
41201,84005,8400521,サガケン,サガシ,フジチョウオソエガワ,佐賀県,佐賀市,富士町小副川,0,0,0,0,0,0
41201,84005,8400511,サガケン,サガシ,フジチョウカマバル,佐賀県,佐賀市,富士町鎌原,0,0,0,0,0,0
41201,84005,8400545,サガケン,サガシ,フジチョウカミオオセ,佐賀県,佐賀市,富士町上合瀬,0,0,0,0,0,0
41201,84005,8400512,サガケン,サガシ,フジチョウカミクマカワ,佐賀県,佐賀市,富士町上熊川,0,0,0,0,0,0
41201,84005,8400536,サガケン,サガシ,フジチョウカミムツロ,佐賀県,佐賀市,富士町上無津呂,0,0,0,0,0,0
41201,84005,8400531,サガケン,サガシ,フジチョウクリナミ,佐賀県,佐賀市,富士町栗並,0,0,0,0,0,0
41201,84005,8400543,サガケン,サガシ,フジチョウコバ,佐賀県,佐賀市,富士町古場,0,0,0,0,0,0
41201,84005,8400544,サガケン,サガシ,フジチョウシモオオセ,佐賀県,佐賀市,富士町下合瀬,0,0,0,0,0,0
41201,84005,8400513,サガケン,サガシ,フジチョウシモクマカワ,佐賀県,佐賀市,富士町下熊川,0,0,0,0,0,0
41201,84005,8400535,サガケン,サガシ,フジチョウシモムツロ,佐賀県,佐賀市,富士町下無津呂,0,0,0,0,0,0
41201,84005,8400502,サガケン,サガシ,フジチョウスギヤマ,佐賀県,佐賀市,富士町杉山,0,0,0,0,0,0
41201,84005,8400541,サガケン,サガシ,フジチョウセキヤ,佐賀県,佐賀市,富士町関屋,0,0,0,0,0,0
41201,84005,8400504,サガケン,サガシ,フジチョウチャノキ,佐賀県,佐賀市,富士町苣木,0,0,0,0,0,0
41201,84005,8400534,サガケン,サガシ,フジチョウナカバル,佐賀県,佐賀市,富士町中原,0,0,0,0,0,0
41201,84005,8400522,サガケン,サガシ,フジチョウハタセ,佐賀県,佐賀市,富士町畑瀬,0,0,0,0,0,0
41201,84005,8400542,サガケン,サガシ,フジチョウフジセ,佐賀県,佐賀市,富士町藤瀬,0,0,0,0,0,0
41201,84005,8400501,サガケン,サガシ,フジチョウフルユ,佐賀県,佐賀市,富士町古湯,0,0,0,0,0,0
41201,84005,8400515,サガケン,サガシ,フジチョウマツセ,佐賀県,佐賀市,富士町松瀬,0,0,0,0,0,0
41201,84005,8400537,サガケン,サガシ,フジチョウマナゴ,佐賀県,佐賀市,富士町麻那古,0,0,0,0,0,0
41201,840  ,8400832,サガケン,サガシ,ホリカワチョウ,佐賀県,佐賀市,堀川町,0,0,0,0,0,0
41201,840  ,8400025,サガケン,サガシ,ホンジョウマチカノコ,佐賀県,佐賀市,本庄町鹿子,0,0,0,0,0,0
41201,840  ,8400027,サガケン,サガシ,ホンジョウマチホンジョウ,佐賀県,佐賀市,本庄町本庄,0,0,0,0,0,0
41201,840  ,8400026,サガケン,サガシ,ホンジョウマチショウリ,佐賀県,佐賀市,本庄町正里,0,0,0,0,0,0
41201,840  ,8400024,サガケン,サガシ,ホンジョウマチスエツグ,佐賀県,佐賀市,本庄町末次,0,0,0,0,0,0
41201,840  ,8400023,サガケン,サガシ,ホンジョウマチフクロ,佐賀県,佐賀市,本庄町袋,0,0,0,0,0,0
41201,840  ,8400831,サガケン,サガシ,マツバラ,佐賀県,佐賀市,松原,0,0,1,0,0,0
41201,840  ,8400054,サガケン,サガシ,ミズガエ,佐賀県,佐賀市,水ケ江,0,0,1,0,0,0
41201,84203,8420302,サガケン,サガシ,ミツセムラフジバル,佐賀県,佐賀市,三瀬村藤原,0,0,0,0,0,0
41201,84203,8420301,サガケン,サガシ,ミツセムラミツセ,佐賀県,佐賀市,三瀬村三瀬,0,0,0,0,0,0
41201,84203,8420303,サガケン,サガシ,ミツセムラユズリハ,佐賀県,佐賀市,三瀬村杠,0,0,0,0,0,0
41201,840  ,8400841,サガケン,サガシ,ミドリコウジ,佐賀県,佐賀市,緑小路,0,0,0,0,0,0
41201,840  ,8400016,サガケン,サガシ,ミナミサガ,佐賀県,佐賀市,南佐賀,0,0,1,0,0,0
41201,84021,8402101,サガケン,サガシ,モロドミチョウオオドウ,佐賀県,佐賀市,諸富町大堂,0,0,0,0,0,0
41201,84021,8402102,サガケン,サガシ,モロドミチョウタメシゲ,佐賀県,佐賀市,諸富町為重,0,0,0,0,0,0
41201,84021,8402103,サガケン,サガシ,モロドミチョウテライツ,佐賀県,佐賀市,諸富町寺井津,0,0,0,0,0,0
41201,84021,8402104,サガケン,サガシ,モロドミチョウトクドミ,佐賀県,佐賀市,諸富町徳富,0,0,0,0,0,0
41201,84021,8402105,サガケン,サガシ,モロドミチョウモロドミツ,佐賀県,佐賀市,諸富町諸富津,0,0,0,0,0,0
41201,84021,8402106,サガケン,サガシ,モロドミチョウヤマリョウ,佐賀県,佐賀市,諸富町山領,0,0,0,0,0,0
41201,840  ,8400854,サガケン,サガシ,ヤエ,佐賀県,佐賀市,八戸,0,0,1,0,0,0
41201,849  ,8490935,サガケン,サガシ,ヤエミゾ,佐賀県,佐賀市,八戸溝,0,0,1,0,0,0
41201,840  ,8400823,サガケン,サガシ,ヤナギマチ,佐賀県,佐賀市,柳町,0,0,0,0,0,0
41201,84002,8400212,サガケン,サガシ,ヤマトチョウイケノウエ,佐賀県,佐賀市,大和町池上,0,0,0,0,0,0
41201,84002,8400203,サガケン,サガシ,ヤマトチョウウメノ,佐賀県,佐賀市,大和町梅野,0,0,0,0,0,0
41201,84002,8400214,サガケン,サガシ,ヤマトチョウカワカミ,佐賀県,佐賀市,大和町川上,0,0,0,0,0,0
41201,84002,8400202,サガケン,サガシ,ヤマトチョウクチイ,佐賀県,佐賀市,大和町久池井,0,0,0,0,0,0
41201,84002,8400213,サガケン,サガシ,ヤマトチョウクルマ,佐賀県,佐賀市,大和町久留間,0,0,0,0,0,0
41201,84002,8400205,サガケン,サガシ,ヤマトチョウナオ,佐賀県,佐賀市,大和町名尾,0,0,0,0,0,0
41201,84002,8400201,サガケン,サガシ,ヤマトチョウニイジ,佐賀県,佐賀市,大和町尼寺,0,0,0,0,0,0
41201,84002,8400215,サガケン,サガシ,ヤマトチョウハッタバル,佐賀県,佐賀市,大和町八反原,0,0,0,0,0,0
41201,84002,8400211,サガケン,サガシ,ヤマトチョウヒガシヤマダ,佐賀県,佐賀市,大和町東山田,0,0,0,0,0,0
41201,84002,8400204,サガケン,サガシ,ヤマトチョウマツセ,佐賀県,佐賀市,大和町松瀬,0,0,0,0,0,0
41201,840  ,8400047,サガケン,サガシ,ヨカマチ,佐賀県,佐賀市,与賀町,0,0,0,0,0,0
41201,840  ,8400845,サガケン,サガシ,ロクザマチ,佐賀県,佐賀市,六座町,0,0,0,0,0,0
41201,849  ,8490928,サガケン,サガシ,ワカクス,佐賀県,佐賀市,若楠,0,0,1,0,0,0
41201,849  ,8490926,サガケン,サガシ,ワカミヤ,佐賀県,佐賀市,若宮,0,0,1,0,0,0
41202,847  ,8470000,サガケン,カラツシ,イカニケイサイガナイバアイ,佐賀県,唐津市,以下に掲載がない場合,0,0,0,0,0,0
41202,847  ,8470823,サガケン,カラツシ,アサヒガオカ,佐賀県,唐津市,旭が丘,0,0,0,0,0,0
41202,847  ,8470841,サガケン,カラツシ,アサヒマチ,佐賀県,唐津市,朝日町,0,0,0,0,0,0
41202,847  ,8470832,サガケン,カラツシ,イシシ,佐賀県,唐津市,石志,0,0,0,0,0,0
41202,847  ,8470042,サガケン,カラツシ,ウオヤマチ,佐賀県,唐津市,魚屋町,0,0,0,0,0,0
41202,847  ,8470025,サガケン,カラツシ,ウキ,佐賀県,唐津市,宇木,0,0,0,0,0,0
41202,847  ,8470804,サガケン,カラツシ,ウシロガワチ,佐賀県,唐津市,後川内,0,0,0,0,0,0
41202,84701,8470124,サガケン,カラツシ,ウラ,佐賀県,唐津市,浦,0,0,0,0,0,0
41202,847  ,8470853,サガケン,カラツシ,エガワマチ,佐賀県,唐津市,江川町,0,0,0,0,0,0
41202,84701,8470123,サガケン,カラツシ,エザルキ,佐賀県,唐津市,枝去木,0,0,0,0,0,0
41202,84701,8470132,サガケン,カラツシ,オウカ,佐賀県,唐津市,相賀,0,0,0,0,0,0
41202,84932,8493223,サガケン,カラツシ,オウチチョウイキサ,佐賀県,唐津市,相知町伊岐佐,0,0,0,0,0,0
41202,84932,8493201,サガケン,カラツシ,オウチチョウオウチ,佐賀県,唐津市,相知町相知,0,0,0,0,0,0
41202,84932,8493221,サガケン,カラツシ,オウチチョウオオノ,佐賀県,唐津市,相知町大野,0,0,0,0,0,0
41202,84932,8493215,サガケン,カラツシ,オウチチョウクス,佐賀県,唐津市,相知町楠,0,0,0,0,0,0
41202,84932,8493232,サガケン,カラツシ,オウチチョウクボ,佐賀県,唐津市,相知町久保,0,0,0,0,0,0
41202,84932,8493222,サガケン,カラツシ,オウチチョウクロイワ,佐賀県,唐津市,相知町黒岩,0,0,0,0,0,0
41202,84932,8493233,サガケン,カラツシ,オウチチョウサリ,佐賀県,唐津市,相知町佐里,0,0,0,0,0,0
41202,84932,8493211,サガケン,カラツシ,オウチチョウセンゾク,佐賀県,唐津市,相知町千束,0,0,0,0,0,0
41202,84932,8493214,サガケン,カラツシ,オウチチョウタガシラ,佐賀県,唐津市,相知町田頭,0,0,0,0,0,0
41202,84932,8493219,サガケン,カラツシ,オウチチョウタカトリ,佐賀県,唐津市,相知町鷹取,0,0,0,0,0,0
41202,84932,8493216,サガケン,カラツシ,オウチチョウチョウギリ,佐賀県,唐津市,相知町町切,0,0,0,0,0,0
41202,84932,8493217,サガケン,カラツシ,オウチチョウナガヘタ,佐賀県,唐津市,相知町長部田,0,0,0,0,0,0
41202,84932,8493218,サガケン,カラツシ,オウチチョウナカヤマ,佐賀県,唐津市,相知町中山,0,0,0,0,0,0
41202,84932,8493203,サガケン,カラツシ,オウチチョウヒラヤマカミ,佐賀県,唐津市,相知町平山上,0,0,0,0,0,0
41202,84932,8493202,サガケン,カラツシ,オウチチョウヒラヤマシモ,佐賀県,唐津市,相知町平山下,0,0,0,0,0,0
41202,84932,8493231,サガケン,カラツシ,オウチチョウムタベ,佐賀県,唐津市,相知町牟田部,0,0,0,0,0,0
41202,84932,8493224,サガケン,カラツシ,オウチチョウヤマサキ,佐賀県,唐津市,相知町山崎,0,0,0,0,0,0
41202,84932,8493213,サガケン,カラツシ,オウチチョウユヤ,佐賀県,唐津市,相知町湯屋,0,0,0,0,0,0
41202,84932,8493212,サガケン,カラツシ,オウチチョウヨコマクラ,佐賀県,唐津市,相知町横枕,0,0,0,0,0,0
41202,847  ,8470066,サガケン,カラツシ,オオイシマチ,佐賀県,唐津市,大石町,0,0,0,0,0,0
41202,847  ,8470873,サガケン,カラツシ,カイガンドオリ,佐賀県,唐津市,海岸通,0,0,0,0,0,0
41202,847  ,8470022,サガケン,カラツシ,カガミ,佐賀県,唐津市,鏡,0,0,0,0,0,0
41202,847  ,8470028,サガケン,カラツシ,カガミシンカイ,佐賀県,唐津市,鏡新開,0,0,0,0,0,0
41202,847  ,8470065,サガケン,カラツシ,カコマチ,佐賀県,唐津市,水主町,0,0,0,0,0,0
41202,847  ,8470026,サガケン,カラツシ,カシワザキ,佐賀県,唐津市,柏崎,0,0,0,0,0,0
41202,84701,8470131,サガケン,カラツシ,カシワジマ,佐賀県,唐津市,神集島,0,0,0,0,0,0
41202,847  ,8470055,サガケン,カラツシ,カタナマチ,佐賀県,唐津市,刀町,0,0,0,0,0,0
41202,847  ,8470015,サガケン,カラツシ,キタジョウナイ,佐賀県,唐津市,北城内,0,0,0,0,0,0
41202,84712,8471212,サガケン,カラツシ,キタハタオオスギ,佐賀県,唐津市,北波多大杉,0,0,0,0,0,0
41202,84712,8471221,サガケン,カラツシ,キタハタカミヒラノ,佐賀県,唐津市,北波多上平野,0,0,0,0,0,0
41202,84712,8471211,サガケン,カラツシ,キタハタキシヤマ,佐賀県,唐津市,北波多岸山,0,0,0,0,0,0
41202,84712,8471225,サガケン,カラツシ,キタハタシゲ,佐賀県,唐津市,北波多志気,0,0,0,0,0,0
41202,84712,8471223,サガケン,カラツシ,キタハタシモヒラノ,佐賀県,唐津市,北波多下平野,0,0,0,0,0,0
41202,84712,8471213,サガケン,カラツシ,キタハタタケアリ,佐賀県,唐津市,北波多竹有,0,0,0,0,0,0
41202,84712,8471202,サガケン,カラツシ,キタハタタナカ,佐賀県,唐津市,北波多田中,0,0,0,0,0,0
41202,84712,8471201,サガケン,カラツシ,キタハタトクスエ,佐賀県,唐津市,北波多徳須恵,0,0,0,0,0,0
41202,84712,8471222,サガケン,カラツシ,キタハタナルフチ,佐賀県,唐津市,北波多成渕,0,0,0,0,0,0
41202,84712,8471214,サガケン,カラツシ,キタハタヒエダ,佐賀県,唐津市,北波多稗田,0,0,0,0,0,0
41202,84712,8471203,サガケン,カラツシ,キタハタヤマヒコ,佐賀県,唐津市,北波多山彦,0,0,0,0,0,0
41202,84712,8471224,サガケン,カラツシ,キタハタユキアイノ,佐賀県,唐津市,北波多行合野,0,0,0,0,0,0
41202,84931,8493101,サガケン,カラツシ,キュウラギマチアマガワ,佐賀県,唐津市,厳木町天川,0,0,0,0,0,0
41202,84931,8493123,サガケン,カラツシ,キュウラギマチイワヤ,佐賀県,唐津市,厳木町岩屋,0,0,0,0,0,0
41202,84931,8493132,サガケン,カラツシ,キュウラギマチウツボキ,佐賀県,唐津市,厳木町うつぼ木,0,0,0,0,0,0
41202,84931,8493114,サガケン,カラツシ,キュウラギマチウラガワチ,佐賀県,唐津市,厳木町浦川内,0,0,0,0,0,0
41202,84931,8493131,サガケン,カラツシ,キュウラギマチキュウラギ,佐賀県,唐津市,厳木町厳木,0,0,0,0,0,0
41202,84931,8493121,サガケン,カラツシ,キュウラギマチセトコバ,佐賀県,唐津市,厳木町瀬戸木場,0,0,0,0,0,0
41202,84931,8493102,サガケン,カラツシ,キュウラギマチトリゴエ,佐賀県,唐津市,厳木町鳥越,0,0,0,0,0,0
41202,84931,8493112,サガケン,カラツシ,キュウラギマチナカシマ,佐賀県,唐津市,厳木町中島,0,0,0,0,0,0
41202,84931,8493122,サガケン,カラツシ,キュウラギマチナミセ,佐賀県,唐津市,厳木町浪瀬,0,0,0,0,0,0
41202,84931,8493115,サガケン,カラツシ,キュウラギマチヒラノ,佐賀県,唐津市,厳木町平之,0,0,0,0,0,0
41202,84931,8493103,サガケン,カラツシ,キュウラギマチヒロカワ,佐賀県,唐津市,厳木町広川,0,0,0,0,0,0
41202,84931,8493111,サガケン,カラツシ,キュウラギマチヒロセ,佐賀県,唐津市,厳木町広瀬,0,0,0,0,0,0
41202,84931,8493104,サガケン,カラツシ,キュウラギマチホシリョウ,佐賀県,唐津市,厳木町星領,0,0,0,0,0,0
41202,84931,8493113,サガケン,カラツシ,キュウラギマチマキセ,佐賀県,唐津市,厳木町牧瀬,0,0,0,0,0,0
41202,84931,8493133,サガケン,カラツシ,キュウラギマチモトヤマ,佐賀県,唐津市,厳木町本山,0,0,0,0,0,0
41202,847  ,8470045,サガケン,カラツシ,キョウマチ,佐賀県,唐津市,京町,0,0,0,0,0,0
41202,847  ,8470044,サガケン,カラツシ,キワタマチ,佐賀県,唐津市,木綿町,0,0,0,0,0,0
41202,847  ,8470817,サガケン,カラツシ,クマノハラマチ,佐賀県,唐津市,熊原町,0,0,0,0,0,0
41202,847  ,8470884,サガケン,カラツシ,クマノミネ,佐賀県,唐津市,熊ノ峰,0,0,0,0,0,0
41202,847  ,8470033,サガケン,カラツシ,クリ,佐賀県,唐津市,久里,0,0,0,0,0,0
41202,847  ,8470824,サガケン,カラツシ,コウダ,佐賀県,唐津市,神田,0,0,0,0,0,0
41202,847  ,8470052,サガケン,カラツシ,ゴフクマチ,佐賀県,唐津市,呉服町,0,0,0,0,0,0
41202,847  ,8470054,サガケン,カラツシ,コメヤマチ,佐賀県,唐津市,米屋町,0,0,0,0,0,0
41202,847  ,8470053,サガケン,カラツシ,コンヤマチ,佐賀県,唐津市,紺屋町,0,0,0,0,0,0
41202,847  ,8470061,サガケン,カラツシ,ザイモクマチ,佐賀県,唐津市,材木町,0,0,0,0,0,0
41202,847  ,8470011,サガケン,カラツシ,サカエマチ,佐賀県,唐津市,栄町,0,0,0,0,0,0
41202,847  ,8470843,サガケン,カラツシ,サクラノババ,佐賀県,唐津市,桜馬場,0,0,0,0,0,0
41202,84701,8470104,サガケン,カラツシ,サクラマチ,佐賀県,唐津市,桜町,0,0,0,0,0,0
41202,84701,8470111,サガケン,カラツシ,サシ,佐賀県,唐津市,佐志,0,0,0,0,0,0
41202,84701,8470113,サガケン,カラツシ,サシナカザト,佐賀県,唐津市,佐志中里,0,0,0,0,0,0
41202,84701,8470114,サガケン,カラツシ,サシナカドオリ,佐賀県,唐津市,佐志中通,0,0,0,0,0,0
41202,84701,8470115,サガケン,カラツシ,サシハママチ,佐賀県,唐津市,佐志浜町,0,0,0,0,0,0
41202,84701,8470112,サガケン,カラツシ,サシミナミ,佐賀県,唐津市,佐志南,0,0,0,0,0,0
41202,847  ,8470883,サガケン,カラツシ,シゲカワチ,佐賀県,唐津市,重河内,0,0,0,0,0,0
41202,847  ,8470067,サガケン,カラツシ,ジュウニンマチ,佐賀県,唐津市,十人町,0,0,0,0,0,0
41202,847  ,8470021,サガケン,カラツシ,ショウナンチョウ,佐賀県,唐津市,松南町,0,0,0,0,0,0
41202,847  ,8470043,サガケン,カラツシ,シンコウマチ(ヒガシシンコウマチ),佐賀県,唐津市,新興町（東新興町）,1,0,0,0,0,0
41202,847  ,8470816,サガケン,カラツシ,シンコウマチ(ニシシンコウマチ),佐賀県,唐津市,新興町（西新興町）,1,0,0,0,0,0
41202,847  ,8470813,サガケン,カラツシ,シンマチ,佐賀県,唐津市,新町,0,0,0,0,0,0
41202,847  ,8470882,サガケン,カラツシ,スガムタ,佐賀県,唐津市,菅牟田,0,0,0,0,0,0
41202,847  ,8470001,サガケン,カラツシ,ソウズイ,佐賀県,唐津市,双水,0,0,0,0,0,0
41202,847  ,8470012,サガケン,カラツシ,ダイミョウコウジ,佐賀県,唐津市,大名小路,0,0,0,0,0,0
41202,847  ,8470803,サガケン,カラツシ,ダイラ,佐賀県,唐津市,大良,0,0,0,0,0,0
41202,847  ,8470046,サガケン,カラツシ,タカサゴマチ,佐賀県,唐津市,高砂町,0,0,0,0,0,0
41202,847  ,8470027,サガケン,カラツシ,タカシマ,佐賀県,唐津市,高島,0,0,0,0,0,0
41202,847  ,8470881,サガケン,カラツシ,タケコバ,佐賀県,唐津市,竹木場,0,0,0,0,0,0
41202,847  ,8470831,サガケン,カラツシ,チチカ,佐賀県,唐津市,千々賀,0,0,0,0,0,0
41202,847  ,8470821,サガケン,カラツシ,チョウダ,佐賀県,唐津市,町田,0,0,1,0,0,0
41202,847  ,8470041,サガケン,カラツシ,チヨダマチ,佐賀県,唐津市,千代田町,0,0,0,0,0,0
41202,84703,8470312,サガケン,カラツシ,チンゼイマチアカギ,佐賀県,唐津市,鎮西町赤木,0,0,0,0,0,0
41202,84703,8470327,サガケン,カラツシ,チンゼイマチイシムロ,佐賀県,唐津市,鎮西町石室,0,0,0,0,0,0
41202,84703,8470323,サガケン,カラツシ,チンゼイマチイワノ,佐賀県,唐津市,鎮西町岩野,0,0,0,0,0,0
41202,84703,8470322,サガケン,カラツシ,チンゼイマチウチアゲ,佐賀県,唐津市,鎮西町打上,0,0,0,0,0,0
41202,84703,8470317,サガケン,カラツシ,チンゼイマチカカラシマ,佐賀県,唐津市,鎮西町加唐島,0,0,0,0,0,0
41202,84703,8470325,サガケン,カラツシ,チンゼイマチカクラ,佐賀県,唐津市,鎮西町加倉,0,0,0,0,0,0
41202,84704,8470403,サガケン,カラツシ,チンゼイマチクシ,佐賀県,唐津市,鎮西町串,0,0,0,0,0,0
41202,84703,8470324,サガケン,カラツシ,チンゼイマチコウノ,佐賀県,唐津市,鎮西町高野,0,0,0,0,0,0
41202,84703,8470313,サガケン,カラツシ,チンゼイマチシオヅル,佐賀県,唐津市,鎮西町塩鶴,0,0,0,0,0,0
41202,84703,8470314,サガケン,カラツシ,チンゼイマチショウブ,佐賀県,唐津市,鎮西町菖蒲,0,0,0,0,0,0
41202,84703,8470316,サガケン,カラツシ,チンゼイマチナカノ,佐賀県,唐津市,鎮西町中野,0,0,0,0,0,0
41202,84704,8470401,サガケン,カラツシ,チンゼイマチナゴヤ,佐賀県,唐津市,鎮西町名護屋,0,0,0,0,0,0
41202,84704,8470402,サガケン,カラツシ,チンゼイマチノモト,佐賀県,唐津市,鎮西町野元,0,0,0,0,0,0
41202,84704,8470404,サガケン,カラツシ,チンゼイマチハド,佐賀県,唐津市,鎮西町波戸,0,0,0,0,0,0
41202,84703,8470326,サガケン,カラツシ,チンゼイマチハヤタ,佐賀県,唐津市,鎮西町早田,0,0,0,0,0,0
41202,84704,8470405,サガケン,カラツシ,チンゼイマチマダラシマ,佐賀県,唐津市,鎮西町馬渡島,0,0,0,0,0,0
41202,84704,8470406,サガケン,カラツシ,チンゼイマチマツシマ,佐賀県,唐津市,鎮西町松島,0,0,0,0,0,0
41202,84703,8470311,サガケン,カラツシ,チンゼイマチマルダ,佐賀県,唐津市,鎮西町丸田,0,0,0,0,0,0
41202,84703,8470315,サガケン,カラツシ,チンゼイマチヤトコ,佐賀県,唐津市,鎮西町八床,0,0,0,0,0,0
41202,84703,8470321,サガケン,カラツシ,チンゼイマチヨコタケ,佐賀県,唐津市,鎮西町横竹,0,0,0,0,0,0
41202,847  ,8470885,サガケン,カラツシ,トウノカワ,佐賀県,唐津市,唐川,0,0,0,0,0,0
41202,84701,8470122,サガケン,カラツシ,トウボウ,佐賀県,唐津市,唐房,0,0,1,0,0,0
41202,84701,8470134,サガケン,カラツシ,ナカザト,佐賀県,唐津市,中里,0,0,0,0,0,0
41202,84701,8470101,サガケン,カラツシ,ナカノセドオリ,佐賀県,唐津市,中瀬通,0,0,0,0,0,0
41202,847  ,8470034,サガケン,カラツシ,ナカバル,佐賀県,唐津市,中原,0,0,0,0,0,0
41202,847  ,8470051,サガケン,カラツシ,ナカマチ,佐賀県,唐津市,中町,0,0,0,0,0,0
41202,847  ,8470862,サガケン,カラツシ,ナカヤママチ,佐賀県,唐津市,中山町,0,0,0,0,0,0
41202,847  ,8470822,サガケン,カラツシ,ナガタニ,佐賀県,唐津市,長谷,0,0,0,0,0,0
41202,847  ,8470802,サガケン,カラツシ,ナシガワチ,佐賀県,唐津市,梨川内,0,0,0,0,0,0
41202,84711,8471101,サガケン,カラツシ,ナナヤマアラカワ,佐賀県,唐津市,七山荒川,0,0,0,0,0,0
41202,84711,8471103,サガケン,カラツシ,ナナヤマイケバル,佐賀県,唐津市,七山池原,0,0,0,0,0,0
41202,84711,8471104,サガケン,カラツシ,ナナヤマキウラ,佐賀県,唐津市,七山木浦,0,0,0,0,0,0
41202,84711,8471108,サガケン,カラツシ,ナナヤマシラキ,佐賀県,唐津市,七山白木,0,0,0,0,0,0
41202,84711,8471106,サガケン,カラツシ,ナナヤマタキガワ,佐賀県,唐津市,七山滝川,0,0,0,0,0,0
41202,84711,8471105,サガケン,カラツシ,ナナヤマニブ,佐賀県,唐津市,七山仁部,0,0,0,0,0,0
41202,84711,8471107,サガケン,カラツシ,ナナヤマフジカワ,佐賀県,唐津市,七山藤川,0,0,0,0,0,0
41202,84711,8471102,サガケン,カラツシ,ナナヤママノカワ,佐賀県,唐津市,七山馬川,0,0,0,0,0,0
41202,847  ,8470844,サガケン,カラツシ,ナバタケ,佐賀県,唐津市,菜畑,0,0,0,0,0,0
41202,847  ,8470872,サガケン,カラツシ,ニシオオシママチ,佐賀県,唐津市,西大島町,0,0,0,0,0,0
41202,847  ,8470875,サガケン,カラツシ,ニシカラツ,佐賀県,唐津市,西唐津,0,0,1,0,0,0
41202,847  ,8470014,サガケン,カラツシ,ニシジョウナイ,佐賀県,唐津市,西城内,0,0,0,0,0,0
41202,847  ,8470815,サガケン,カラツシ,ニシデラマチ,佐賀県,唐津市,西寺町,0,0,0,0,0,0
41202,847  ,8470855,サガケン,カラツシ,ニシノハママチ,佐賀県,唐津市,西浜町,0,0,0,0,0,0
41202,847  ,8470854,サガケン,カラツシ,ニシハタマチ,佐賀県,唐津市,西旗町,0,0,0,0,0,0
41202,847  ,8470003,サガケン,カラツシ,ハシモト,佐賀県,唐津市,橋本,0,0,0,0,0,0
41202,84701,8470103,サガケン,カラツシ,ハシモトマチ,佐賀県,唐津市,橋本町,0,0,0,0,0,0
41202,847  ,8470833,サガケン,カラツシ,ハタシマ,佐賀県,唐津市,畑島,0,0,0,0,0,0
41202,847  ,8470023,サガケン,カラツシ,ハダ,佐賀県,唐津市,半田,0,0,0,0,0,0
41202,84701,8470121,サガケン,カラツシ,ハトガワ,佐賀県,唐津市,鳩川,0,0,0,0,0,0
41202,84951,8495103,サガケン,カラツシ,ハマタママチオオエ,佐賀県,唐津市,浜玉町大江,0,0,0,0,0,0
41202,84951,8495101,サガケン,カラツシ,ハマタママチオカグチ,佐賀県,唐津市,浜玉町岡口,0,0,0,0,0,0
41202,84951,8495102,サガケン,カラツシ,ハマタママチゴタンダ,佐賀県,唐津市,浜玉町五反田,0,0,0,0,0,0
41202,84951,8495105,サガケン,カラツシ,ハマタママチタニグチ,佐賀県,唐津市,浜玉町谷口,0,0,0,0,0,0
41202,84951,8495113,サガケン,カラツシ,ハマタママチトリス,佐賀県,唐津市,浜玉町鳥巣,0,0,0,0,0,0
41202,84951,8495131,サガケン,カラツシ,ハマタママチハマサキ,佐賀県,唐津市,浜玉町浜崎,0,0,0,0,0,0
41202,84951,8495123,サガケン,カラツシ,ハマタママチヒガシヤマダ,佐賀県,唐津市,浜玉町東山田,0,0,0,0,0,0
41202,84951,8495112,サガケン,カラツシ,ハマタママチヒラバル,佐賀県,唐津市,浜玉町平原,0,0,0,0,0,0
41202,84951,8495104,サガケン,カラツシ,ハマタママチフチノウエ,佐賀県,唐津市,浜玉町渕上,0,0,0,0,0,0
41202,84951,8495111,サガケン,カラツシ,ハマタママチミナミヤマ,佐賀県,唐津市,浜玉町南山,0,0,0,0,0,0
41202,84951,8495124,サガケン,カラツシ,ハマタママチヤマセ,佐賀県,唐津市,浜玉町山瀬,0,0,0,0,0,0
41202,84951,8495121,サガケン,カラツシ,ハマタママチヨコタカミ,佐賀県,唐津市,浜玉町横田上,0,0,0,0,0,0
41202,84951,8495122,サガケン,カラツシ,ハマタママチヨコタシモ,佐賀県,唐津市,浜玉町横田下,0,0,0,0,0,0
41202,847  ,8470031,サガケン,カラツシ,ハル,佐賀県,唐津市,原,0,0,0,0,0,0
41202,847  ,8470024,サガケン,カラツシ,ヒガシウキ,佐賀県,唐津市,東宇木,0,0,0,0,0,0
41202,847  ,8470871,サガケン,カラツシ,ヒガシオオシママチ,佐賀県,唐津市,東大島町,0,0,0,0,0,0
41202,847  ,8470017,サガケン,カラツシ,ヒガシカラツ,佐賀県,唐津市,東唐津,0,0,1,0,0,0
41202,847  ,8470016,サガケン,カラツシ,ヒガシジョウナイ,佐賀県,唐津市,東城内,0,0,0,0,0,0
41202,847  ,8470063,サガケン,カラツシ,ヒガシマチ,佐賀県,唐津市,東町,0,0,0,0,0,0
41202,847  ,8470801,サガケン,カラツシ,ヒガシヤマ,佐賀県,唐津市,東山,0,0,0,0,0,0
41202,84715,8471502,サガケン,カラツシ,ヒゼンマチアカサカ,佐賀県,唐津市,肥前町赤坂,0,0,0,0,0,0
41202,84715,8471517,サガケン,カラツシ,ヒゼンマチアゲクラ,佐賀県,唐津市,肥前町上ケ倉,0,0,0,0,0,0
41202,84715,8471522,サガケン,カラツシ,ヒゼンマチイヌガシラ,佐賀県,唐津市,肥前町犬頭,0,0,0,0,0,0
41202,84715,8471526,サガケン,カラツシ,ヒゼンマチイリノ,佐賀県,唐津市,肥前町入野,0,0,0,0,0,0
41202,84715,8471512,サガケン,カラツシ,ヒゼンマチウメザキ,佐賀県,唐津市,肥前町梅崎,0,0,0,0,0,0
41202,84715,8471516,サガケン,カラツシ,ヒゼンマチウリガサカ,佐賀県,唐津市,肥前町瓜ケ坂,0,0,0,0,0,0
41202,84715,8471506,サガケン,カラツシ,ヒゼンマチオオウラ,佐賀県,唐津市,肥前町大浦,0,0,0,0,0,0
41202,84715,8471501,サガケン,カラツシ,ヒゼンマチキリゴ,佐賀県,唐津市,肥前町切木,0,0,0,0,0,0
41202,84715,8471505,サガケン,カラツシ,ヒゼンマチスギノウラ,佐賀県,唐津市,肥前町杉野浦,0,0,0,0,0,0
41202,84715,8471521,サガケン,カラツシ,ヒゼンマチタノ,佐賀県,唐津市,肥前町田野,0,0,0,0,0,0
41202,84715,8471527,サガケン,カラツシ,ヒゼンマチツルマキ,佐賀県,唐津市,肥前町鶴牧,0,0,0,0,0,0
41202,84715,8471513,サガケン,カラツシ,ヒゼンマチテラウラ,佐賀県,唐津市,肥前町寺浦,0,0,0,0,0,0
41202,84715,8471504,サガケン,カラツシ,ヒゼンマチナカウラ,佐賀県,唐津市,肥前町中浦,0,0,0,0,0,0
41202,84715,8471511,サガケン,カラツシ,ヒゼンマチニイコバ,佐賀県,唐津市,肥前町新木場,0,0,0,0,0,0
41202,84715,8471514,サガケン,カラツシ,ヒゼンマチニタノオ,佐賀県,唐津市,肥前町仁田野尾,0,0,0,0,0,0
41202,84715,8471525,サガケン,カラツシ,ヒゼンマチノウサ,佐賀県,唐津市,肥前町納所,0,0,0,0,0,0
41202,84715,8471523,サガケン,カラツシ,ヒゼンマチホシカ,佐賀県,唐津市,肥前町星賀,0,0,0,0,0,0
41202,84715,8471515,サガケン,カラツシ,ヒゼンマチマガリカワ,佐賀県,唐津市,肥前町万賀里川,0,0,0,0,0,0
41202,84715,8471507,サガケン,カラツシ,ヒゼンマチミツコシ,佐賀県,唐津市,肥前町満越,0,0,0,0,0,0
41202,84715,8471524,サガケン,カラツシ,ヒゼンマチムクシマ,佐賀県,唐津市,肥前町向島,0,0,0,0,0,0
41202,84715,8471503,サガケン,カラツシ,ヒゼンマチユノウラ,佐賀県,唐津市,肥前町湯野浦,0,0,0,0,0,0
41202,847  ,8470812,サガケン,カラツシ,ヒラノマチ,佐賀県,唐津市,平野町,0,0,0,0,0,0
41202,847  ,8470874,サガケン,カラツシ,フジサキドオリ,佐賀県,唐津市,藤崎通,0,0,0,0,0,0
41202,847  ,8470851,サガケン,カラツシ,フジミマチ,佐賀県,唐津市,富士見町,0,0,0,0,0,0
41202,847  ,8470861,サガケン,カラツシ,フタゴ,佐賀県,唐津市,二タ子,0,0,1,0,0,0
41202,847  ,8470062,サガケン,カラツシ,フナミヤマチ,佐賀県,唐津市,船宮町,0,0,0,0,0,0
41202,847  ,8470056,サガケン,カラツシ,ボウズマチ,佐賀県,唐津市,坊主町,0,0,0,0,0,0
41202,847  ,8470047,サガケン,カラツシ,ホンマチ,佐賀県,唐津市,本町,0,0,0,0,0,0
41202,84701,8470133,サガケン,カラツシ,ミナトマチ,佐賀県,唐津市,湊町,0,0,0,0,0,0
41202,847  ,8470013,サガケン,カラツシ,ミナミジョウナイ,佐賀県,唐津市,南城内,0,0,0,0,0,0
41202,847  ,8470876,サガケン,カラツシ,ミナミフジミチョウ,佐賀県,唐津市,南富士見町,0,0,0,0,0,0
41202,847  ,8470863,サガケン,カラツシ,ミョウケンマチ,佐賀県,唐津市,妙見町,0,0,0,0,0,0
41202,847  ,8470825,サガケン,カラツシ,ミルカシ,佐賀県,唐津市,見借,0,0,0,0,0,0
41202,847  ,8470064,サガケン,カラツシ,モトイシマチ,佐賀県,唐津市,元石町,0,0,0,0,0,0
41202,847  ,8470852,サガケン,カラツシ,モトハタマチ,佐賀県,唐津市,元旗町,0,0,0,0,0,0
41202,847  ,8470811,サガケン,カラツシ,ヤオヤマチ,佐賀県,唐津市,八百屋町,0,0,0,0,0,0
41202,84701,8470135,サガケン,カラツシ,ヤカタイシ,佐賀県,唐津市,屋形石,0,0,0,0,0,0
41202,84701,8470102,サガケン,カラツシ,ヤハタマチ,佐賀県,唐津市,八幡町,0,0,0,0,0,0
41202,847  ,8470004,サガケン,カラツシ,ヤブタ,佐賀県,唐津市,養母田,0,0,0,0,0,0
41202,847  ,8470005,サガケン,カラツシ,ヤブタオニヅカ,佐賀県,唐津市,養母田鬼塚,0,0,0,0,0,0
41202,847  ,8470842,サガケン,カラツシ,ヤマシタマチ,佐賀県,唐津市,山下町,0,0,0,0,0,0
41202,847  ,8470834,サガケン,カラツシ,ヤマダ,佐賀県,唐津市,山田,0,0,0,0,0,0
41202,847  ,8470002,サガケン,カラツシ,ヤマモト,佐賀県,唐津市,山本,0,0,0,0,0,0
41202,847  ,8470032,サガケン,カラツシ,ユウヒ,佐賀県,唐津市,夕日,0,0,0,0,0,0
41202,847  ,8470814,サガケン,カラツシ,ユミタカマチ,佐賀県,唐津市,弓鷹町,0,0,0,0,0,0
41202,84701,8470136,サガケン,カラツシ,ヨコノ,佐賀県,唐津市,横野,0,0,0,0,0,0
41202,84703,8470301,サガケン,カラツシ,ヨブコチョウオオドモ,佐賀県,唐津市,呼子町大友,0,0,0,0,0,0
41202,84703,8470306,サガケン,カラツシ,ヨブコチョウオガワシマ,佐賀県,唐津市,呼子町小川島,0,0,0,0,0,0
41202,84703,8470305,サガケン,カラツシ,ヨブコチョウカベシマ,佐賀県,唐津市,呼子町加部島,0,0,0,0,0,0
41202,84703,8470302,サガケン,カラツシ,ヨブコチョウコドモ,佐賀県,唐津市,呼子町小友,0,0,0,0,0,0
41202,84703,8470304,サガケン,カラツシ,ヨブコチョウトノノウラ,佐賀県,唐津市,呼子町殿ノ浦,0,0,0,0,0,0
41202,84703,8470303,サガケン,カラツシ,ヨブコチョウヨブコ,佐賀県,唐津市,呼子町呼子,0,0,0,0,0,0
41202,847  ,8470071,サガケン,カラツシ,ワタダアママチ,佐賀県,唐津市,和多田海士町,0,0,0,0,0,0
41202,847  ,8470083,サガケン,カラツシ,ワタダオオドイ,佐賀県,唐津市,和多田大土井,0,0,0,0,0,0
41202,847  ,8470074,サガケン,カラツシ,ワタダサキイシ,佐賀県,唐津市,和多田先石,0,0,0,0,0,0
41202,847  ,8470082,サガケン,カラツシ,ワタダテンマンチョウ,佐賀県,唐津市,和多田天満町,0,0,1,0,0,0
41202,847  ,8470084,サガケン,カラツシ,ワタダニシヤマ,佐賀県,唐津市,和多田西山,0,0,0,0,0,0
41202,847  ,8470073,サガケン,カラツシ,ワタダヒガシヒャクニンマチ,佐賀県,唐津市,和多田東百人町,0,0,0,0,0,0
41202,847  ,8470072,サガケン,カラツシ,ワタダヒャクニンマチ,佐賀県,唐津市,和多田百人町,0,0,0,0,0,0
41202,847  ,8470085,サガケン,カラツシ,ワタダホンムラ,佐賀県,唐津市,和多田本村,0,0,0,0,0,0
41202,847  ,8470081,サガケン,カラツシ,ワタダミナミサキイシ,佐賀県,唐津市,和多田南先石,0,0,0,0,0,0
41202,847  ,8470075,サガケン,カラツシ,ワタダヨウジャク,佐賀県,唐津市,和多田用尺,0,0,0,0,0,0
41203,841  ,8410000,サガケン,トスシ,イカニケイサイガナイバアイ,佐賀県,鳥栖市,以下に掲載がない場合,0,0,0,0,0,0
41203,841  ,8410036,サガケン,トスシ,アキバマチ,佐賀県,鳥栖市,秋葉町,0,0,1,0,0,0
41203,841  ,8410082,サガケン,トスシ,アサイマチ,佐賀県,鳥栖市,浅井町,0,0,0,0,0,0
41203,841  ,8410068,サガケン,トスシ,アサヒシンマチ,佐賀県,鳥栖市,あさひ新町,0,0,0,0,0,0
41203,841  ,8410045,サガケン,トスシ,アンラクジマチ,佐賀県,鳥栖市,安楽寺町,0,0,0,0,0,0
41203,841  ,8410022,サガケン,トスシ,イイダマチ,佐賀県,鳥栖市,飯田町,0,0,0,0,0,0
41203,841  ,8410047,サガケン,トスシ,イマイズミマチ,佐賀県,鳥栖市,今泉町,0,0,0,0,0,0
41203,841  ,8410001,サガケン,トスシ,イママチ,佐賀県,鳥栖市,今町,0,0,0,0,0,0
41203,841  ,8410086,サガケン,トスシ,ウシワラマチ,佐賀県,鳥栖市,牛原町,0,0,0,0,0,0
41203,841  ,8410073,サガケン,トスシ,エジママチ,佐賀県,鳥栖市,江島町,0,0,0,0,0,0
41203,841  ,8410003,サガケン,トスシ,カトウダマチ,佐賀県,鳥栖市,加藤田町,0,0,1,0,0,0
41203,841  ,8410081,サガケン,トスシ,カヤカタマチ,佐賀県,鳥栖市,萱方町,0,0,0,0,0,0
41203,841  ,8410087,サガケン,トスシ,カワチマチ,佐賀県,鳥栖市,河内町,0,0,0,0,0,0
41203,841  ,8410066,サガケン,トスシ,ギトクマチ,佐賀県,鳥栖市,儀徳町,0,0,0,0,0,0
41203,841  ,8410034,サガケン,トスシ,キョウマチ,佐賀県,鳥栖市,京町,0,0,0,0,0,0
41203,841  ,8410056,サガケン,トスシ,クラノウエ,佐賀県,鳥栖市,蔵上,0,0,0,0,0,0
41203,841  ,8410054,サガケン,トスシ,クラノウエマチ,佐賀県,鳥栖市,蔵上町,0,0,0,0,0,0
41203,841  ,8410004,サガケン,トスシ,コウノエマチ,佐賀県,鳥栖市,神辺町,0,0,0,0,0,0
41203,841  ,8410083,サガケン,トスシ,コガマチ,佐賀県,鳥栖市,古賀町,0,0,0,0,0,0
41203,841  ,8410062,サガケン,トスシ,サイツマチ,佐賀県,鳥栖市,幸津町,0,0,0,0,0,0
41203,841  ,8410041,サガケン,トスシ,サカイヒガシマチ,佐賀県,鳥栖市,酒井東町,0,0,0,0,0,0
41203,841  ,8410042,サガケン,トスシ,サカイニシマチ,佐賀県,鳥栖市,酒井西町,0,0,0,0,0,0
41203,841  ,8410088,サガケン,トスシ,サクラガオカマチ,佐賀県,鳥栖市,桜ケ丘町,0,0,0,0,0,0
41203,841  ,8410014,サガケン,トスシ,サクラマチ,佐賀県,鳥栖市,桜町,0,0,0,0,0,0
41203,841  ,8410063,サガケン,トスシ,シモノマチ,佐賀県,鳥栖市,下野町,0,0,0,0,0,0
41203,841  ,8410052,サガケン,トスシ,シュクマチ,佐賀県,鳥栖市,宿町,0,0,0,0,0,0
41203,841  ,8410025,サガケン,トスシ,ソネザキマチ,佐賀県,鳥栖市,曽根崎町,0,0,0,0,0,0
41203,841  ,8410032,サガケン,トスシ,タイショウマチ,佐賀県,鳥栖市,大正町,0,0,0,0,0,0
41203,841  ,8410044,サガケン,トスシ,タカタマチ,佐賀県,鳥栖市,高田町,0,0,0,0,0,0
41203,841  ,8410015,サガケン,トスシ,タシロカンマチ,佐賀県,鳥栖市,田代上町,0,0,0,0,0,0
41203,841  ,8410012,サガケン,トスシ,タシロショウマチ,佐賀県,鳥栖市,田代昌町,0,0,0,0,0,0
41203,841  ,8410013,サガケン,トスシ,タシロシンマチ,佐賀県,鳥栖市,田代新町,0,0,0,0,0,0
41203,841  ,8410017,サガケン,トスシ,タシロダイカンマチ,佐賀県,鳥栖市,田代大官町,0,0,0,0,0,0
41203,841  ,8410016,サガケン,トスシ,タシロホカマチ,佐賀県,鳥栖市,田代外町,0,0,0,0,0,0
41203,841  ,8410018,サガケン,トスシ,タシロホンマチ,佐賀県,鳥栖市,田代本町,0,0,0,0,0,0
41203,841  ,8410075,サガケン,トスシ,タテイシマチ,佐賀県,鳥栖市,立石町,0,0,0,0,0,0
41203,841  ,8410039,サガケン,トスシ,ドイマチ,佐賀県,鳥栖市,土井町,0,0,0,0,0,0
41203,841  ,8410061,サガケン,トスシ,トドロキマチ,佐賀県,鳥栖市,轟木町,0,0,0,0,0,0
41203,841  ,8410011,サガケン,トスシ,ナガヨシマチ,佐賀県,鳥栖市,永吉町,0,0,0,0,0,0
41203,841  ,8410074,サガケン,トスシ,ニシシンマチ,佐賀県,鳥栖市,西新町,0,0,0,0,0,0
41203,841  ,8410067,サガケン,トスシ,ニシダマチ,佐賀県,鳥栖市,西田町,0,0,0,0,0,0
41203,841  ,8410089,サガケン,トスシ,ニジガオカマチ,佐賀県,鳥栖市,虹ケ丘町,0,0,0,0,0,0
41203,841  ,8410021,サガケン,トスシ,ハタザキマチ,佐賀県,鳥栖市,幡崎町,0,0,0,0,0,0
41203,841  ,8410071,サガケン,トスシ,ハラコガマチ,佐賀県,鳥栖市,原古賀町,0,0,0,0,0,0
41203,841  ,8410024,サガケン,トスシ,ハルマチ,佐賀県,鳥栖市,原町,0,0,0,0,0,0
41203,841  ,8410035,サガケン,トスシ,ヒガシマチ,佐賀県,鳥栖市,東町,0,0,1,0,0,0
41203,841  ,8410023,サガケン,トスシ,ヒメカタマチ,佐賀県,鳥栖市,姫方町,0,0,0,0,0,0
41203,841  ,8410076,サガケン,トスシ,ヒラタマチ,佐賀県,鳥栖市,平田町,0,0,0,0,0,0
41203,841  ,8410048,サガケン,トスシ,フジノキマチ,佐賀県,鳥栖市,藤木町,0,0,0,0,0,0
41203,841  ,8410053,サガケン,トスシ,フツハラマチ,佐賀県,鳥栖市,布津原町,0,0,0,0,0,0
41203,841  ,8410038,サガケン,トスシ,フルノマチ,佐賀県,鳥栖市,古野町,0,0,0,0,0,0
41203,841  ,8410033,サガケン,トスシ,ホンドオリマチ,佐賀県,鳥栖市,本通町,0,0,1,0,0,0
41203,841  ,8410026,サガケン,トスシ,ホンドスマチ,佐賀県,鳥栖市,本鳥栖町,0,0,0,0,0,0
41203,841  ,8410037,サガケン,トスシ,ホンマチ,佐賀県,鳥栖市,本町,0,0,1,0,0,0
41203,841  ,8410065,サガケン,トスシ,マエダマチ,佐賀県,鳥栖市,前田町,0,0,0,0,0,0
41203,841  ,8410046,サガケン,トスシ,マキマチ,佐賀県,鳥栖市,真木町,0,0,0,0,0,0
41203,841  ,8410027,サガケン,トスシ,マツバラマチ,佐賀県,鳥栖市,松原町,0,0,0,0,0,0
41203,841  ,8410064,サガケン,トスシ,ミシママチ,佐賀県,鳥栖市,三島町,0,0,0,0,0,0
41203,841  ,8410043,サガケン,トスシ,ミズヤマチ,佐賀県,鳥栖市,水屋町,0,0,0,0,0,0
41203,841  ,8410072,サガケン,トスシ,ムラタマチ,佐賀県,鳥栖市,村田町,0,0,0,0,0,0
41203,841  ,8410051,サガケン,トスシ,モトマチ,佐賀県,鳥栖市,元町,0,0,0,0,0,0
41203,841  ,8410055,サガケン,トスシ,ヤブマチ,佐賀県,鳥栖市,養父町,0,0,0,0,0,0
41203,841  ,8410084,サガケン,トスシ,ヤマウラマチ,佐賀県,鳥栖市,山浦町,0,0,0,0,0,0
41203,841  ,8410085,サガケン,トスシ,ヤマトマチ,佐賀県,鳥栖市,山都町,0,0,0,0,0,0
41203,841  ,8410005,サガケン,トスシ,ヤヨイガオカ,佐賀県,鳥栖市,弥生が丘,0,0,1,0,0,0
41203,841  ,8410031,サガケン,トスシ,ヤリタマチ,佐賀県,鳥栖市,鎗田町,0,0,0,0,0,0
41203,841  ,8410002,サガケン,トスシ,ユビマチ,佐賀県,鳥栖市,柚比町,0,0,0,0,0,0
41204,846  ,8460000,サガケン,タクシ,イカニケイサイガナイバアイ,佐賀県,多久市,以下に掲載がない場合,0,0,0,0,0,0
41204,846  ,8460001,サガケン,タクシ,キタタクマチ,佐賀県,多久市,北多久町,0,0,0,0,0,0
41204,846  ,8460006,サガケン,タクシ,キタタクマチアザミバル,佐賀県,多久市,北多久町莇原,0,0,0,0,0,0
41204,846  ,8460002,サガケン,タクシ,キタタクマチコサムライ,佐賀県,多久市,北多久町小侍,0,0,0,0,0,0
41204,846  ,8460005,サガケン,タクシ,キタタクマチスナハラ,佐賀県,多久市,北多久町砂原,0,0,0,0,0,0
41204,846  ,8460003,サガケン,タクシ,キタタクマチタクバル,佐賀県,多久市,北多久町多久原,0,0,0,0,0,0
41204,846  ,8460004,サガケン,タクシ,キタタクマチナカタク,佐賀県,多久市,北多久町中多久,0,0,0,0,0,0
41204,846  ,8460007,サガケン,タクシ,キタタクマチメイプルタウン,佐賀県,多久市,北多久町メイプルタウン,0,0,0,0,0,0
41204,846  ,8460031,サガケン,タクシ,タクマチ,佐賀県,多久市,多久町,0,0,0,0,0,0
41204,846  ,8460041,サガケン,タクシ,ニシタクマチ,佐賀県,多久市,西多久町,0,0,0,0,0,0
41204,846  ,8460011,サガケン,タクシ,ヒガシタクマチ,佐賀県,多久市,東多久町,0,0,0,0,0,0
41204,846  ,8460013,サガケン,タクシ,ヒガシタクマチコガ,佐賀県,多久市,東多久町古賀,0,0,0,0,0,0
41204,846  ,8460014,サガケン,タクシ,ヒガシタクマチノウソ,佐賀県,多久市,東多久町納所,0,0,0,0,0,0
41204,846  ,8460012,サガケン,タクシ,ヒガシタクマチベフ,佐賀県,多久市,東多久町別府,0,0,0,0,0,0
41204,846  ,8460021,サガケン,タクシ,ミナミタクマチ,佐賀県,多久市,南多久町,0,0,0,0,0,0
41204,846  ,8460022,サガケン,タクシ,ミナミタクマチイズミマチ,佐賀県,多久市,南多久町泉町,0,0,0,0,0,0
41204,846  ,8460024,サガケン,タクシ,ミナミタクマチシモタク,佐賀県,多久市,南多久町下多久,0,0,0,0,0,0
41204,846  ,8460023,サガケン,タクシ,ミナミタクマチナガオ,佐賀県,多久市,南多久町長尾,0,0,0,0,0,0
41204,846  ,8460025,サガケン,タクシ,ミナミタクマチハナマツリ,佐賀県,多久市,南多久町花祭,0,0,0,0,0,0
41205,848  ,8480000,サガケン,イマリシ,イカニケイサイガナイバアイ,佐賀県,伊万里市,以下に掲載がない場合,0,0,0,0,0,0
41205,848  ,8480047,サガケン,イマリシ,イマリチョウコウ,佐賀県,伊万里市,伊万里町甲,0,0,0,0,0,0
41205,848  ,8480046,サガケン,イマリシ,イマリチョウオツ,佐賀県,伊万里市,伊万里町乙,0,0,0,0,0,0
41205,848  ,8480024,サガケン,イマリシ,オオカワチチョウコウ,佐賀県,伊万里市,大川内町甲,0,0,0,0,0,0
41205,848  ,8480025,サガケン,イマリシ,オオカワチチョウオツ,佐賀県,伊万里市,大川内町乙,0,0,0,0,0,0
41205,848  ,8480026,サガケン,イマリシ,オオカワチチョウヘイ,佐賀県,伊万里市,大川内町丙,0,0,0,0,0,0
41205,84952,8495251,サガケン,イマリシ,オオカワチョウオオカワノ,佐賀県,伊万里市,大川町大川野,0,0,0,0,0,0
41205,84952,8495257,サガケン,イマリシ,オオカワチョウカワバル,佐賀県,伊万里市,大川町川原,0,0,0,0,0,0
41205,84952,8495252,サガケン,イマリシ,オオカワチョウカワニシ,佐賀県,伊万里市,大川町川西,0,0,0,0,0,0
41205,84952,8495253,サガケン,イマリシ,オオカワチョウコマナキ,佐賀県,伊万里市,大川町駒鳴,0,0,0,0,0,0
41205,84952,8495254,サガケン,イマリシ,オオカワチョウタツガワ,佐賀県,伊万里市,大川町立川,0,0,0,0,0,0
41205,84952,8495256,サガケン,イマリシ,オオカワチョウヒガシタシロ,佐賀県,伊万里市,大川町東田代,0,0,0,0,0,0
41205,84952,8495255,サガケン,イマリシ,オオカワチョウヤマグチ,佐賀県,伊万里市,大川町山口,0,0,0,0,0,0
41205,848  ,8480021,サガケン,イマリシ,オオツボチョウコウ,佐賀県,伊万里市,大坪町甲,0,0,0,0,0,0
41205,848  ,8480022,サガケン,イマリシ,オオツボチョウオツ,佐賀県,伊万里市,大坪町乙,0,0,0,0,0,0
41205,848  ,8480023,サガケン,イマリシ,オオツボチョウヘイ,佐賀県,伊万里市,大坪町丙,0,0,0,0,0,0
41205,848  ,8480044,サガケン,イマリシ,キスチョウ,佐賀県,伊万里市,木須町,0,0,0,0,0,0
41205,84801,8480124,サガケン,イマリシ,クロガワチョウ(ナムラダンチ),佐賀県,伊万里市,黒川町（名村団地）,0,0,0,0,0,0
41205,84801,8480123,サガケン,イマリシ,クロガワチョウオオクロガワ,佐賀県,伊万里市,黒川町大黒川,0,0,0,0,0,0
41205,84801,8480146,サガケン,イマリシ,クロガワチョウクロシオ,佐賀県,伊万里市,黒川町黒塩,0,0,0,0,0,0
41205,84801,8480125,サガケン,イマリシ,クロガワチョウコクロガワ,佐賀県,伊万里市,黒川町小黒川,0,0,0,0,0,0
41205,84801,8480121,サガケン,イマリシ,クロガワチョウシオヤ,佐賀県,伊万里市,黒川町塩屋,0,0,0,0,0,0
41205,84801,8480141,サガケン,イマリシ,クロガワチョウシミズ,佐賀県,伊万里市,黒川町清水,0,0,0,0,0,0
41205,84801,8480142,サガケン,イマリシ,クロガワチョウタチメ,佐賀県,伊万里市,黒川町立目,0,0,0,0,0,0
41205,84801,8480145,サガケン,イマリシ,クロガワチョウツバキハラ,佐賀県,伊万里市,黒川町椿原,0,0,0,0,0,0
41205,84801,8480132,サガケン,イマリシ,クロガワチョウナガオ,佐賀県,伊万里市,黒川町長尾,0,0,0,0,0,0
41205,84801,8480131,サガケン,イマリシ,クロガワチョウハタガワチ,佐賀県,伊万里市,黒川町畑川内,0,0,0,0,0,0
41205,84801,8480134,サガケン,イマリシ,クロガワチョウハナブサ,佐賀県,伊万里市,黒川町花房,0,0,0,0,0,0
41205,84801,8480122,サガケン,イマリシ,クロガワチョウフクダ,佐賀県,伊万里市,黒川町福田,0,0,0,0,0,0
41205,84801,8480133,サガケン,イマリシ,クロガワチョウマテノ,佐賀県,伊万里市,黒川町真手野,0,0,0,0,0,0
41205,84801,8480143,サガケン,イマリシ,クロガワチョウムタ,佐賀県,伊万里市,黒川町牟田,0,0,0,0,0,0
41205,84801,8480144,サガケン,イマリシ,クロガワチョウヨコノ,佐賀県,伊万里市,黒川町横野,0,0,0,0,0,0
41205,848  ,8480041,サガケン,イマリシ,シンテンチョウ,佐賀県,伊万里市,新天町,0,0,0,0,0,0
41205,848  ,8480043,サガケン,イマリシ,セトチョウ,佐賀県,伊万里市,瀬戸町,0,0,0,0,0,0
41205,848  ,8480027,サガケン,イマリシ,タチバナチョウ,佐賀県,伊万里市,立花町,0,0,0,0,0,0
41205,848  ,8480032,サガケン,イマリシ,ニリチョウオオザトコウ,佐賀県,伊万里市,二里町大里甲,0,0,0,0,0,0
41205,848  ,8480035,サガケン,イマリシ,ニリチョウオオザトオツ,佐賀県,伊万里市,二里町大里乙,0,0,0,0,0,0
41205,848  ,8480034,サガケン,イマリシ,ニリチョウナカザトコウ,佐賀県,伊万里市,二里町中里甲,0,0,0,0,0,0
41205,848  ,8480033,サガケン,イマリシ,ニリチョウナカザトオツ,佐賀県,伊万里市,二里町中里乙,0,0,0,0,0,0
41205,848  ,8480031,サガケン,イマリシ,ニリチョウハチヤガラミ,佐賀県,伊万里市,二里町八谷搦,0,0,0,0,0,0
41205,848  ,8480042,サガケン,イマリシ,ハスイケチョウ,佐賀県,伊万里市,蓮池町,0,0,0,0,0,0
41205,84801,8480113,サガケン,イマリシ,ハタツチョウイタギ,佐賀県,伊万里市,波多津町板木,0,0,0,0,0,0
41205,84801,8480116,サガケン,イマリシ,ハタツチョウイノオ,佐賀県,伊万里市,波多津町井野尾,0,0,0,0,0,0
41205,84801,8480103,サガケン,イマリシ,ハタツチョウウチノ,佐賀県,伊万里市,波多津町内野,0,0,0,0,0,0
41205,84801,8480111,サガケン,イマリシ,ハタツチョウコバ,佐賀県,伊万里市,波多津町木場,0,0,0,0,0,0
41205,84801,8480104,サガケン,イマリシ,ハタツチョウススヤ,佐賀県,伊万里市,波多津町煤屋,0,0,0,0,0,0
41205,84801,8480112,サガケン,イマリシ,ハタツチョウタシロ,佐賀県,伊万里市,波多津町田代,0,0,0,0,0,0
41205,84801,8480101,サガケン,イマリシ,ハタツチョウツジ,佐賀県,伊万里市,波多津町辻,0,0,0,0,0,0
41205,84801,8480117,サガケン,イマリシ,ハタツチョウツツイ,佐賀県,伊万里市,波多津町筒井,0,0,0,0,0,0
41205,84801,8480114,サガケン,イマリシ,ハタツチョウツルヌシヤ,佐賀県,伊万里市,波多津町津留主屋,0,0,0,0,0,0
41205,84801,8480115,サガケン,イマリシ,ハタツチョウナカヤマ,佐賀県,伊万里市,波多津町中山,0,0,0,0,0,0
41205,84801,8480102,サガケン,イマリシ,ハタツチョウハタツ,佐賀県,伊万里市,波多津町畑津,0,0,0,0,0,0
41205,84801,8480105,サガケン,イマリシ,ハタツチョウマテガタ,佐賀県,伊万里市,波多津町馬蛤潟,0,0,0,0,0,0
41205,84942,8494284,サガケン,イマリシ,ヒガシヤマシロチョウウラガワチ,佐賀県,伊万里市,東山代町浦川内,0,0,0,0,0,0
41205,84942,8494281,サガケン,イマリシ,ヒガシヤマシロチョウオオクボ,佐賀県,伊万里市,東山代町大久保,0,0,0,0,0,0
41205,84942,8494286,サガケン,イマリシ,ヒガシヤマシロチョウカワチノ,佐賀県,伊万里市,東山代町川内野,0,0,0,0,0,0
41205,84942,8494282,サガケン,イマリシ,ヒガシヤマシロチョウサト,佐賀県,伊万里市,東山代町里,0,0,0,0,0,0
41205,84942,8494285,サガケン,イマリシ,ヒガシヤマシロチョウタキガワチ,佐賀県,伊万里市,東山代町滝川内,0,0,0,0,0,0
41205,84942,8494273,サガケン,イマリシ,ヒガシヤマシロチョウテンジン,佐賀県,伊万里市,東山代町天神,0,0,0,0,0,0
41205,84942,8494271,サガケン,イマリシ,ヒガシヤマシロチョウナガハマ,佐賀県,伊万里市,東山代町長浜,0,0,0,0,0,0
41205,84942,8494272,サガケン,イマリシ,ヒガシヤマシロチョウヒオ,佐賀県,伊万里市,東山代町日尾,0,0,0,0,0,0
41205,84942,8494283,サガケン,イマリシ,ヒガシヤマシロチョウヒガシオオクボ,佐賀県,伊万里市,東山代町東大久保,0,0,0,0,0,0
41205,84942,8494274,サガケン,イマリシ,ヒガシヤマシロチョウワキノ,佐賀県,伊万里市,東山代町脇野,0,0,0,0,0,0
41205,84952,8495264,サガケン,イマリシ,マツウラチョウサゲノカワ,佐賀県,伊万里市,松浦町提川,0,0,0,0,0,0
41205,84952,8495262,サガケン,イマリシ,マツウラチョウナカノハラ,佐賀県,伊万里市,松浦町中野原,0,0,0,0,0,0
41205,84952,8495261,サガケン,イマリシ,マツウラチョウモモノカワ,佐賀県,伊万里市,松浦町桃川,0,0,0,0,0,0
41205,84952,8495263,サガケン,イマリシ,マツウラチョウヤマガタ,佐賀県,伊万里市,松浦町山形,0,0,0,0,0,0
41205,848  ,8480045,サガケン,イマリシ,マツシマチョウ,佐賀県,伊万里市,松島町,0,0,0,0,0,0
41205,848  ,8480007,サガケン,イマリシ,ミナミハタチョウイデノ,佐賀県,伊万里市,南波多町井手野,0,0,0,0,0,0
41205,848  ,8480011,サガケン,イマリシ,ミナミハタチョウオオカワバル,佐賀県,伊万里市,南波多町大川原,0,0,0,0,0,0
41205,848  ,8480005,サガケン,イマリシ,ミナミハタチョウオオマガリ,佐賀県,伊万里市,南波多町大曲,0,0,0,0,0,0
41205,848  ,8480013,サガケン,イマリシ,ミナミハタチョウカサジ,佐賀県,伊万里市,南波多町笠椎,0,0,0,0,0,0
41205,848  ,8480014,サガケン,イマリシ,ミナミハタチョウコムギハル,佐賀県,伊万里市,南波多町小麦原,0,0,0,0,0,0
41205,848  ,8480001,サガケン,イマリシ,ミナミハタチョウジュウバシ,佐賀県,伊万里市,南波多町重橋,0,0,0,0,0,0
41205,848  ,8480006,サガケン,イマリシ,ミナミハタチョウタカゼ,佐賀県,伊万里市,南波多町高瀬,0,0,0,0,0,0
41205,848  ,8480002,サガケン,イマリシ,ミナミハタチョウタニグチ,佐賀県,伊万里市,南波多町谷口,0,0,0,0,0,0
41205,848  ,8480004,サガケン,イマリシ,ミナミハタチョウツヅミ,佐賀県,伊万里市,南波多町水留,0,0,0,0,0,0
41205,848  ,8480016,サガケン,イマリシ,ミナミハタチョウハラヤシキ,佐賀県,伊万里市,南波多町原屋敷,0,0,0,0,0,0
41205,848  ,8480015,サガケン,イマリシ,ミナミハタチョウフマネキ,佐賀県,伊万里市,南波多町府招,0,0,0,0,0,0
41205,848  ,8480012,サガケン,イマリシ,ミナミハタチョウフルコ,佐賀県,伊万里市,南波多町古川,0,0,0,0,0,0
41205,848  ,8480003,サガケン,イマリシ,ミナミハタチョウフルサト,佐賀県,伊万里市,南波多町古里,0,0,0,0,0,0
41205,84942,8494251,サガケン,イマリシ,ヤマシロチョウクスク,佐賀県,伊万里市,山代町楠久,0,0,0,0,0,0
41205,84942,8494252,サガケン,イマリシ,ヤマシロチョウクスクツ,佐賀県,伊万里市,山代町楠久津,0,0,0,0,0,0
41205,84942,8494256,サガケン,イマリシ,ヤマシロチョウクバラ,佐賀県,伊万里市,山代町久原,0,0,0,0,0,0
41205,84942,8494254,サガケン,イマリシ,ヤマシロチョウジョウ,佐賀県,伊万里市,山代町城,0,0,0,0,0,0
41205,84942,8494261,サガケン,イマリシ,ヤマシロチョウタチイワ,佐賀県,伊万里市,山代町立岩,0,0,0,0,0,0
41205,84942,8494263,サガケン,イマリシ,ヤマシロチョウニシオオクボ,佐賀県,伊万里市,山代町西大久保,0,0,0,0,0,0
41205,84942,8494264,サガケン,イマリシ,ヤマシロチョウヒガシブン,佐賀県,伊万里市,山代町東分,0,0,0,0,0,0
41205,84942,8494262,サガケン,イマリシ,ヤマシロチョウニシブン,佐賀県,伊万里市,山代町西分,0,0,0,0,0,0
41205,84942,8494255,サガケン,イマリシ,ヤマシロチョウフクガワチ,佐賀県,伊万里市,山代町福川内,0,0,0,0,0,0
41205,84942,8494253,サガケン,イマリシ,ヤマシロチョウミネ,佐賀県,伊万里市,山代町峰,0,0,0,0,0,0
41205,848  ,8480028,サガケン,イマリシ,ワキダチョウ,佐賀県,伊万里市,脇田町,0,0,0,0,0,0
41206,843  ,8430000,サガケン,タケオシ,イカニケイサイガナイバアイ,佐賀県,武雄市,以下に掲載がない場合,0,0,0,0,0,0
41206,843  ,8430003,サガケン,タケオシ,アサヒチョウアシハラ,佐賀県,武雄市,朝日町芦原,0,0,0,0,0,0
41206,843  ,8430001,サガケン,タケオシ,アサヒチョウアマグ,佐賀県,武雄市,朝日町甘久,0,0,0,0,0,0
41206,843  ,8430002,サガケン,タケオシ,アサヒチョウナカノ,佐賀県,武雄市,朝日町中野,0,0,0,0,0,0
41206,84922,8492203,サガケン,タケオシ,キタガタチョウアシハラ,佐賀県,武雄市,北方町芦原,0,0,0,0,0,0
41206,84922,8492204,サガケン,タケオシ,キタガタチョウオオサキ,佐賀県,武雄市,北方町大崎,0,0,0,0,0,0
41206,84922,8492202,サガケン,タケオシ,キタガタチョウオオワタリ,佐賀県,武雄市,北方町大渡,0,0,0,0,0,0
41206,84922,8492201,サガケン,タケオシ,キタガタチョウシク,佐賀県,武雄市,北方町志久,0,0,0,0,0,0
41206,84923,8492341,サガケン,タケオシ,タケウチチョウウメノ,佐賀県,武雄市,武内町梅野,0,0,0,0,0,0
41206,84923,8492342,サガケン,タケオシ,タケウチチョウマテノ,佐賀県,武雄市,武内町真手野,0,0,0,0,0,0
41206,843  ,8430023,サガケン,タケオシ,タケオチョウショウワ,佐賀県,武雄市,武雄町昭和,0,0,0,0,0,0
41206,843  ,8430022,サガケン,タケオシ,タケオチョウタケオ,佐賀県,武雄市,武雄町武雄,0,0,0,0,0,0
41206,843  ,8430024,サガケン,タケオシ,タケオチョウトミオカ,佐賀県,武雄市,武雄町富岡,0,0,0,0,0,0
41206,843  ,8430021,サガケン,タケオシ,タケオチョウナガシマ,佐賀県,武雄市,武雄町永島,0,0,0,0,0,0
41206,843  ,8430011,サガケン,タケオシ,タチバナチョウアシハラ,佐賀県,武雄市,橘町芦原,0,0,0,0,0,0
41206,843  ,8430012,サガケン,タケオシ,タチバナチョウカタジロ,佐賀県,武雄市,橘町片白,0,0,0,0,0,0
41206,843  ,8430013,サガケン,タケオシ,タチバナチョウダイニチ,佐賀県,武雄市,橘町大日,0,0,0,0,0,0
41206,843  ,8430014,サガケン,タケオシ,タチバナチョウナガシマ,佐賀県,武雄市,橘町永島,0,0,0,0,0,0
41206,84302,8430231,サガケン,タケオシ,ニシカワノボリチョウコタジ,佐賀県,武雄市,西川登町小田志,0,0,0,0,0,0
41206,84302,8430232,サガケン,タケオシ,ニシカワノボリチョウジンロク,佐賀県,武雄市,西川登町神六,0,0,0,0,0,0
41206,84302,8430233,サガケン,タケオシ,ヒガシカワノボリチョウナガノ,佐賀県,武雄市,東川登町永野,0,0,0,0,0,0
41206,84302,8430234,サガケン,タケオシ,ヒガシカワノボリチョウハカマノ,佐賀県,武雄市,東川登町袴野,0,0,0,0,0,0
41206,84923,8492301,サガケン,タケオシ,ヤマウチチョウイヌバシリ,佐賀県,武雄市,山内町犬走,0,0,0,0,0,0
41206,84923,8492304,サガケン,タケオシ,ヤマウチチョウオオノ,佐賀県,武雄市,山内町大野,0,0,0,0,0,0
41206,84923,8492302,サガケン,タケオシ,ヤマウチチョウトノミ,佐賀県,武雄市,山内町鳥海,0,0,0,0,0,0
41206,84923,8492303,サガケン,タケオシ,ヤマウチチョウミマサカ,佐賀県,武雄市,山内町三間坂,0,0,0,0,0,0
41206,84923,8492305,サガケン,タケオシ,ヤマウチチョウミヤノ,佐賀県,武雄市,山内町宮野,0,0,0,0,0,0
41206,84301,8430151,サガケン,タケオシ,ワカキチョウカワゴ,佐賀県,武雄市,若木町川古,0,0,0,0,0,0
41206,84301,8430152,サガケン,タケオシ,ワカキチョウモトベ,佐賀県,武雄市,若木町本部,0,0,0,0,0,0
41206,84301,8430153,サガケン,タケオシ,ワカキチョウモモノカワ,佐賀県,武雄市,若木町桃川,0,0,0,0,0,0
41207,84913,8491300,サガケン,カシマシ,イカニケイサイガナイバアイ,佐賀県,鹿島市,以下に掲載がない場合,0,0,0,0,0,0
41207,84913,8491324,サガケン,カシマシ,イイダ,佐賀県,鹿島市,飯田,0,0,0,0,0,0
41207,84913,8491302,サガケン,カシマシ,イデ,佐賀県,鹿島市,井手,0,0,0,0,0,0
41207,84913,8491323,サガケン,カシマシ,オトナリ,佐賀県,鹿島市,音成,0,0,0,0,0,0
41207,84913,8491313,サガケン,カシマシ,ジュウノキ,佐賀県,鹿島市,重ノ木,0,0,0,0,0,0
41207,84913,8491311,サガケン,カシマシ,タカツハラ,佐賀県,鹿島市,高津原,0,0,0,0,0,0
41207,84913,8491301,サガケン,カシマシ,ツネヒロ,佐賀県,鹿島市,常広,0,0,0,0,0,0
41207,84913,8491304,サガケン,カシマシ,ナカムラ,佐賀県,鹿島市,中村,0,0,0,0,0,0
41207,84913,8491312,サガケン,カシマシ,ノウドミブン,佐賀県,鹿島市,納富分,0,0,0,0,0,0
41207,84913,8491322,サガケン,カシマシ,ハママチ,佐賀県,鹿島市,浜町,0,0,0,0,0,0
41207,84913,8491321,サガケン,カシマシ,フルエダ,佐賀県,鹿島市,古枝,0,0,0,0,0,0
41207,84913,8491315,サガケン,カシマシ,ミカワチ,佐賀県,鹿島市,三河内,0,0,0,0,0,0
41207,84913,8491303,サガケン,カシマシ,モリ,佐賀県,鹿島市,森,0,0,0,0,0,0
41207,84913,8491314,サガケン,カシマシ,ヤマウラ,佐賀県,鹿島市,山浦,0,0,0,0,0,0
41208,845  ,8450000,サガケン,オギシ,イカニケイサイガナイバアイ,佐賀県,小城市,以下に掲載がない場合,0,0,0,0,0,0
41208,84903,8490311,サガケン,オギシ,アシカリチョウアシミゾ,佐賀県,小城市,芦刈町芦溝,0,0,0,0,0,0
41208,84903,8490312,サガケン,オギシ,アシカリチョウシモコガ,佐賀県,小城市,芦刈町下古賀,0,0,0,0,0,0
41208,84903,8490316,サガケン,オギシ,アシカリチョウドウメ,佐賀県,小城市,芦刈町道免,0,0,0,0,0,0
41208,84903,8490313,サガケン,オギシ,アシカリチョウナガタ,佐賀県,小城市,芦刈町永田,0,0,0,0,0,0
41208,84903,8490315,サガケン,オギシ,アシカリチョウハマエダガワ,佐賀県,小城市,芦刈町浜枝川,0,0,0,0,0,0
41208,84903,8490314,サガケン,オギシ,アシカリチョウミオウザキ,佐賀県,小城市,芦刈町三王崎,0,0,0,0,0,0
41208,84903,8490303,サガケン,オギシ,ウシヅチョウウシヅ,佐賀県,小城市,牛津町牛津,0,0,0,0,0,0
41208,84903,8490301,サガケン,オギシ,ウシヅチョウオトヤナギ,佐賀県,小城市,牛津町乙柳,0,0,0,0,0,0
41208,84903,8490302,サガケン,オギシ,ウシヅチョウカキヒセ,佐賀県,小城市,牛津町柿樋瀬,0,0,0,0,0,0
41208,84903,8490306,サガケン,オギシ,ウシヅチョウカツ,佐賀県,小城市,牛津町勝,0,0,0,0,0,0
41208,84903,8490305,サガケン,オギシ,ウシヅチョウカミトガワ,佐賀県,小城市,牛津町上砥川,0,0,0,0,0,0
41208,84903,8490304,サガケン,オギシ,ウシヅチョウシモトガワ,佐賀県,小城市,牛津町下砥川,0,0,0,0,0,0
41208,845  ,8450001,サガケン,オギシ,オギマチ,佐賀県,小城市,小城町,0,0,0,0,0,0
41208,845  ,8450012,サガケン,オギシ,オギマチイケノウエ,佐賀県,小城市,小城町池上,0,0,0,0,0,0
41208,845  ,8450003,サガケン,オギシ,オギマチイワクラ,佐賀県,小城市,小城町岩蔵,0,0,0,0,0,0
41208,845  ,8450013,サガケン,オギシ,オギマチクリハラ,佐賀県,小城市,小城町栗原,0,0,0,0,0,0
41208,845  ,8450002,サガケン,オギシ,オギマチハタケダ,佐賀県,小城市,小城町畑田,0,0,0,0,0,0
41208,845  ,8450014,サガケン,オギシ,オギマチハルケ,佐賀県,小城市,小城町晴気,0,0,0,0,0,0
41208,845  ,8450005,サガケン,オギシ,オギマチヒガシシンマチ,佐賀県,小城市,小城町東新町,0,0,0,0,0,0
41208,845  ,8450011,サガケン,オギシ,オギマチフナダ,佐賀県,小城市,小城町船田,0,0,0,0,0,0
41208,845  ,8450004,サガケン,オギシ,オギマチマツオ,佐賀県,小城市,小城町松尾,0,0,0,0,0,0
41208,845  ,8450035,サガケン,オギシ,ミカツキチョウイシキ,佐賀県,小城市,三日月町石木,0,0,0,0,0,0
41208,845  ,8450023,サガケン,オギシ,ミカツキチョウオリシマ,佐賀県,小城市,三日月町織島,0,0,0,0,0,0
41208,845  ,8450032,サガケン,オギシ,ミカツキチョウカナダ,佐賀県,小城市,三日月町金田,0,0,0,0,0,0
41208,845  ,8450022,サガケン,オギシ,ミカツキチョウクメ,佐賀県,小城市,三日月町久米,0,0,0,0,0,0
41208,845  ,8450034,サガケン,オギシ,ミカツキチョウコウヤナギハラ,佐賀県,小城市,三日月町甲柳原,0,0,0,0,0,0
41208,845  ,8450021,サガケン,オギシ,ミカツキチョウチョウカンダ,佐賀県,小城市,三日月町長神田,0,0,0,0,0,0
41208,845  ,8450033,サガケン,オギシ,ミカツキチョウヒグチ,佐賀県,小城市,三日月町樋口,0,0,0,0,0,0
41208,845  ,8450031,サガケン,オギシ,ミカツキチョウホリエ,佐賀県,小城市,三日月町堀江,0,0,0,0,0,0
41208,845  ,8450025,サガケン,オギシ,ミカツキチョウミカシマ,佐賀県,小城市,三日月町三ケ島,0,0,0,0,0,0
41208,845  ,8450024,サガケン,オギシ,ミカツキチョウミチベ,佐賀県,小城市,三日月町道辺,0,0,0,0,0,0
41209,84303,8430300,サガケン,ウレシノシ,イカニケイサイガナイバアイ,佐賀県,嬉野市,以下に掲載がない場合,0,0,0,0,0,0
41209,84303,8430304,サガケン,ウレシノシ,ウレシノマチイワヤガワチ,佐賀県,嬉野市,嬉野町岩屋川内,0,0,0,0,0,0
41209,84303,8430301,サガケン,ウレシノシ,ウレシノマチシモジュク,佐賀県,嬉野市,嬉野町下宿,0,0,0,0,0,0
41209,84303,8430302,サガケン,ウレシノシ,ウレシノマチシモノ,佐賀県,嬉野市,嬉野町下野,0,0,0,0,0,0
41209,84303,8430305,サガケン,ウレシノシ,ウレシノマチフドウヤマ,佐賀県,嬉野市,嬉野町不動山,0,0,0,0,0,0
41209,84303,8430303,サガケン,ウレシノシ,ウレシノマチヨシダ,佐賀県,嬉野市,嬉野町吉田,0,0,0,0,0,0
41209,84914,8491416,サガケン,ウレシノシ,シオタチョウオオクサノオツ,佐賀県,嬉野市,塩田町大草野乙,0,0,0,0,0,0
41209,84914,8491414,サガケン,ウレシノシ,シオタチョウオオクサノコウ,佐賀県,嬉野市,塩田町大草野甲,0,0,0,0,0,0
41209,84914,8491415,サガケン,ウレシノシ,シオタチョウオオクサノヘイ,佐賀県,嬉野市,塩田町大草野丙,0,0,0,0,0,0
41209,84914,8491402,サガケン,ウレシノシ,シオタチョウクマオツ,佐賀県,嬉野市,塩田町久間乙,0,0,0,0,0,0
41209,84914,8491401,サガケン,ウレシノシ,シオタチョウクマコウ,佐賀県,嬉野市,塩田町久間甲,0,0,0,0,0,0
41209,84914,8491404,サガケン,ウレシノシ,シオタチョウクマテイ,佐賀県,嬉野市,塩田町久間丁,0,0,0,0,0,0
41209,84914,8491403,サガケン,ウレシノシ,シオタチョウクマヘイ,佐賀県,嬉野市,塩田町久間丙,0,0,0,0,0,0
41209,84914,8491426,サガケン,ウレシノシ,シオタチョウゴチョウダオツ,佐賀県,嬉野市,塩田町五町田乙,0,0,0,0,0,0
41209,84914,8491425,サガケン,ウレシノシ,シオタチョウゴチョウダコウ,佐賀県,嬉野市,塩田町五町田甲,0,0,0,0,0,0
41209,84914,8491423,サガケン,ウレシノシ,シオタチョウタニドコロオツ,佐賀県,嬉野市,塩田町谷所乙,0,0,0,0,0,0
41209,84914,8491422,サガケン,ウレシノシ,シオタチョウタニドコロコウ,佐賀県,嬉野市,塩田町谷所甲,0,0,0,0,0,0
41209,84914,8491424,サガケン,ウレシノシ,シオタチョウタニドコロヘイ,佐賀県,嬉野市,塩田町谷所丙,0,0,0,0,0,0
41209,84914,8491412,サガケン,ウレシノシ,シオタチョウババシタオツ,佐賀県,嬉野市,塩田町馬場下乙,0,0,0,0,0,0
41209,84914,8491411,サガケン,ウレシノシ,シオタチョウババシタコウ,佐賀県,嬉野市,塩田町馬場下甲,0,0,0,0,0,0
41209,84914,8491413,サガケン,ウレシノシ,シオタチョウババシタヘイ,佐賀県,嬉野市,塩田町馬場下丙,0,0,0,0,0,0
41209,84914,8491421,サガケン,ウレシノシ,シオタチョウマツサキ,佐賀県,嬉野市,塩田町真崎,0,0,0,0,0,0
41210,842  ,8420000,サガケン,カンザキシ,イカニケイサイガナイバアイ,佐賀県,神埼市,以下に掲載がない場合,0,0,0,1,0,0
41210,842  ,8420014,サガケン,カンザキシ,カンザキマチアネガワ,佐賀県,神埼市,神埼町姉川,0,0,0,0,0,0
41210,84201,8420123,サガケン,カンザキシ,カンザキマチイクワ,佐賀県,神埼市,神埼町的,0,0,0,0,0,0
41210,842  ,8420006,サガケン,カンザキシ,カンザキマチエダガリ,佐賀県,神埼市,神埼町枝ケ里,0,0,0,0,0,0
41210,842  ,8420015,サガケン,カンザキシ,カンザキマチオサキ,佐賀県,神埼市,神埼町尾崎,0,0,0,0,0,0
41210,842  ,8420001,サガケン,カンザキシ,カンザキマチカンザキ,佐賀県,神埼市,神埼町神埼,0,0,0,0,0,0
41210,84201,8420122,サガケン,カンザキシ,カンザキマチジョウバル,佐賀県,神埼市,神埼町城原,0,0,0,0,0,0
41210,84201,8420121,サガケン,カンザキシ,カンザキマチシワヤ,佐賀県,神埼市,神埼町志波屋,0,0,0,0,0,0
41210,842  ,8420011,サガケン,カンザキシ,カンザキマチタケ,佐賀県,神埼市,神埼町竹,0,0,0,0,0,0
41210,842  ,8420002,サガケン,カンザキシ,カンザキマチタミチガリ,佐賀県,神埼市,神埼町田道ケ里,0,0,0,0,0,0
41210,84201,8420107,サガケン,カンザキシ,カンザキマチツル(1-2999バンチ),佐賀県,神埼市,神埼町鶴（１〜２９９９番地）,1,0,0,0,0,0
41210,842  ,8420007,サガケン,カンザキシ,カンザキマチツル(3000バンチイコウ),佐賀県,神埼市,神埼町鶴（３０００番地以降）,1,0,0,0,0,0
41210,842  ,8420004,サガケン,カンザキシ,カンザキマチナガウタ,佐賀県,神埼市,神埼町永歌,0,0,0,0,0,0
41210,842  ,8420005,サガケン,カンザキシ,カンザキマチニシオヅガリ,佐賀県,神埼市,神埼町西小津ケ里,0,0,0,0,0,0
41210,842  ,8420013,サガケン,カンザキシ,カンザキマチモトオリムタ,佐賀県,神埼市,神埼町本告牟田,0,0,0,0,0,0
41210,842  ,8420003,サガケン,カンザキシ,カンザキマチモトホリ,佐賀県,神埼市,神埼町本堀,0,0,0,0,0,0
41210,842  ,8420012,サガケン,カンザキシ,カンザキマチヨコタケ,佐賀県,神埼市,神埼町横武,0,0,0,0,0,0
41210,84202,8420203,サガケン,カンザキシ,セフリマチハラマキ,佐賀県,神埼市,脊振町服巻,0,0,0,0,0,0
41210,84202,8420201,サガケン,カンザキシ,セフリマチヒロタキ,佐賀県,神埼市,脊振町広滝,0,0,0,0,0,0
41210,84202,8420202,サガケン,カンザキシ,セフリマチロクロ,佐賀県,神埼市,脊振町鹿路,0,0,0,0,0,0
41210,842  ,8420052,サガケン,カンザキシ,チヨダチョウアネ,佐賀県,神埼市,千代田町姉,0,0,0,0,0,0
41210,842  ,8420054,サガケン,カンザキシ,チヨダチョウアマリエ,佐賀県,神埼市,千代田町餘江,0,0,0,0,0,0
41210,842  ,8420067,サガケン,カンザキシ,チヨダチョウカノウ,佐賀県,神埼市,千代田町嘉納,0,0,0,0,0,0
41210,842  ,8420051,サガケン,カンザキシ,チヨダチョウクロイ,佐賀県,神埼市,千代田町黒井,0,0,0,0,0,0
41210,842  ,8420056,サガケン,カンザキシ,チヨダチョウサカイバル,佐賀県,神埼市,千代田町境原,0,0,0,0,0,0
41210,842  ,8420065,サガケン,カンザキシ,チヨダチョウサキムラ,佐賀県,神埼市,千代田町崎村,0,0,0,0,0,0
41210,842  ,8420068,サガケン,カンザキシ,チヨダチョウシモイタ,佐賀県,神埼市,千代田町下板,0,0,0,0,0,0
41210,842  ,8420055,サガケン,カンザキシ,チヨダチョウシモサイ,佐賀県,神埼市,千代田町下西,0,0,0,0,0,0
41210,842  ,8420061,サガケン,カンザキシ,チヨダチョウタクタ,佐賀県,神埼市,千代田町詫田,0,0,0,0,0,0
41210,842  ,8420053,サガケン,カンザキシ,チヨダチョウナオトリ,佐賀県,神埼市,千代田町直鳥,0,0,0,0,0,0
41210,842  ,8420063,サガケン,カンザキシ,チヨダチョウムカイシマ,佐賀県,神埼市,千代田町迎島,0,0,0,0,0,0
41210,842  ,8420062,サガケン,カンザキシ,チヨダチョウヤナギシマ,佐賀県,神埼市,千代田町柳島,0,0,0,0,0,0
41210,842  ,8420066,サガケン,カンザキシ,チヨダチョウヨウサク,佐賀県,神埼市,千代田町用作,0,0,0,0,0,0
41210,842  ,8420064,サガケン,カンザキシ,チヨダチョウワタゼ,佐賀県,神埼市,千代田町渡瀬,0,0,0,0,0,0
41327,842  ,8420000,サガケン,カンザキグンヨシノガリチョウ,イカニケイサイガナイバアイ,佐賀県,神埼郡吉野ヶ里町,以下に掲載がない場合,0,0,0,1,0,0
41327,84201,8420102,サガケン,カンザキグンヨシノガリチョウ,イシナリ,佐賀県,神埼郡吉野ヶ里町,石動,0,0,0,0,0,0
41327,84201,8420103,サガケン,カンザキグンヨシノガリチョウ,オオマガリ,佐賀県,神埼郡吉野ヶ里町,大曲,0,0,0,0,0,0
41327,842  ,8420035,サガケン,カンザキグンヨシノガリチョウ,タデ,佐賀県,神埼郡吉野ヶ里町,田手,0,0,0,0,0,0
41327,842  ,8420032,サガケン,カンザキグンヨシノガリチョウ,タテノ,佐賀県,神埼郡吉野ヶ里町,立野,0,0,0,0,0,0
41327,842  ,8420034,サガケン,カンザキグンヨシノガリチョウ,ハコガワ,佐賀県,神埼郡吉野ヶ里町,箱川,0,0,0,0,0,0
41327,84201,8420101,サガケン,カンザキグンヨシノガリチョウ,マツグマ,佐賀県,神埼郡吉野ヶ里町,松隈,0,0,0,0,0,0
41327,842  ,8420033,サガケン,カンザキグンヨシノガリチョウ,マメダ,佐賀県,神埼郡吉野ヶ里町,豆田,0,0,0,0,0,0
41327,84201,8420104,サガケン,カンザキグンヨシノガリチョウ,ミツ,佐賀県,神埼郡吉野ヶ里町,三津,0,0,0,0,0,0
41327,842  ,8420031,サガケン,カンザキグンヨシノガリチョウ,ヨシダ,佐賀県,神埼郡吉野ヶ里町,吉田,0,0,0,0,0,0
41341,84102,8410200,サガケン,ミヤキグンキヤマチョウ,イカニケイサイガナイバアイ,佐賀県,三養基郡基山町,以下に掲載がない場合,0,0,0,0,0,0
41341,84102,8410205,サガケン,ミヤキグンキヤマチョウ,ケヤキダイ,佐賀県,三養基郡基山町,けやき台,0,0,1,0,0,0
41341,84102,8410201,サガケン,ミヤキグンキヤマチョウ,コクラ,佐賀県,三養基郡基山町,小倉,0,0,0,0,0,0
41341,84102,8410203,サガケン,ミヤキグンキヤマチョウ,ソノベ,佐賀県,三養基郡基山町,園部,0,0,0,0,0,0
41341,84102,8410202,サガケン,ミヤキグンキヤマチョウ,ナガノ,佐賀県,三養基郡基山町,長野,0,0,0,0,0,0
41341,84102,8410204,サガケン,ミヤキグンキヤマチョウ,ミヤウラ,佐賀県,三養基郡基山町,宮浦,0,0,0,0,0,0
41345,84901,8490100,サガケン,ミヤキグンカミミネチョウ,イカニケイサイガナイバアイ,佐賀県,三養基郡上峰町,以下に掲載がない場合,0,0,0,1,0,0
41345,84901,8490121,サガケン,ミヤキグンカミミネチョウ,エムカイ,佐賀県,三養基郡上峰町,江迎,0,0,0,0,0,0
41345,84901,8490124,サガケン,ミヤキグンカミミネチョウ,ツツミ,佐賀県,三養基郡上峰町,堤,0,0,0,0,0,0
41345,84901,8490123,サガケン,ミヤキグンカミミネチョウ,ボウジョ,佐賀県,三養基郡上峰町,坊所,0,0,0,0,0,0
41345,84901,8490122,サガケン,ミヤキグンカミミネチョウ,マエムタ,佐賀県,三養基郡上峰町,前牟田,0,0,0,0,0,0
41346,84901,8490100,サガケン,ミヤキグンミヤキチョウ,イカニケイサイガナイバアイ,佐賀県,三養基郡みやき町,以下に掲載がない場合,0,0,0,1,0,0
41346,84011,8401106,サガケン,ミヤキグンミヤキチョウ,イチタケ,佐賀県,三養基郡みやき町,市武,0,0,0,0,0,0
41346,84901,8490112,サガケン,ミヤキグンミヤキチョウ,エグチ,佐賀県,三養基郡みやき町,江口,0,0,0,0,0,0
41346,84011,8401103,サガケン,ミヤキグンミヤキチョウ,サカグチ,佐賀県,三養基郡みやき町,坂口,0,0,0,0,0,0
41346,84901,8490111,サガケン,ミヤキグンミヤキチョウ,シラカベ,佐賀県,三養基郡みやき町,白壁,0,0,0,0,0,0
41346,84011,8401102,サガケン,ミヤキグンミヤキチョウ,テンケンジ,佐賀県,三養基郡みやき町,天建寺,0,0,0,0,0,0
41346,84901,8490114,サガケン,ミヤキグンミヤキチョウ,ナカツクマ,佐賀県,三養基郡みやき町,中津隈,0,0,0,0,0,0
41346,84011,8401101,サガケン,ミヤキグンミヤキチョウ,ニシジマ,佐賀県,三養基郡みやき町,西島,0,0,0,0,0,0
41346,84901,8490101,サガケン,ミヤキグンミヤキチョウ,ハルコガ,佐賀県,三養基郡みやき町,原古賀,0,0,0,0,0,0
41346,84901,8490113,サガケン,ミヤキグンミヤキチョウ,ヒガシオ,佐賀県,三養基郡みやき町,東尾,0,0,0,0,0,0
41346,84011,8401104,サガケン,ミヤキグンミヤキチョウ,ヒガシツ,佐賀県,三養基郡みやき町,東津,0,0,0,0,0,0
41346,84901,8490102,サガケン,ミヤキグンミヤキチョウ,ミノバル,佐賀県,三養基郡みやき町,簑原,0,0,0,0,0,0
41346,84011,8401105,サガケン,ミヤキグンミヤキチョウ,ヨリウト,佐賀県,三養基郡みやき町,寄人,0,0,0,0,0,0
41387,84714,8471400,サガケン,ヒガシマツウラグンゲンカイチョウ,イカニケイサイガナイバアイ,佐賀県,東松浦郡玄海町,以下に掲載がない場合,0,0,0,0,0,0
41387,84714,8471403,サガケン,ヒガシマツウラグンゲンカイチョウ,アリウラカミ,佐賀県,東松浦郡玄海町,有浦上,0,0,0,0,0,0
41387,84714,8471402,サガケン,ヒガシマツウラグンゲンカイチョウ,アリウラシモ,佐賀県,東松浦郡玄海町,有浦下,0,0,0,0,0,0
41387,84714,8471423,サガケン,ヒガシマツウラグンゲンカイチョウ,イシダ,佐賀県,東松浦郡玄海町,石田,0,0,0,0,0,0
41387,84714,8471441,サガケン,ヒガシマツウラグンゲンカイチョウ,イマムラ,佐賀県,東松浦郡玄海町,今村,0,0,0,0,0,0
41387,84714,8471434,サガケン,ヒガシマツウラグンゲンカイチョウ,オオゾノ,佐賀県,東松浦郡玄海町,大薗,0,0,0,0,0,0
41387,84714,8471413,サガケン,ヒガシマツウラグンゲンカイチョウ,オオトリ,佐賀県,東松浦郡玄海町,大鳥,0,0,0,0,0,0
41387,84714,8471443,サガケン,ヒガシマツウラグンゲンカイチョウ,カリダチ,佐賀県,東松浦郡玄海町,仮立,0,0,0,0,0,0
41387,84714,8471435,サガケン,ヒガシマツウラグンゲンカイチョウ,カリヤ,佐賀県,東松浦郡玄海町,仮屋,0,0,0,0,0,0
41387,84714,8471401,サガケン,ヒガシマツウラグンゲンカイチョウ,コガクラ,佐賀県,東松浦郡玄海町,小加倉,0,0,0,0,0,0
41387,84714,8471424,サガケン,ヒガシマツウラグンゲンカイチョウ,サカエ,佐賀県,東松浦郡玄海町,栄,0,0,0,0,0,0
41387,84714,8471445,サガケン,ヒガシマツウラグンゲンカイチョウ,シモミヤ,佐賀県,東松浦郡玄海町,下宮,0,0,0,0,0,0
41387,84714,8471422,サガケン,ヒガシマツウラグンゲンカイチョウ,シンデン,佐賀県,東松浦郡玄海町,新田,0,0,0,0,0,0
41387,84714,8471415,サガケン,ヒガシマツウラグンゲンカイチョウ,ソソロガワチ,佐賀県,東松浦郡玄海町,座川内,0,0,0,0,0,0
41387,84714,8471412,サガケン,ヒガシマツウラグンゲンカイチョウ,タシロ,佐賀県,東松浦郡玄海町,田代,0,0,0,0,0,0
41387,84714,8471442,サガケン,ヒガシマツウラグンゲンカイチョウ,チカガワチ,佐賀県,東松浦郡玄海町,値賀川内,0,0,0,0,0,0
41387,84714,8471411,サガケン,ヒガシマツウラグンゲンカイチョウ,トドロキ,佐賀県,東松浦郡玄海町,轟木,0,0,0,0,0,0
41387,84714,8471444,サガケン,ヒガシマツウラグンゲンカイチョウ,ナカドオリ,佐賀県,東松浦郡玄海町,中通,0,0,0,0,0,0
41387,84714,8471404,サガケン,ヒガシマツウラグンゲンカイチョウ,ナガクラ,佐賀県,東松浦郡玄海町,長倉,0,0,0,0,0,0
41387,84714,8471425,サガケン,ヒガシマツウラグンゲンカイチョウ,ハナノキ,佐賀県,東松浦郡玄海町,花の木,0,0,0,0,0,0
41387,84714,8471433,サガケン,ヒガシマツウラグンゲンカイチョウ,ハマノウラ,佐賀県,東松浦郡玄海町,浜野浦,0,0,0,0,0,0
41387,84714,8471432,サガケン,ヒガシマツウラグンゲンカイチョウ,ヒラオ,佐賀県,東松浦郡玄海町,平尾,0,0,0,0,0,0
41387,84714,8471431,サガケン,ヒガシマツウラグンゲンカイチョウ,フオンジ,佐賀県,東松浦郡玄海町,普恩寺,0,0,0,0,0,0
41387,84714,8471405,サガケン,ヒガシマツウラグンゲンカイチョウ,フジヒラ,佐賀県,東松浦郡玄海町,藤平,0,0,0,0,0,0
41387,84714,8471446,サガケン,ヒガシマツウラグンゲンカイチョウ,ホカワヅ,佐賀県,東松浦郡玄海町,外津,0,0,0,0,0,0
41387,84714,8471416,サガケン,ヒガシマツウラグンゲンカイチョウ,ムカタ,佐賀県,東松浦郡玄海町,牟形,0,0,0,0,0,0
41387,84714,8471421,サガケン,ヒガシマツウラグンゲンカイチョウ,モロウラ,佐賀県,東松浦郡玄海町,諸浦,0,0,0,0,0,0
41387,84714,8471414,サガケン,ヒガシマツウラグンゲンカイチョウ,ユノオ,佐賀県,東松浦郡玄海町,湯野尾,0,0,0,0,0,0
41401,844  ,8440000,サガケン,ニシマツウラグンアリタチョウ,イカニケイサイガナイバアイ,佐賀県,西松浦郡有田町,以下に掲載がない場合,0,0,0,0,0,0
41401,844  ,8440006,サガケン,ニシマツウラグンアリタチョウ,アカエマチ,佐賀県,西松浦郡有田町,赤絵町,0,0,1,0,0,0
41401,844  ,8440024,サガケン,ニシマツウラグンアリタチョウ,アカサカ,佐賀県,西松浦郡有田町,赤坂,0,0,0,0,0,0
41401,844  ,8440001,サガケン,ニシマツウラグンアリタチョウ,イズミヤマ,佐賀県,西松浦郡有田町,泉山,0,0,0,0,0,0
41401,844  ,8440011,サガケン,ニシマツウラグンアリタチョウ,イワタニガワチ,佐賀県,西松浦郡有田町,岩谷川内,0,0,1,0,0,0
41401,844  ,8440021,サガケン,ニシマツウラグンアリタチョウ,オウボウ,佐賀県,西松浦郡有田町,応法,0,0,0,0,0,0
41401,84941,8494154,サガケン,ニシマツウラグンアリタチョウ,オオギシュク,佐賀県,西松浦郡有田町,大木宿,0,0,0,0,0,0
41401,844  ,8440004,サガケン,ニシマツウラグンアリタチョウ,オオダル,佐賀県,西松浦郡有田町,大樽,0,0,1,0,0,0
41401,844  ,8440013,サガケン,ニシマツウラグンアリタチョウ,オオノ,佐賀県,西松浦郡有田町,大野,0,0,0,0,0,0
41401,84941,8494162,サガケン,ニシマツウラグンアリタチョウ,カミウチノ,佐賀県,西松浦郡有田町,上内野,0,0,0,0,0,0
41401,844  ,8440003,サガケン,ニシマツウラグンアリタチョウ,カミコウヒラ,佐賀県,西松浦郡有田町,上幸平,0,0,1,0,0,0
41401,84941,8494174,サガケン,ニシマツウラグンアリタチョウ,カミホン,佐賀県,西松浦郡有田町,上本,0,0,0,0,0,0
41401,84941,8494144,サガケン,ニシマツウラグンアリタチョウ,カミヤマダニ,佐賀県,西松浦郡有田町,上山谷,0,0,0,0,0,0
41401,84941,8494166,サガケン,ニシマツウラグンアリタチョウ,キタノカワチ,佐賀県,西松浦郡有田町,北ノ川内,0,0,0,0,0,0
41401,84941,8494175,サガケン,ニシマツウラグンアリタチョウ,クスノキバル,佐賀県,西松浦郡有田町,楠木原,0,0,0,0,0,0
41401,84941,8494165,サガケン,ニシマツウラグンアリタチョウ,クロゴウ,佐賀県,西松浦郡有田町,黒川,0,0,0,0,0,0
41401,844  ,8440022,サガケン,ニシマツウラグンアリタチョウ,クロムタ,佐賀県,西松浦郡有田町,黒牟田,0,0,0,0,0,0
41401,844  ,8440012,サガケン,ニシマツウラグンアリタチョウ,クワコバ,佐賀県,西松浦郡有田町,桑古場,0,0,0,0,0,0
41401,84941,8494156,サガケン,ニシマツウラグンアリタチョウ,クワノキバル,佐賀県,西松浦郡有田町,桑木原,0,0,0,0,0,0
41401,844  ,8440005,サガケン,ニシマツウラグンアリタチョウ,コウビラ,佐賀県,西松浦郡有田町,幸平,0,0,1,0,0,0
41401,844  ,8440016,サガケン,ニシマツウラグンアリタチョウ,サカイノ,佐賀県,西松浦郡有田町,境野,0,0,0,0,0,0
41401,84941,8494163,サガケン,ニシマツウラグンアリタチョウ,シモウチノ,佐賀県,西松浦郡有田町,下内野,0,0,0,0,0,0
41401,84941,8494172,サガケン,ニシマツウラグンアリタチョウ,シモホン,佐賀県,西松浦郡有田町,下本,0,0,0,0,0,0
41401,84941,8494143,サガケン,ニシマツウラグンアリタチョウ,シモヤマダニ,佐賀県,西松浦郡有田町,下山谷,0,0,0,0,0,0
41401,844  ,8440007,サガケン,ニシマツウラグンアリタチョウ,シラカワ,佐賀県,西松浦郡有田町,白川,0,0,1,0,0,0
41401,84941,8494161,サガケン,ニシマツウラグンアリタチョウ,ゾウシュク,佐賀県,西松浦郡有田町,蔵宿,0,0,0,0,0,0
41401,84941,8494146,サガケン,ニシマツウラグンアリタチョウ,タケ,佐賀県,西松浦郡有田町,岳,0,0,0,0,0,0
41401,84941,8494153,サガケン,ニシマツウラグンアリタチョウ,タチベ,佐賀県,西松浦郡有田町,立部,0,0,0,0,0,0
41401,844  ,8440017,サガケン,ニシマツウラグンアリタチョウ,トシャク,佐賀県,西松浦郡有田町,戸杓,0,0,0,0,0,0
41401,844  ,8440014,サガケン,ニシマツウラグンアリタチョウ,トヤ,佐賀県,西松浦郡有田町,戸矢,0,0,0,0,0,0
41401,844  ,8440002,サガケン,ニシマツウラグンアリタチョウ,ナカダル,佐賀県,西松浦郡有田町,中樽,0,0,1,0,0,0
41401,844  ,8440009,サガケン,ニシマツウラグンアリタチョウ,ナカノハラ,佐賀県,西松浦郡有田町,中の原,0,0,1,0,0,0
41401,844  ,8440028,サガケン,ニシマツウラグンアリタチョウ,ナンザン,佐賀県,西松浦郡有田町,南山,0,0,0,0,0,0
41401,844  ,8440027,サガケン,ニシマツウラグンアリタチョウ,ナンバル,佐賀県,西松浦郡有田町,南原,0,0,0,0,0,0
41401,84941,8494141,サガケン,ニシマツウラグンアリタチョウ,ニノセ,佐賀県,西松浦郡有田町,二ノ瀬,0,0,0,0,0,0
41401,84941,8494176,サガケン,ニシマツウラグンアリタチョウ,ハラアケ,佐賀県,西松浦郡有田町,原明,0,0,0,0,0,0
41401,844  ,8440008,サガケン,ニシマツウラグンアリタチョウ,ヒエコバ,佐賀県,西松浦郡有田町,稗古場,0,0,1,0,0,0
41401,84941,8494152,サガケン,ニシマツウラグンアリタチョウ,ヒロセ,佐賀県,西松浦郡有田町,広瀬,0,0,0,0,0,0
41401,84941,8494151,サガケン,ニシマツウラグンアリタチョウ,ヒロセヤマ,佐賀県,西松浦郡有田町,広瀬山,0,0,0,0,0,0
41401,844  ,8440015,サガケン,ニシマツウラグンアリタチョウ,フルコバ,佐賀県,西松浦郡有田町,古木場,0,0,0,0,0,0
41401,844  ,8440026,サガケン,ニシマツウラグンアリタチョウ,ホカオマチ,佐賀県,西松浦郡有田町,外尾町,0,0,0,0,0,0
41401,844  ,8440025,サガケン,ニシマツウラグンアリタチョウ,ホカオヤマ,佐賀県,西松浦郡有田町,外尾山,0,0,0,0,0,0
41401,84941,8494164,サガケン,ニシマツウラグンアリタチョウ,ホトケノハラ,佐賀県,西松浦郡有田町,仏ノ原,0,0,0,0,0,0
41401,844  ,8440018,サガケン,ニシマツウラグンアリタチョウ,ホンマチ,佐賀県,西松浦郡有田町,本町,0,0,0,0,0,0
41401,84941,8494173,サガケン,ニシマツウラグンアリタチョウ,マイバル,佐賀県,西松浦郡有田町,舞原,0,0,0,0,0,0
41401,844  ,8440023,サガケン,ニシマツウラグンアリタチョウ,マルオ,佐賀県,西松浦郡有田町,丸尾,0,0,0,0,0,0
41401,84941,8494145,サガケン,ニシマツウラグンアリタチョウ,ヤマダニキリグチ,佐賀県,西松浦郡有田町,山谷切口,0,0,0,0,0,0
41401,84941,8494142,サガケン,ニシマツウラグンアリタチョウ,ヤマダニマキ,佐賀県,西松浦郡有田町,山谷牧,0,0,0,0,0,0
41401,84941,8494155,サガケン,ニシマツウラグンアリタチョウ,ヤマモト,佐賀県,西松浦郡有田町,山本,0,0,0,0,0,0
41401,84941,8494171,サガケン,ニシマツウラグンアリタチョウ,ヨヨギ,佐賀県,西松浦郡有田町,代々木,0,0,0,0,0,0
41423,84921,8492100,サガケン,キシマグンオオマチチョウ,イカニケイサイガナイバアイ,佐賀県,杵島郡大町町,以下に掲載がない場合,0,0,0,0,0,0
41423,84921,8492101,サガケン,キシマグンオオマチチョウ,オオマチ,佐賀県,杵島郡大町町,大町,0,0,0,0,0,0
41423,84921,8492102,サガケン,キシマグンオオマチチョウ,フクモ,佐賀県,杵島郡大町町,福母,0,0,0,0,0,0
41424,84905,8490500,サガケン,キシマグンコウホクマチ,イカニケイサイガナイバアイ,佐賀県,杵島郡江北町,以下に掲載がない場合,0,0,0,0,0,0
41424,84905,8490506,サガケン,キシマグンコウホクマチ,カミオダ,佐賀県,杵島郡江北町,上小田,0,0,0,0,0,0
41424,84905,8490502,サガケン,キシマグンコウホクマチ,サルシ,佐賀県,杵島郡江北町,佐留志,0,0,0,0,0,0
41424,84905,8490505,サガケン,キシマグンコウホクマチ,シモオダ,佐賀県,杵島郡江北町,下小田,0,0,0,0,0,0
41424,84905,8490503,サガケン,キシマグンコウホクマチ,ソウリョウブン,佐賀県,杵島郡江北町,惣領分,0,0,0,0,0,0
41424,84905,8490504,サガケン,キシマグンコウホクマチ,ハッチョウ,佐賀県,杵島郡江北町,八町,0,0,0,0,0,0
41424,84905,8490501,サガケン,キシマグンコウホクマチ,ヤマグチ,佐賀県,杵島郡江北町,山口,0,0,0,0,0,0
41425,84911,8491100,サガケン,キシマグンシロイシチョウ,イカニケイサイガナイバアイ,佐賀県,杵島郡白石町,以下に掲載がない場合,0,0,0,0,0,0
41425,84911,8491101,サガケン,キシマグンシロイシチョウ,イマイズミ,佐賀県,杵島郡白石町,今泉,0,0,0,0,0,0
41425,84912,8491201,サガケン,キシマグンシロイシチョウ,ウシヤ,佐賀県,杵島郡白石町,牛屋,0,0,0,0,0,0
41425,84911,8491102,サガケン,キシマグンシロイシチョウ,オオワタリ,佐賀県,杵島郡白石町,大渡,0,0,0,0,0,0
41425,84912,8491204,サガケン,キシマグンシロイシチョウ,サカタ,佐賀県,杵島郡白石町,坂田,0,0,0,0,0,0
41425,84912,8491208,サガケン,キシマグンシロイシチョウ,シンカイ,佐賀県,杵島郡白石町,新開,0,0,0,0,0,0
41425,84912,8491221,サガケン,キシマグンシロイシチョウ,シンタク,佐賀県,杵島郡白石町,新拓,0,0,0,0,0,0
41425,84912,8491202,サガケン,キシマグンシロイシチョウ,シンメイ,佐賀県,杵島郡白石町,新明,0,0,0,0,0,0
41425,84912,8491205,サガケン,キシマグンシロイシチョウ,タノウエ,佐賀県,杵島郡白石町,田野上,0,0,0,0,0,0
41425,84911,8491103,サガケン,キシマグンシロイシチョウ,ツイキリ,佐賀県,杵島郡白石町,築切,0,0,0,0,0,0
41425,84911,8491104,サガケン,キシマグンシロイシチョウ,ツツミ,佐賀県,杵島郡白石町,堤,0,0,0,0,0,0
41425,84911,8491105,サガケン,キシマグンシロイシチョウ,トオノエ,佐賀県,杵島郡白石町,遠江,0,0,0,0,0,0
41425,84912,8491203,サガケン,キシマグンシロイシチョウ,トガリ,佐賀県,杵島郡白石町,戸ケ里,0,0,0,0,0,0
41425,84911,8491106,サガケン,キシマグンシロイシチョウ,ハタチ,佐賀県,杵島郡白石町,廿治,0,0,0,0,0,0
41425,84904,8490403,サガケン,キシマグンシロイシチョウ,ハチヘイ,佐賀県,杵島郡白石町,八平,0,0,0,0,0,0
41425,84911,8491111,サガケン,キシマグンシロイシチョウ,ヒガシゴウ,佐賀県,杵島郡白石町,東郷,0,0,0,0,0,0
41425,84912,8491207,サガケン,キシマグンシロイシチョウ,フカウラ,佐賀県,杵島郡白石町,深浦,0,0,0,0,0,0
41425,84911,8491112,サガケン,キシマグンシロイシチョウ,フクタ,佐賀県,杵島郡白石町,福田,0,0,0,0,0,0
41425,84904,8490401,サガケン,キシマグンシロイシチョウ,フクドミ,佐賀県,杵島郡白石町,福富,0,0,0,0,0,0
41425,84904,8490402,サガケン,キシマグンシロイシチョウ,フクドミシモブン,佐賀県,杵島郡白石町,福富下分,0,0,0,0,0,0
41425,84911,8491113,サガケン,キシマグンシロイシチョウ,フクヨシ,佐賀県,杵島郡白石町,福吉,0,0,0,0,0,0
41425,84912,8491206,サガケン,キシマグンシロイシチョウ,ヘタ,佐賀県,杵島郡白石町,辺田,0,0,0,0,0,0
41425,84911,8491114,サガケン,キシマグンシロイシチョウ,モウライ,佐賀県,杵島郡白石町,馬洗,0,0,0,0,0,0
41425,84911,8491115,サガケン,キシマグンシロイシチョウ,ユザキ,佐賀県,杵島郡白石町,湯崎,0,0,0,0,0,0
41425,84911,8491116,サガケン,キシマグンシロイシチョウ,ヨコテ,佐賀県,杵島郡白石町,横手,0,0,0,0,0,0
41441,84916,8491600,サガケン,フジツグンタラチョウ,イカニケイサイガナイバアイ,佐賀県,藤津郡太良町,以下に掲載がない場合,0,0,0,0,0,0
41441,84916,8491603,サガケン,フジツグンタラチョウ,イトキ,佐賀県,藤津郡太良町,糸岐,0,0,0,0,0,0
41441,84916,8491601,サガケン,フジツグンタラチョウ,イフクコウ,佐賀県,藤津郡太良町,伊福甲,0,0,0,0,0,0
41441,84916,8491614,サガケン,フジツグンタラチョウ,オオウラコウ,佐賀県,藤津郡太良町,大浦甲,0,0,0,0,0,0
41441,84916,8491615,サガケン,フジツグンタラチョウ,オオウラオツ,佐賀県,藤津郡太良町,大浦乙,0,0,0,0,0,0
41441,84916,8491613,サガケン,フジツグンタラチョウ,オオウラヘイ,佐賀県,藤津郡太良町,大浦丙,0,0,0,0,0,0
41441,84916,8491612,サガケン,フジツグンタラチョウ,オオウラテイ,佐賀県,藤津郡太良町,大浦丁,0,0,0,0,0,0
41441,84916,8491611,サガケン,フジツグンタラチョウ,オオウラボ,佐賀県,藤津郡太良町,大浦戊,0,0,0,0,0,0
41441,84916,8491616,サガケン,フジツグンタラチョウ,オオウラキ,佐賀県,藤津郡太良町,大浦己,0,0,0,0,0,0
41441,84916,8491602,サガケン,フジツグンタラチョウ,タラ,佐賀県,藤津郡太良町,多良,0,0,0,0,0,0
