45201,880  ,8800000,ミヤザキケン,ミヤザキシ,イカニケイサイガナイバアイ,宮崎県,宮崎市,以下に掲載がない場合,0,0,0,0,0,0
45201,88921,8892162,ミヤザキケン,ミヤザキシ,アオシマ,宮崎県,宮崎市,青島,0,0,1,0,0,0
45201,88921,8892163,ミヤザキケン,ミヤザキシ,アオシマニシ,宮崎県,宮崎市,青島西,0,0,1,0,0,0
45201,880  ,8800842,ミヤザキケン,ミヤザキシ,アオバチョウ,宮崎県,宮崎市,青葉町,0,0,0,0,0,0
45201,880  ,8800912,ミヤザキケン,ミヤザキシ,アカエ,宮崎県,宮崎市,赤江,0,0,0,0,0,0
45201,880  ,8800803,ミヤザキケン,ミヤザキシ,アサヒ,宮崎県,宮崎市,旭,0,0,1,0,0,0
45201,880  ,8800864,ミヤザキケン,ミヤザキシ,アヅマチョウ,宮崎県,宮崎市,吾妻町,0,0,0,0,0,0
45201,88021,8802101,ミヤザキケン,ミヤザキシ,アトエ,宮崎県,宮崎市,跡江,0,0,0,0,0,0
45201,88021,8802102,ミヤザキケン,ミヤザキシ,アリタ,宮崎県,宮崎市,有田,0,0,0,0,0,0
45201,880  ,8800835,ミヤザキケン,ミヤザキシ,アワキガハラチョウ,宮崎県,宮崎市,阿波岐原町,0,0,0,0,0,0
45201,88021,8802103,ミヤザキケン,ミヤザキシ,イキメ,宮崎県,宮崎市,生目,0,0,0,0,0,0
45201,880  ,8800942,ミヤザキケン,ミヤザキシ,イキメダイヒガシ,宮崎県,宮崎市,生目台東,0,0,1,0,0,0
45201,880  ,8800943,ミヤザキケン,ミヤザキシ,イキメダイニシ,宮崎県,宮崎市,生目台西,0,0,1,0,0,0
45201,880  ,8800041,ミヤザキケン,ミヤザキシ,イケウチチョウ,宮崎県,宮崎市,池内町,0,0,0,0,0,0
45201,880  ,8800854,ミヤザキケン,ミヤザキシ,イチノミヤチョウ,宮崎県,宮崎市,一の宮町,0,0,0,0,0,0
45201,88022,8802231,ミヤザキケン,ミヤザキシ,イトバル,宮崎県,宮崎市,糸原,0,0,0,0,0,0
45201,88021,8802104,ミヤザキケン,ミヤザキシ,ウキタ,宮崎県,宮崎市,浮田,0,0,0,0,0,0
45201,880  ,8800821,ミヤザキケン,ミヤザキシ,ウキノジョウチョウ,宮崎県,宮崎市,浮城町,0,0,0,0,0,0
45201,88923,8892301,ミヤザキケン,ミヤザキシ,ウチウミ,宮崎県,宮崎市,内海,0,0,0,0,0,0
45201,88003,8800344,ミヤザキケン,ミヤザキシ,ウリュウノ(シモハタ),宮崎県,宮崎市,瓜生野（下畑）,1,0,0,0,0,0
45201,880  ,8800044,ミヤザキケン,ミヤザキシ,ウリュウノ(ソノタ),宮崎県,宮崎市,瓜生野（その他）,1,0,0,0,0,0
45201,880  ,8800872,ミヤザキケン,ミヤザキシ,エイラクチョウ,宮崎県,宮崎市,永楽町,0,0,0,0,0,0
45201,880  ,8800814,ミヤザキケン,ミヤザキシ,エヒラナカマチ,宮崎県,宮崎市,江平中町,0,0,0,0,0,0
45201,880  ,8800817,ミヤザキケン,ミヤザキシ,エヒラヒガシマチ,宮崎県,宮崎市,江平東町,0,0,0,0,0,0
45201,880  ,8800816,ミヤザキケン,ミヤザキシ,エヒラヒガシ,宮崎県,宮崎市,江平東,0,0,1,0,0,0
45201,880  ,8800051,ミヤザキケン,ミヤザキシ,エヒラニシ,宮崎県,宮崎市,江平西,0,0,1,0,0,0
45201,880  ,8800815,ミヤザキケン,ミヤザキシ,エヒラチョウ,宮崎県,宮崎市,江平町,0,0,1,0,0,0
45201,880  ,8800801,ミヤザキケン,ミヤザキシ,オイマツ,宮崎県,宮崎市,老松,0,0,1,0,0,0
45201,880  ,8800824,ミヤザキケン,ミヤザキシ,オオシマチョウ,宮崎県,宮崎市,大島町,0,0,0,0,0,0
45201,88003,8800345,ミヤザキケン,ミヤザキシ,オオセマチ(カミハタ),宮崎県,宮崎市,大瀬町（上畑）,1,0,0,0,0,0
45201,880  ,8800045,ミヤザキケン,ミヤザキシ,オオセマチ(ソノタ),宮崎県,宮崎市,大瀬町（その他）,1,0,0,0,0,0
45201,880  ,8800903,ミヤザキケン,ミヤザキシ,オオタ,宮崎県,宮崎市,太田,0,0,1,0,0,0
45201,880  ,8800952,ミヤザキケン,ミヤザキシ,オオツカダイヒガシ,宮崎県,宮崎市,大塚台東,0,0,1,0,0,0
45201,88021,8802105,ミヤザキケン,ミヤザキシ,オオツカダイニシ,宮崎県,宮崎市,大塚台西,0,0,1,0,0,0
45201,880  ,8800951,ミヤザキケン,ミヤザキシ,オオツカチョウ,宮崎県,宮崎市,大塚町,0,0,0,0,0,0
45201,880  ,8800933,ミヤザキケン,ミヤザキシ,オオツボチョウ,宮崎県,宮崎市,大坪町,0,0,0,0,0,0
45201,880  ,8800934,ミヤザキケン,ミヤザキシ,オオツボヒガシ,宮崎県,宮崎市,大坪東,0,0,1,0,0,0
45201,880  ,8800932,ミヤザキケン,ミヤザキシ,オオツボニシ,宮崎県,宮崎市,大坪西,0,0,1,0,0,0
45201,880  ,8800022,ミヤザキケン,ミヤザキシ,オオハシ,宮崎県,宮崎市,大橋,0,0,1,0,0,0
45201,880  ,8800902,ミヤザキケン,ミヤザキシ,オオヨド,宮崎県,宮崎市,大淀,0,0,1,0,0,0
45201,880  ,8800857,ミヤザキケン,ミヤザキシ,オドチョウ,宮崎県,宮崎市,小戸町,0,0,0,0,0,0
45201,88921,8892164,ミヤザキケン,ミヤザキシ,オリウザコ,宮崎県,宮崎市,折生迫,0,0,0,0,0,0
45201,88921,8892161,ミヤザキケン,ミヤザキシ,カエダ,宮崎県,宮崎市,加江田,0,0,0,0,0,0
45201,880  ,8800947,ミヤザキケン,ミヤザキシ,カオルザカ,宮崎県,宮崎市,薫る坂,0,0,1,0,0,0
45201,88921,8892156,ミヤザキケン,ミヤザキシ,カガミズ,宮崎県,宮崎市,鏡洲,0,0,0,0,0,0
45201,88921,8892154,ミヤザキケン,ミヤザキシ,ガクエンキハナダイサクラ,宮崎県,宮崎市,学園木花台桜,0,0,1,0,0,0
45201,88921,8892155,ミヤザキケン,ミヤザキシ,ガクエンキバナダイニシ,宮崎県,宮崎市,学園木花台西,0,0,1,0,0,0
45201,88921,8892153,ミヤザキケン,ミヤザキシ,ガクエンキバナダイミナミ,宮崎県,宮崎市,学園木花台南,0,0,1,0,0,0
45201,88921,8892152,ミヤザキケン,ミヤザキシ,ガクエンキバナダイキタ,宮崎県,宮崎市,学園木花台北,0,0,1,0,0,0
45201,88021,8802111,ミヤザキケン,ミヤザキシ,カシワバル,宮崎県,宮崎市,柏原,0,0,0,0,0,0
45201,88022,8802234,ミヤザキケン,ミヤザキシ,カネザキ,宮崎県,宮崎市,金崎,0,0,0,0,0,0
45201,880  ,8800043,ミヤザキケン,ミヤザキシ,カミキタカタ,宮崎県,宮崎市,上北方,0,0,0,0,0,0
45201,880  ,8800011,ミヤザキケン,ミヤザキシ,カミノマチ,宮崎県,宮崎市,上野町,0,0,0,0,0,0
45201,880  ,8800866,ミヤザキケン,ミヤザキシ,カワラマチ,宮崎県,宮崎市,川原町,0,0,0,0,0,0
45201,880  ,8800024,ミヤザキケン,ミヤザキシ,ギオン,宮崎県,宮崎市,祇園,0,0,1,0,0,0
45201,880  ,8800941,ミヤザキケン,ミヤザキシ,キタカワウチチョウ,宮崎県,宮崎市,北川内町,0,0,0,0,0,0
45201,880  ,8800823,ミヤザキケン,ミヤザキシ,キタゴンゲンチョウ,宮崎県,宮崎市,北権現町,0,0,0,0,0,0
45201,880  ,8800017,ミヤザキケン,ミヤザキシ,キタタカマツチョウ,宮崎県,宮崎市,北高松町,0,0,0,0,0,0
45201,880  ,8800923,ミヤザキケン,ミヤザキシ,キボウガオカ,宮崎県,宮崎市,希望ケ丘,0,0,1,0,0,0
45201,880  ,8800937,ミヤザキケン,ミヤザキシ,キョウツカ,宮崎県,宮崎市,京塚,0,0,1,0,0,0
45201,880  ,8800938,ミヤザキケン,ミヤザキシ,キョウヅカチョウ,宮崎県,宮崎市,京塚町,0,0,0,0,0,0
45201,88916,8891609,ミヤザキケン,ミヤザキシ,キヨタケチョウアサヒ,宮崎県,宮崎市,清武町あさひ,0,0,1,0,0,0
45201,88916,8891606,ミヤザキケン,ミヤザキシ,キヨタケチョウイケダダイ,宮崎県,宮崎市,清武町池田台,0,0,0,0,0,0
45201,88916,8891608,ミヤザキケン,ミヤザキシ,キヨタケチョウイケダダイキタ,宮崎県,宮崎市,清武町池田台北,0,0,0,0,0,0
45201,88916,8891602,ミヤザキケン,ミヤザキシ,キヨタケチョウイマイズミ,宮崎県,宮崎市,清武町今泉,0,0,0,0,0,0
45201,88916,8891612,ミヤザキケン,ミヤザキシ,キヨタケチョウオカ,宮崎県,宮崎市,清武町岡,0,0,1,0,0,0
45201,88916,8891607,ミヤザキケン,ミヤザキシ,キヨタケチョウカノウ(チョウメ),宮崎県,宮崎市,清武町加納（丁目）,1,0,1,0,0,0
45201,88916,8891605,ミヤザキケン,ミヤザキシ,キヨタケチョウカノウ(バンチ),宮崎県,宮崎市,清武町加納（番地）,1,0,0,0,0,0
45201,88916,8891601,ミヤザキケン,ミヤザキシ,キヨタケチョウキハラ,宮崎県,宮崎市,清武町木原,0,0,0,0,0,0
45201,88916,8891603,ミヤザキケン,ミヤザキシ,キヨタケチョウショウデ,宮崎県,宮崎市,清武町正手,0,0,1,0,0,0
45201,88916,8891611,ミヤザキケン,ミヤザキシ,キヨタケチョウシンマチ,宮崎県,宮崎市,清武町新町,0,0,1,0,0,0
45201,88916,8891613,ミヤザキケン,ミヤザキシ,キヨタケチョウニシシンマチ,宮崎県,宮崎市,清武町西新町,0,0,0,0,0,0
45201,88916,8891604,ミヤザキケン,ミヤザキシ,キヨタケチョウフナヒキ,宮崎県,宮崎市,清武町船引,0,0,0,0,0,0
45201,880  ,8800032,ミヤザキケン,ミヤザキシ,キリシマ,宮崎県,宮崎市,霧島,0,0,1,0,0,0
45201,880  ,8800924,ミヤザキケン,ミヤザキシ,グジブン,宮崎県,宮崎市,郡司分,0,0,0,0,0,0
45201,88921,8892151,ミヤザキケン,ミヤザキシ,クマノ,宮崎県,宮崎市,熊野,0,0,0,0,0,0
45201,880  ,8800927,ミヤザキケン,ミヤザキシ,ゲンドウチョウ,宮崎県,宮崎市,源藤町,0,0,0,0,0,0
45201,880  ,8800944,ミヤザキケン,ミヤザキシ,コウナン,宮崎県,宮崎市,江南,0,0,1,0,0,0
45201,88021,8802112,ミヤザキケン,ミヤザキシ,コマツ,宮崎県,宮崎市,小松,0,0,0,0,0,0
45201,88021,8802113,ミヤザキケン,ミヤザキシ,コマツダイキタマチ,宮崎県,宮崎市,小松台北町,0,0,0,0,0,0
45201,880  ,8800954,ミヤザキケン,ミヤザキシ,コマツダイニシ,宮崎県,宮崎市,小松台西,0,0,1,0,0,0
45201,880  ,8800953,ミヤザキケン,ミヤザキシ,コマツダイヒガシ,宮崎県,宮崎市,小松台東,0,0,1,0,0,0
45201,88021,8800956,ミヤザキケン,ミヤザキシ,コマツダイミナミマチ,宮崎県,宮崎市,小松台南町,0,0,0,0,0,0
45201,880  ,8800822,ミヤザキケン,ミヤザキシ,ゴンゲンチョウ,宮崎県,宮崎市,権現町,0,0,0,0,0,0
45201,880  ,8800955,ミヤザキケン,ミヤザキシ,サクラガオカチョウ,宮崎県,宮崎市,桜ケ丘町,0,0,0,0,0,0
45201,880  ,8800057,ミヤザキケン,ミヤザキシ,サクラマチ,宮崎県,宮崎市,桜町,0,0,0,0,0,0
45201,880  ,8800213,ミヤザキケン,ミヤザキシ,サドワラチョウイシザキ,宮崎県,宮崎市,佐土原町石崎,0,0,1,0,0,0
45201,88003,8800301,ミヤザキケン,ミヤザキシ,サドワラチョウカミタジマ,宮崎県,宮崎市,佐土原町上田島,0,0,0,0,0,0
45201,88002,8800211,ミヤザキケン,ミヤザキシ,サドワラチョウシモタジマ,宮崎県,宮崎市,佐土原町下田島,0,0,0,0,0,0
45201,88002,8800204,ミヤザキケン,ミヤザキシ,サドワラチョウシモトンダ,宮崎県,宮崎市,佐土原町下富田,0,0,0,0,0,0
45201,88002,8800212,ミヤザキケン,ミヤザキシ,サドワラチョウシモナカ,宮崎県,宮崎市,佐土原町下那珂,0,0,0,0,0,0
45201,88003,8800302,ミヤザキケン,ミヤザキシ,サドワラチョウニシカミナカ,宮崎県,宮崎市,佐土原町西上那珂,0,0,0,0,0,0
45201,88003,8800303,ミヤザキケン,ミヤザキシ,サドワラチョウヒガシカミナカ,宮崎県,宮崎市,佐土原町東上那珂,0,0,0,0,0,0
45201,88002,8800214,ミヤザキケン,ミヤザキシ,サドワラチョウマツコウジ,宮崎県,宮崎市,佐土原町松小路,0,0,0,0,0,0
45201,88001,8800122,ミヤザキケン,ミヤザキシ,シオジ,宮崎県,宮崎市,塩路,0,0,0,0,0,0
45201,880  ,8800862,ミヤザキケン,ミヤザキシ,シオミチョウ,宮崎県,宮崎市,潮見町,0,0,0,0,0,0
45201,88001,8800121,ミヤザキケン,ミヤザキシ,シマノウチ,宮崎県,宮崎市,島之内,0,0,0,0,0,0
45201,880  ,8800021,ミヤザキケン,ミヤザキシ,シミズ,宮崎県,宮崎市,清水,0,0,1,0,0,0
45201,880  ,8800035,ミヤザキケン,ミヤザキシ,シモキタカタマチ,宮崎県,宮崎市,下北方町,0,0,0,0,0,0
45201,880  ,8800843,ミヤザキケン,ミヤザキシ,シモハラチョウ,宮崎県,宮崎市,下原町,0,0,0,0,0,0
45201,880  ,8800833,ミヤザキケン,ミヤザキシ,ショウエイチョウ,宮崎県,宮崎市,昭栄町,0,0,0,0,0,0
45201,880  ,8800917,ミヤザキケン,ミヤザキシ,ジョウガサキ,宮崎県,宮崎市,城ケ崎,0,0,1,0,0,0
45201,880  ,8800876,ミヤザキケン,ミヤザキシ,ジョウドエチョウ,宮崎県,宮崎市,浄土江町,0,0,0,0,0,0
45201,880  ,8800874,ミヤザキケン,ミヤザキシ,ショウワチョウ,宮崎県,宮崎市,昭和町,0,0,0,0,0,0
45201,880  ,8800831,ミヤザキケン,ミヤザキシ,シンエイチョウ,宮崎県,宮崎市,新栄町,0,0,0,0,0,0
45201,880  ,8800053,ミヤザキケン,ミヤザキシ,ジングウ,宮崎県,宮崎市,神宮,0,0,1,0,0,0
45201,880  ,8800033,ミヤザキケン,ミヤザキシ,ジングウニシ,宮崎県,宮崎市,神宮西,0,0,1,0,0,0
45201,880  ,8800056,ミヤザキケン,ミヤザキシ,ジングウヒガシ,宮崎県,宮崎市,神宮東,0,0,1,0,0,0
45201,880  ,8800054,ミヤザキケン,ミヤザキシ,ジングウチョウ,宮崎県,宮崎市,神宮町,0,0,0,0,0,0
45201,880  ,8800845,ミヤザキケン,ミヤザキシ,シンジョウチョウ,宮崎県,宮崎市,新城町,0,0,0,0,0,0
45201,880  ,8800834,ミヤザキケン,ミヤザキシ,シンベップチョウ,宮崎県,宮崎市,新別府町,0,0,0,0,0,0
45201,880  ,8800012,ミヤザキケン,ミヤザキシ,スエヒロ,宮崎県,宮崎市,末広,0,0,1,0,0,0
45201,880  ,8800867,ミヤザキケン,ミヤザキシ,セガシラ,宮崎県,宮崎市,瀬頭,0,0,1,0,0,0
45201,880  ,8800868,ミヤザキケン,ミヤザキシ,セガシラチョウ,宮崎県,宮崎市,瀬頭町,0,0,0,0,0,0
45201,880  ,8800875,ミヤザキケン,ミヤザキシ,ソシチョウ,宮崎県,宮崎市,曽師町,0,0,0,0,0,0
45201,880  ,8800871,ミヤザキケン,ミヤザキシ,ダイオウチョウ,宮崎県,宮崎市,大王町,0,0,0,0,0,0
45201,880  ,8800015,ミヤザキケン,ミヤザキシ,ダイク,宮崎県,宮崎市,大工,0,0,1,0,0,0
45201,88022,8802224,ミヤザキケン,ミヤザキシ,タカオカチョウイイダ,宮崎県,宮崎市,高岡町飯田,0,0,0,0,0,0
45201,88022,8802221,ミヤザキケン,ミヤザキシ,タカオカチョウウチヤマ(1-3214バンチ),宮崎県,宮崎市,高岡町内山（１〜３２１４番地）,1,0,0,0,0,0
45201,88023,8802321,ミヤザキケン,ミヤザキシ,タカオカチョウウチヤマ(ソノタ),宮崎県,宮崎市,高岡町内山（その他）,1,0,0,0,0,0
45201,88022,8802223,ミヤザキケン,ミヤザキシ,タカオカチョウウラノミョウ(2793-4389バンチ),宮崎県,宮崎市,高岡町浦之名（２７９３〜４３８９番地）,1,0,0,0,0,0
45201,88023,8802323,ミヤザキケン,ミヤザキシ,タカオカチョウウラノミョウ(ソノタ),宮崎県,宮崎市,高岡町浦之名（その他）,1,0,0,0,0,0
45201,88022,8802214,ミヤザキケン,ミヤザキシ,タカオカチョウオヤマダ,宮崎県,宮崎市,高岡町小山田,0,0,0,0,0,0
45201,88917,8891713,ミヤザキケン,ミヤザキシ,タカオカチョウカミクラナガ(1206-1268バンチ、ウチノヤエ),宮崎県,宮崎市,高岡町上倉永（１２０６〜１２６８番地、内の八重）,1,0,0,0,0,0
45201,88022,8802213,ミヤザキケン,ミヤザキシ,タカオカチョウカミクラナガ(ソノタ),宮崎県,宮崎市,高岡町上倉永（その他）,1,0,0,0,0,0
45201,88023,8802325,ミヤザキケン,ミヤザキシ,タカオカチョウカミヤ,宮崎県,宮崎市,高岡町紙屋,0,0,0,0,0,0
45201,88023,8802222,ミヤザキケン,ミヤザキシ,タカオカチョウゴチョウ(1-3137バンチ),宮崎県,宮崎市,高岡町五町（１〜３１３７番地）,1,0,0,0,0,0
45201,88022,8802322,ミヤザキケン,ミヤザキシ,タカオカチョウゴチョウ(ソノタ),宮崎県,宮崎市,高岡町五町（その他）,1,0,0,0,0,0
45201,88022,8802212,ミヤザキケン,ミヤザキシ,タカオカチョウシモクラナガ,宮崎県,宮崎市,高岡町下倉永,0,0,0,0,0,0
45201,88022,8802215,ミヤザキケン,ミヤザキシ,タカオカチョウタカハマ,宮崎県,宮崎市,高岡町高浜,0,0,0,0,0,0
45201,88022,8802211,ミヤザキケン,ミヤザキシ,タカオカチョウハナミ,宮崎県,宮崎市,高岡町花見,0,0,0,0,0,0
45201,880  ,8800852,ミヤザキケン,ミヤザキシ,タカスチョウ,宮崎県,宮崎市,高洲町,0,0,0,0,0,0
45201,880  ,8800812,ミヤザキケン,ミヤザキシ,タカチホドオリ,宮崎県,宮崎市,高千穂通,0,0,1,0,0,0
45201,880  ,8800003,ミヤザキケン,ミヤザキシ,タカマツチョウ,宮崎県,宮崎市,高松町,0,0,0,0,0,0
45201,880  ,8800855,ミヤザキケン,ミヤザキシ,タシロチョウ,宮崎県,宮崎市,田代町,0,0,0,0,0,0
45201,880  ,8800001,ミヤザキケン,ミヤザキシ,タチバナドオリニシ,宮崎県,宮崎市,橘通西,0,0,1,0,0,0
45201,880  ,8800805,ミヤザキケン,ミヤザキシ,タチバナドオリヒガシ,宮崎県,宮崎市,橘通東,0,0,1,0,0,0
45201,880  ,8800908,ミヤザキケン,ミヤザキシ,タニガワ,宮崎県,宮崎市,谷川,0,0,1,0,0,0
45201,880  ,8800909,ミヤザキケン,ミヤザキシ,タニガワチョウ,宮崎県,宮崎市,谷川町,0,0,1,0,0,0
45201,88917,8891703,ミヤザキケン,ミヤザキシ,タノチョウアケボノ,宮崎県,宮崎市,田野町あけぼの,0,0,1,0,0,0
45201,88917,8891702,ミヤザキケン,ミヤザキシ,タノチョウオツ,宮崎県,宮崎市,田野町乙,0,0,0,0,0,0
45201,88917,8891701,ミヤザキケン,ミヤザキシ,タノチョウコウ,宮崎県,宮崎市,田野町甲,0,0,0,0,0,0
45201,880  ,8800911,ミヤザキケン,ミヤザキシ,タヨシ,宮崎県,宮崎市,田吉,0,0,0,0,0,0
45201,880  ,8800006,ミヤザキケン,ミヤザキシ,チグサチョウ,宮崎県,宮崎市,千草町,0,0,0,0,0,0
45201,880  ,8800002,ミヤザキケン,ミヤザキシ,チュウオウドオリ,宮崎県,宮崎市,中央通,0,0,0,0,0,0
45201,880  ,8800926,ミヤザキケン,ミヤザキシ,ツキミガオカ,宮崎県,宮崎市,月見ケ丘,0,0,1,0,0,0
45201,88022,8802232,ミヤザキケン,ミヤザキシ,ツツミウチ,宮崎県,宮崎市,堤内,0,0,0,0,0,0
45201,880  ,8800913,ミヤザキケン,ミヤザキシ,ツネヒサ(チョウメ),宮崎県,宮崎市,恒久（丁目）,1,0,1,0,0,0
45201,880  ,8800916,ミヤザキケン,ミヤザキシ,ツネヒサ(バンチ),宮崎県,宮崎市,恒久（番地）,1,0,0,0,0,0
45201,880  ,8800915,ミヤザキケン,ミヤザキシ,ツネヒサミナミ,宮崎県,宮崎市,恒久南,0,0,1,0,0,0
45201,880  ,8800014,ミヤザキケン,ミヤザキシ,ツルノシマ,宮崎県,宮崎市,鶴島,0,0,1,0,0,0
45201,880  ,8800861,ミヤザキケン,ミヤザキシ,デキジマチョウ,宮崎県,宮崎市,出来島町,0,0,0,0,0,0
45201,880  ,8800936,ミヤザキケン,ミヤザキシ,テンマン,宮崎県,宮崎市,天満,0,0,1,0,0,0
45201,880  ,8800935,ミヤザキケン,ミヤザキシ,テンマンチョウ,宮崎県,宮崎市,天満町,0,0,0,0,0,0
45201,880  ,8800928,ミヤザキケン,ミヤザキシ,トウグウ,宮崎県,宮崎市,東宮,0,0,1,0,0,0
45201,88021,8802114,ミヤザキケン,ミヤザキシ,トミヨシ,宮崎県,宮崎市,富吉,0,0,0,0,0,0
45201,880  ,8800025,ミヤザキケン,ミヤザキシ,ナカツセチョウ,宮崎県,宮崎市,中津瀬町,0,0,0,0,0,0
45201,880  ,8800853,ミヤザキケン,ミヤザキシ,ナカニシチョウ,宮崎県,宮崎市,中西町,0,0,0,0,0,0
45201,880  ,8800904,ミヤザキケン,ミヤザキシ,ナカムラヒガシ,宮崎県,宮崎市,中村東,0,0,1,0,0,0
45201,880  ,8800905,ミヤザキケン,ミヤザキシ,ナカムラニシ,宮崎県,宮崎市,中村西,0,0,1,0,0,0
45201,88021,8802115,ミヤザキケン,ミヤザキシ,ナガミネ,宮崎県,宮崎市,長嶺,0,0,0,0,0,0
45201,880  ,8800826,ミヤザキケン,ミヤザキシ,ナミシマ,宮崎県,宮崎市,波島,0,0,1,0,0,0
45201,88001,8800124,ミヤザキケン,ミヤザキシ,ニイナヅメ,宮崎県,宮崎市,新名爪,0,0,0,0,0,0
45201,880  ,8800027,ミヤザキケン,ミヤザキシ,ニシイケチョウ,宮崎県,宮崎市,西池町,0,0,0,0,0,0
45201,880  ,8800818,ミヤザキケン,ミヤザキシ,ニシキホンマチ,宮崎県,宮崎市,錦本町,0,0,0,0,0,0
45201,880  ,8800811,ミヤザキケン,ミヤザキシ,ニシキマチ,宮崎県,宮崎市,錦町,0,0,0,0,0,0
45201,880  ,8800016,ミヤザキケン,ミヤザキシ,ニシタカマツチョウ,宮崎県,宮崎市,西高松町,0,0,0,0,0,0
45201,880  ,8800036,ミヤザキケン,ミヤザキシ,ハナガシマチョウ,宮崎県,宮崎市,花ケ島町,0,0,0,0,0,0
45201,880  ,8800026,ミヤザキケン,ミヤザキシ,ハナドノチョウ,宮崎県,宮崎市,花殿町,0,0,0,0,0,0
45201,880  ,8800939,ミヤザキケン,ミヤザキシ,ハナヤマテニシ,宮崎県,宮崎市,花山手西,0,0,1,0,0,0
45201,880  ,8800930,ミヤザキケン,ミヤザキシ,ハナヤマテヒガシ,宮崎県,宮崎市,花山手東,0,0,1,0,0,0
45201,880  ,8800007,ミヤザキケン,ミヤザキシ,ハラマチ,宮崎県,宮崎市,原町,0,0,0,0,0,0
45201,880  ,8800832,ミヤザキケン,ミヤザキシ,ヒエバルチョウ,宮崎県,宮崎市,稗原町,0,0,0,0,0,0
45201,880  ,8800825,ミヤザキケン,ミヤザキシ,ヒガシオオミヤ,宮崎県,宮崎市,東大宮,0,0,1,0,0,0
45201,880  ,8800901,ミヤザキケン,ミヤザキシ,ヒガシオオヨド,宮崎県,宮崎市,東大淀,0,0,1,0,0,0
45201,880  ,8800856,ミヤザキケン,ミヤザキシ,ヒノデチョウ,宮崎県,宮崎市,日ノ出町,0,0,0,0,0,0
45201,880  ,8800806,ミヤザキケン,ミヤザキシ,ヒロシマ,宮崎県,宮崎市,広島,0,0,1,0,0,0
45201,88001,8800125,ミヤザキケン,ミヤザキシ,ヒロハラ,宮崎県,宮崎市,広原,0,0,0,0,0,0
45201,880  ,8800946,ミヤザキケン,ミヤザキシ,フクシマチョウ(チョウメ),宮崎県,宮崎市,福島町（丁目）,1,0,1,0,0,0
45201,880  ,8800945,ミヤザキケン,ミヤザキシ,フクシマチョウ(バンチ),宮崎県,宮崎市,福島町（番地）,1,0,0,0,0,0
45201,880  ,8800031,ミヤザキケン,ミヤザキシ,フナツカ,宮崎県,宮崎市,船塚,0,0,1,0,0,0
45201,880  ,8800931,ミヤザキケン,ミヤザキシ,フルジョウチョウ,宮崎県,宮崎市,古城町,0,0,0,0,0,0
45201,880  ,8800046,ミヤザキケン,ミヤザキシ,ヘイワガオカキタマチ,宮崎県,宮崎市,平和が丘北町,0,0,0,0,0,0
45201,880  ,8800047,ミヤザキケン,ミヤザキシ,ヘイワガオカニシマチ,宮崎県,宮崎市,平和が丘西町,0,0,0,0,0,0
45201,880  ,8800042,ミヤザキケン,ミヤザキシ,ヘイワガオカヒガシマチ,宮崎県,宮崎市,平和が丘東町,0,0,0,0,0,0
45201,880  ,8800802,ミヤザキケン,ミヤザキシ,ベップチョウ,宮崎県,宮崎市,別府町,0,0,0,0,0,0
45201,88001,8800123,ミヤザキケン,ミヤザキシ,ホウジ,宮崎県,宮崎市,芳士,0,0,0,0,0,0
45201,88917,8891716,ミヤザキケン,ミヤザキシ,ホソエ(ヘイワ),宮崎県,宮崎市,細江（平和）,1,0,0,0,0,0
45201,88021,8802116,ミヤザキケン,ミヤザキシ,ホソエ(ソノタ),宮崎県,宮崎市,細江（その他）,1,0,0,0,0,0
45201,880  ,8800873,ミヤザキケン,ミヤザキシ,ホリカワチョウ,宮崎県,宮崎市,堀川町,0,0,0,0,0,0
45201,880  ,8800922,ミヤザキケン,ミヤザキシ,ホンゴウ,宮崎県,宮崎市,本郷,0,0,1,0,0,0
45201,880  ,8800925,ミヤザキケン,ミヤザキシ,ホンゴウキタカタ,宮崎県,宮崎市,本郷北方,0,0,0,0,0,0
45201,880  ,8800921,ミヤザキケン,ミヤザキシ,ホンゴウミナミカタ,宮崎県,宮崎市,本郷南方,0,0,0,0,0,0
45201,880  ,8800863,ミヤザキケン,ミヤザキシ,マエバルチョウ,宮崎県,宮崎市,前原町,0,0,0,0,0,0
45201,880  ,8800013,ミヤザキケン,ミヤザキシ,マツバシ,宮崎県,宮崎市,松橋,0,0,1,0,0,0
45201,880  ,8800865,ミヤザキケン,ミヤザキシ,マツヤマ,宮崎県,宮崎市,松山,0,0,1,0,0,0
45201,880  ,8800929,ミヤザキケン,ミヤザキシ,マナビノ,宮崎県,宮崎市,まなび野,0,0,1,0,0,0
45201,880  ,8800813,ミヤザキケン,ミヤザキシ,マルシマチョウ,宮崎県,宮崎市,丸島町,0,0,0,0,0,0
45201,880  ,8800052,ミヤザキケン,ミヤザキシ,マルヤマ,宮崎県,宮崎市,丸山,0,0,1,0,0,0
45201,880  ,8800858,ミヤザキケン,ミヤザキシ,ミナト,宮崎県,宮崎市,港,0,0,1,0,0,0
45201,880  ,8800851,ミヤザキケン,ミヤザキシ,ミナトヒガシ,宮崎県,宮崎市,港東,0,0,1,0,0,0
45201,880  ,8800037,ミヤザキケン,ミヤザキシ,ミナミカタチョウ,宮崎県,宮崎市,南方町,0,0,0,0,0,0
45201,880  ,8800005,ミヤザキケン,ミヤザキシ,ミナミタカマツチョウ,宮崎県,宮崎市,南高松町,0,0,0,0,0,0
45201,880  ,8800055,ミヤザキケン,ミヤザキシ,ミナミハナガシマチョウ,宮崎県,宮崎市,南花ケ島町,0,0,0,0,0,0
45201,880  ,8800906,ミヤザキケン,ミヤザキシ,ミナミマチ,宮崎県,宮崎市,南町,0,0,1,0,0,0
45201,880  ,8800879,ミヤザキケン,ミヤザキシ,ミヤザキエキヒガシ,宮崎県,宮崎市,宮崎駅東,0,0,1,0,0,0
45201,880  ,8800804,ミヤザキケン,ミヤザキシ,ミヤタチョウ,宮崎県,宮崎市,宮田町,0,0,0,0,0,0
45201,880  ,8800914,ミヤザキケン,ミヤザキシ,ミヤノモトマチ,宮崎県,宮崎市,宮の元町,0,0,0,0,0,0
45201,880  ,8800877,ミヤザキケン,ミヤザキシ,ミヤワキチョウ,宮崎県,宮崎市,宮脇町,0,0,0,0,0,0
45201,880  ,8800837,ミヤザキケン,ミヤザキシ,ムラスミチョウ,宮崎県,宮崎市,村角町,0,0,0,0,0,0
45201,880  ,8800004,ミヤザキケン,ミヤザキシ,モトミヤチョウ,宮崎県,宮崎市,元宮町,0,0,0,0,0,0
45201,880  ,8800844,ミヤザキケン,ミヤザキシ,ヤナギマルチョウ,宮崎県,宮崎市,柳丸町,0,0,0,0,0,0
45201,880  ,8800034,ミヤザキケン,ミヤザキシ,ヤノサキチョウ,宮崎県,宮崎市,矢の先町,0,0,0,0,0,0
45201,880  ,8800836,ミヤザキケン,ミヤザキシ,ヤマサキチョウ,宮崎県,宮崎市,山崎町,0,0,0,0,0,0
45201,880  ,8800878,ミヤザキケン,ミヤザキシ,ヤマトチョウ,宮崎県,宮崎市,大和町,0,0,0,0,0,0
45201,88022,8802233,ミヤザキケン,ミヤザキシ,ヨシノ,宮崎県,宮崎市,吉野,0,0,0,0,0,0
45201,880  ,8800841,ミヤザキケン,ミヤザキシ,ヨシムラチョウ,宮崎県,宮崎市,吉村町,0,0,0,0,0,0
45201,880  ,8800907,ミヤザキケン,ミヤザキシ,ヨドガワ,宮崎県,宮崎市,淀川,0,0,1,0,0,0
45201,880  ,8800023,ミヤザキケン,ミヤザキシ,ワチガワラ,宮崎県,宮崎市,和知川原,0,0,1,0,0,0
45202,885  ,8850000,ミヤザキケン,ミヤコノジョウシ,イカニケイサイガナイバアイ,宮崎県,都城市,以下に掲載がない場合,0,0,0,0,0,0
45202,885  ,8850034,ミヤザキケン,ミヤコノジョウシ,アヤメバルチョウ,宮崎県,都城市,菖蒲原町,0,0,0,0,0,0
45202,885  ,8850041,ミヤザキケン,ミヤコノジョウシ,イチマンジョウチョウ,宮崎県,都城市,一万城町,0,0,0,0,0,0
45202,885  ,8850064,ミヤザキケン,ミヤコノジョウシ,イママチ,宮崎県,都城市,今町,0,0,0,0,0,0
45202,88511,8851101,ミヤザキケン,ミヤコノジョウシ,イワミツチョウ,宮崎県,都城市,岩満町,0,0,0,0,0,0
45202,885  ,8850019,ミヤザキケン,ミヤコノジョウシ,イワヨシ,宮崎県,都城市,祝吉,0,0,1,0,0,0
45202,885  ,8850014,ミヤザキケン,ミヤコノジョウシ,イワヨシチョウ,宮崎県,都城市,祝吉町,0,0,0,0,0,0
45202,885  ,8850063,ミヤザキケン,ミヤコノジョウシ,ウメキタチョウ,宮崎県,都城市,梅北町,0,0,0,0,0,0
45202,885  ,8850062,ミヤザキケン,ミヤコノジョウシ,オオイワダチョウ,宮崎県,都城市,大岩田町,0,0,0,0,0,0
45202,88501,8850112,ミヤザキケン,ミヤコノジョウシ,オトボウチョウ,宮崎県,都城市,乙房町,0,0,0,0,0,0
45202,885  ,8850074,ミヤザキケン,ミヤコノジョウシ,カイモトチョウ,宮崎県,都城市,甲斐元町,0,0,0,0,0,0
45202,88501,8850111,ミヤザキケン,ミヤコノジョウシ,カシノチョウ,宮崎県,都城市,菓子野町,0,0,0,0,0,0
45202,885  ,8850001,ミヤザキケン,ミヤコノジョウシ,カナダチョウ,宮崎県,都城市,金田町,0,0,0,0,0,0
45202,885  ,8850012,ミヤザキケン,ミヤコノジョウシ,カミカワヒガシ,宮崎県,都城市,上川東,0,0,1,0,0,0
45202,88511,8851103,ミヤザキケン,ミヤコノジョウシ,カミズルチョウ,宮崎県,都城市,上水流町,0,0,0,0,0,0
45202,885  ,8850042,ミヤザキケン,ミヤコノジョウシ,カミナガエチョウ,宮崎県,都城市,上長飯町,0,0,0,0,0,0
45202,885  ,8850053,ミヤザキケン,ミヤコノジョウシ,カミヒガシチョウ,宮崎県,都城市,上東町,0,0,0,0,0,0
45202,885  ,8850072,ミヤザキケン,ミヤコノジョウシ,カンマチ,宮崎県,都城市,上町,0,0,0,0,0,0
45202,885  ,8850024,ミヤザキケン,ミヤコノジョウシ,キタハラチョウ,宮崎県,都城市,北原町,0,0,0,0,0,0
45202,885  ,8850086,ミヤザキケン,ミヤコノジョウシ,クボバルチョウ,宮崎県,都城市,久保原町,0,0,0,0,0,0
45202,885  ,8850051,ミヤザキケン,ミヤコノジョウシ,クラハラチョウ,宮崎県,都城市,蔵原町,0,0,0,0,0,0
45202,885  ,8850018,ミヤザキケン,ミヤコノジョウシ,コオリモト,宮崎県,都城市,郡元,0,0,1,0,0,0
45202,885  ,8850013,ミヤザキケン,ミヤコノジョウシ,コオリモトチョウ,宮崎県,都城市,郡元町,0,0,0,0,0,0
45202,885  ,8850084,ミヤザキケン,ミヤコノジョウシ,ゴジッチョウ,宮崎県,都城市,五十町,0,0,0,0,0,0
45202,885  ,8850022,ミヤザキケン,ミヤコノジョウシ,コマツバラチョウ,宮崎県,都城市,小松原町,0,0,0,0,0,0
45202,885  ,8850023,ミヤザキケン,ミヤコノジョウシ,サカエマチ,宮崎県,都城市,栄町,0,0,0,0,0,0
45202,885  ,8850093,ミヤザキケン,ミヤコノジョウシ,シビタチョウ,宮崎県,都城市,志比田町,0,0,0,0,0,0
45202,885  ,8850011,ミヤザキケン,ミヤコノジョウシ,シモカワヒガシ,宮崎県,都城市,下川東,0,0,1,0,0,0
45202,88511,8851102,ミヤザキケン,ミヤコノジョウシ,シモズルチョウ,宮崎県,都城市,下水流町,0,0,0,0,0,0
45202,885  ,8850061,ミヤザキケン,ミヤコノジョウシ,シモナガエチョウ,宮崎県,都城市,下長飯町,0,0,0,0,0,0
45202,88501,8850114,ミヤザキケン,ミヤコノジョウシ,ショウナイチョウ,宮崎県,都城市,庄内町,0,0,0,0,0,0
45202,885  ,8850005,ミヤザキケン,ミヤコノジョウシ,ジンノヤマチョウ,宮崎県,都城市,神之山町,0,0,0,0,0,0
45202,88501,8850113,ミヤザキケン,ミヤコノジョウシ,セキノオチョウ,宮崎県,都城市,関之尾町,0,0,0,0,0,0
45202,885  ,8850015,ミヤザキケン,ミヤコノジョウシ,センチョウ,宮崎県,都城市,千町,0,0,0,0,0,0
45202,885  ,8850026,ミヤザキケン,ミヤコノジョウシ,ダイオウチョウ,宮崎県,都城市,大王町,0,0,0,0,0,0
45202,885  ,8850081,ミヤザキケン,ミヤコノジョウシ,タカオ,宮崎県,都城市,鷹尾,0,0,1,0,0,0
45202,885  ,8850003,ミヤザキケン,ミヤコノジョウシ,タカギチョウ,宮崎県,都城市,高木町,0,0,0,0,0,0
45202,88945,8894502,ミヤザキケン,ミヤコノジョウシ,タカザキチョウエヒラ,宮崎県,都城市,高崎町江平,0,0,0,0,0,0
45202,88945,8894505,ミヤザキケン,ミヤコノジョウシ,タカザキチョウオオムタ,宮崎県,都城市,高崎町大牟田,0,0,0,0,0,0
45202,88945,8894504,ミヤザキケン,ミヤコノジョウシ,タカザキチョウツマギリシマ,宮崎県,都城市,高崎町東霧島,0,0,0,0,0,0
45202,88945,8894503,ミヤザキケン,ミヤコノジョウシ,タカザキチョウナワゼ,宮崎県,都城市,高崎町縄瀬,0,0,0,0,0,0
45202,88945,8894501,ミヤザキケン,ミヤコノジョウシ,タカザキチョウフエミズ,宮崎県,都城市,高崎町笛水,0,0,0,0,0,0
45202,88945,8894506,ミヤザキケン,ミヤコノジョウシ,タカザキチョウマエダ,宮崎県,都城市,高崎町前田,0,0,0,0,0,0
45202,88513,8851311,ミヤザキケン,ミヤコノジョウシ,タカジョウチョウアリミズ,宮崎県,都城市,高城町有水,0,0,0,0,0,0
45202,88512,8851205,ミヤザキケン,ミヤコノジョウシ,タカジョウチョウイシヤマ,宮崎県,都城市,高城町石山,0,0,0,0,0,0
45202,88512,8851203,ミヤザキケン,ミヤコノジョウシ,タカジョウチョウオオイデ,宮崎県,都城市,高城町大井手,0,0,0,0,0,0
45202,88512,8851204,ミヤザキケン,ミヤコノジョウシ,タカジョウチョウサクラギ,宮崎県,都城市,高城町桜木,0,0,0,0,0,0
45202,88513,8851312,ミヤザキケン,ミヤコノジョウシ,タカジョウチョウシカ,宮崎県,都城市,高城町四家,0,0,0,0,0,0
45202,88512,8851201,ミヤザキケン,ミヤコノジョウシ,タカジョウチョウタカジョウ,宮崎県,都城市,高城町高城,0,0,0,0,0,0
45202,88512,8851202,ミヤザキケン,ミヤコノジョウシ,タカジョウチョウホマンボウ,宮崎県,都城市,高城町穂満坊,0,0,0,0,0,0
45202,88502,8850221,ミヤザキケン,ミヤコノジョウシ,タカノチョウ,宮崎県,都城市,高野町,0,0,0,0,0,0
45202,885  ,8850035,ミヤザキケン,ミヤコノジョウシ,タテノチョウ,宮崎県,都城市,立野町,0,0,0,0,0,0
45202,885  ,8850002,ミヤザキケン,ミヤコノジョウシ,タロボウチョウ,宮崎県,都城市,太郎坊町,0,0,0,0,0,0
45202,885  ,8850033,ミヤザキケン,ミヤコノジョウシ,ツマガオカチョウ,宮崎県,都城市,妻ケ丘町,0,0,0,0,0,0
45202,885  ,8850031,ミヤザキケン,ミヤコノジョウシ,テンジンチョウ,宮崎県,都城市,天神町,0,0,0,0,0,0
45202,885  ,8850017,ミヤザキケン,ミヤコノジョウシ,トシミチョウ,宮崎県,都城市,年見町,0,0,0,0,0,0
45202,885  ,8850004,ミヤザキケン,ミヤコノジョウシ,トホクチョウ,宮崎県,都城市,都北町,0,0,0,0,0,0
45202,885  ,8850043,ミヤザキケン,ミヤコノジョウシ,トヨミツチョウ,宮崎県,都城市,豊満町,0,0,0,0,0,0
45202,885  ,8850032,ミヤザキケン,ミヤコノジョウシ,ナカハラチョウ,宮崎県,都城市,中原町,0,0,0,0,0,0
45202,885  ,8850071,ミヤザキケン,ミヤコノジョウシ,ナカマチ,宮崎県,都城市,中町,0,0,0,0,0,0
45202,88502,8850225,ミヤザキケン,ミヤコノジョウシ,ナツオチョウ,宮崎県,都城市,夏尾町,0,0,0,0,0,0
45202,885  ,8850076,ミヤザキケン,ミヤコノジョウシ,ニシマチ,宮崎県,都城市,西町,0,0,0,0,0,0
45202,88511,8851104,ミヤザキケン,ミヤコノジョウシ,ノノミタニチョウ,宮崎県,都城市,野々美谷町,0,0,0,0,0,0
45202,885  ,8850075,ミヤザキケン,ミヤコノジョウシ,ハチマンチョウ,宮崎県,都城市,八幡町,0,0,0,0,0,0
45202,885  ,8850037,ミヤザキケン,ミヤコノジョウシ,ハナグリチョウ,宮崎県,都城市,花繰町,0,0,0,0,0,0
45202,885  ,8850055,ミヤザキケン,ミヤコノジョウシ,ハヤスズチョウ,宮崎県,都城市,早鈴町,0,0,0,0,0,0
45202,885  ,8850016,ミヤザキケン,ミヤコノジョウシ,ハヤミズチョウ,宮崎県,都城市,早水町,0,0,0,0,0,0
45202,885  ,8850052,ミヤザキケン,ミヤコノジョウシ,ヒガシマチ,宮崎県,都城市,東町,0,0,0,0,0,0
45202,885  ,8850073,ミヤザキケン,ミヤコノジョウシ,ヒメギチョウ,宮崎県,都城市,姫城町,0,0,0,0,0,0
45202,885  ,8850021,ミヤザキケン,ミヤコノジョウシ,ヒラエチョウ,宮崎県,都城市,平江町,0,0,0,0,0,0
45202,885  ,8850085,ミヤザキケン,ミヤコノジョウシ,ヒラツカチョウ,宮崎県,都城市,平塚町,0,0,0,0,0,0
45202,885  ,8850036,ミヤザキケン,ミヤコノジョウシ,ヒロハラチョウ,宮崎県,都城市,広原町,0,0,0,0,0,0
45202,885  ,8850025,ミヤザキケン,ミヤコノジョウシ,マエダチョウ,宮崎県,都城市,前田町,0,0,0,0,0,0
45202,885  ,8850077,ミヤザキケン,ミヤコノジョウシ,マツモトチョウ,宮崎県,都城市,松元町,0,0,0,0,0,0
45202,88511,8851105,ミヤザキケン,ミヤコノジョウシ,マルタニチョウ,宮崎県,都城市,丸谷町,0,0,0,0,0,0
45202,88502,8850224,ミヤザキケン,ミヤコノジョウシ,ミイケチョウ,宮崎県,都城市,御池町,0,0,0,0,0,0
45202,88502,8850222,ミヤザキケン,ミヤコノジョウシ,ミカワチョウ,宮崎県,都城市,美川町,0,0,0,0,0,0
45202,885  ,8850082,ミヤザキケン,ミヤコノジョウシ,ミナミタカオチョウ,宮崎県,都城市,南鷹尾町,0,0,0,0,0,0
45202,885  ,8850092,ミヤザキケン,ミヤコノジョウシ,ミナミヨコイチチョウ,宮崎県,都城市,南横市町,0,0,0,0,0,0
45202,885  ,8850095,ミヤザキケン,ミヤコノジョウシ,ミノバルチョウ,宮崎県,都城市,蓑原町,0,0,0,0,0,0
45202,885  ,8850083,ミヤザキケン,ミヤコノジョウシ,ミヤコジマチョウ,宮崎県,都城市,都島町,0,0,0,0,0,0
45202,885  ,8850094,ミヤザキケン,ミヤコノジョウシ,ミヤコバルチョウ,宮崎県,都城市,都原町,0,0,0,0,0,0
45202,885  ,8850078,ミヤザキケン,ミヤコノジョウシ,ミヤマルチョウ,宮崎県,都城市,宮丸町,0,0,0,0,0,0
45202,885  ,8850079,ミヤザキケン,ミヤコノジョウシ,ムタチョウ,宮崎県,都城市,牟田町,0,0,0,0,0,0
45202,885  ,8850044,ミヤザキケン,ミヤコノジョウシ,ヤスヒサチョウ,宮崎県,都城市,安久町,0,0,0,0,0,0
45202,88946,8894602,ミヤザキケン,ミヤコノジョウシ,ヤマダチョウナカギリシマ,宮崎県,都城市,山田町中霧島,0,0,0,0,0,0
45202,88946,8894601,ミヤザキケン,ミヤコノジョウシ,ヤマダチョウヤマダ,宮崎県,都城市,山田町山田,0,0,0,0,0,0
45202,88918,8891801,ミヤザキケン,ミヤコノジョウシ,ヤマノクチチョウトミヨシ,宮崎県,都城市,山之口町富吉,0,0,0,0,0,0
45202,88918,8891802,ミヤザキケン,ミヤコノジョウシ,ヤマノクチチョウハナノキ,宮崎県,都城市,山之口町花木,0,0,0,0,0,0
45202,88023,8802303,ミヤザキケン,ミヤコノジョウシ,ヤマノクチチョウヤマノクチ(カミヒラノ、ナカタ),宮崎県,都城市,山之口町山之口（上平野、仲田）,1,0,0,0,0,0
45202,88918,8891803,ミヤザキケン,ミヤコノジョウシ,ヤマノクチチョウヤマノクチ(ソノタ),宮崎県,都城市,山之口町山之口（その他）,1,0,0,0,0,0
45202,885  ,8850091,ミヤザキケン,ミヤコノジョウシ,ヨコイチチョウ,宮崎県,都城市,横市町,0,0,0,0,0,0
45202,885  ,8850006,ミヤザキケン,ミヤコノジョウシ,ヨシオチョウ,宮崎県,都城市,吉尾町,0,0,0,0,0,0
45202,88502,8850223,ミヤザキケン,ミヤコノジョウシ,ヨシノモトチョウ,宮崎県,都城市,吉之元町,0,0,0,0,0,0
45202,885  ,8850054,ミヤザキケン,ミヤコノジョウシ,ワカバチョウ,宮崎県,都城市,若葉町,0,0,0,0,0,0
45203,882  ,8820000,ミヤザキケン,ノベオカシ,イカニケイサイガナイバアイ,宮崎県,延岡市,以下に掲載がない場合,0,0,0,0,0,0
45203,88905,8890517,ミヤザキケン,ノベオカシ,アカミズマチ,宮崎県,延岡市,赤水町,0,0,0,0,0,0
45203,882  ,8820845,ミヤザキケン,ノベオカシ,アガタマチ,宮崎県,延岡市,安賀多町,0,0,1,0,0,0
45203,88905,8890507,ミヤザキケン,ノベオカシ,アサヒガオカ,宮崎県,延岡市,旭ケ丘,0,0,1,0,0,0
45203,882  ,8820847,ミヤザキケン,ノベオカシ,アサヒマチ,宮崎県,延岡市,旭町,0,0,1,0,0,0
45203,882  ,8820872,ミヤザキケン,ノベオカシ,アタゴマチ,宮崎県,延岡市,愛宕町,0,0,1,0,0,0
45203,882  ,8820871,ミヤザキケン,ノベオカシ,アタゴヤマ,宮崎県,延岡市,愛宕山,0,0,0,0,0,0
45203,882  ,8820071,ミヤザキケン,ノベオカシ,アモリマチ,宮崎県,延岡市,天下町,0,0,0,0,0,0
45203,882  ,8820025,ミヤザキケン,ノベオカシ,アワノミョウマチ,宮崎県,延岡市,粟野名町,0,0,0,0,0,0
45203,88905,8890503,ミヤザキケン,ノベオカシ,イガダマチ,宮崎県,延岡市,伊形町,0,0,0,0,0,0
45203,88905,8890501,ミヤザキケン,ノベオカシ,イシダマチ,宮崎県,延岡市,石田町,0,0,0,0,0,0
45203,882  ,8820831,ミヤザキケン,ノベオカシ,イデグチマチ,宮崎県,延岡市,出口町,0,0,0,0,0,0
45203,882  ,8820856,ミヤザキケン,ノベオカシ,イデキタ,宮崎県,延岡市,出北,0,0,1,0,0,0
45203,882  ,8820003,ミヤザキケン,ノベオカシ,イナバザキマチ,宮崎県,延岡市,稲葉崎町,0,0,1,0,0,0
45203,882  ,8820095,ミヤザキケン,ノベオカシ,ウラシロマチ,宮崎県,延岡市,浦城町,0,0,0,0,0,0
45203,882  ,8820084,ミヤザキケン,ノベオカシ,ウワダマチ,宮崎県,延岡市,宇和田町,0,0,0,0,0,0
45203,882  ,8820046,ミヤザキケン,ノベオカシ,エビスマチ,宮崎県,延岡市,恵比須町,0,0,0,0,0,0
45203,882  ,8820013,ミヤザキケン,ノベオカシ,オイウチマチ,宮崎県,延岡市,追内町,0,0,0,0,0,0
45203,882  ,8820001,ミヤザキケン,ノベオカシ,オオカイマチ,宮崎県,延岡市,大峡町,0,0,0,0,0,0
45203,882  ,8820027,ミヤザキケン,ノベオカシ,オオカドマチ,宮崎県,延岡市,大門町,0,0,0,0,0,0
45203,882  ,8820841,ミヤザキケン,ノベオカシ,オオセマチ,宮崎県,延岡市,大瀬町,0,0,1,0,0,0
45203,882  ,8820024,ミヤザキケン,ノベオカシ,オオダケマチ,宮崎県,延岡市,大武町,0,0,0,0,0,0
45203,882  ,8820803,ミヤザキケン,ノベオカシ,オオヌキマチ,宮崎県,延岡市,大貫町,0,0,1,0,0,0
45203,882  ,8820086,ミヤザキケン,ノベオカシ,オオノマチ,宮崎県,延岡市,大野町,0,0,0,0,0,0
45203,882  ,8820056,ミヤザキケン,ノベオカシ,オカトミマチ,宮崎県,延岡市,岡富町,0,0,0,0,0,0
45203,882  ,8820057,ミヤザキケン,ノベオカシ,オカトミヤマ,宮崎県,延岡市,岡富山,0,0,0,0,0,0
45203,882  ,8820075,ミヤザキケン,ノベオカシ,オカモトマチ,宮崎県,延岡市,岡元町,0,0,0,0,0,0
45203,882  ,8820876,ミヤザキケン,ノベオカシ,オキタマチ,宮崎県,延岡市,沖田町,0,0,0,0,0,0
45203,882  ,8820006,ミヤザキケン,ノベオカシ,オザキマチ,宮崎県,延岡市,尾崎町,0,0,0,0,0,0
45203,882  ,8820855,ミヤザキケン,ノベオカシ,オロシホンマチ,宮崎県,延岡市,卸本町,0,0,0,0,0,0
45203,882  ,8820073,ミヤザキケン,ノベオカシ,カイノハタマチ,宮崎県,延岡市,貝の畑町,0,0,0,0,0,0
45203,882  ,8820085,ミヤザキケン,ノベオカシ,カガセマチ,宮崎県,延岡市,鹿狩瀬町,0,0,0,0,0,0
45203,882  ,8820004,ミヤザキケン,ノベオカシ,カシヤママチ,宮崎県,延岡市,樫山町,0,0,1,0,0,0
45203,882  ,8820012,ミヤザキケン,ノベオカシ,カショウジ,宮崎県,延岡市,鹿小路,0,0,0,0,0,0
45203,882  ,8820844,ミヤザキケン,ノベオカシ,カスガマチ,宮崎県,延岡市,春日町,0,0,1,0,0,0
45203,882  ,8820877,ミヤザキケン,ノベオカシ,カタタマチ,宮崎県,延岡市,片田町,0,0,0,0,0,0
45203,882  ,8820867,ミヤザキケン,ノベオカシ,カマエグチマチ,宮崎県,延岡市,構口町,0,0,1,0,0,0
45203,88905,8890502,ミヤザキケン,ノベオカシ,カミイガダマチ,宮崎県,延岡市,上伊形町,0,0,0,0,0,0
45203,882  ,8820833,ミヤザキケン,ノベオカシ,カミオオセマチ,宮崎県,延岡市,上大瀬町,0,0,0,0,0,0
45203,882  ,8820885,ミヤザキケン,ノベオカシ,カミミワマチ,宮崎県,延岡市,上三輪町,0,0,0,0,0,0
45203,882  ,8820017,ミヤザキケン,ノベオカシ,カワシママチ,宮崎県,延岡市,川島町,0,0,0,0,0,0
45203,882  ,8820033,ミヤザキケン,ノベオカシ,カワラサキマチ,宮崎県,延岡市,川原崎町,0,0,0,0,0,0
45203,882  ,8820043,ミヤザキケン,ノベオカシ,ギオンマチ,宮崎県,延岡市,祗園町,0,0,1,0,0,0
45203,88903,8890302,ミヤザキケン,ノベオカシ,キタウラマチイチブリ,宮崎県,延岡市,北浦町市振,0,0,0,0,0,0
45203,88903,8890301,ミヤザキケン,ノベオカシ,キタウラマチフルエ,宮崎県,延岡市,北浦町古江,0,0,0,0,0,0
45203,88903,8890304,ミヤザキケン,ノベオカシ,キタウラマチミカワウチ,宮崎県,延岡市,北浦町三川内,0,0,0,0,0,0
45203,88903,8890303,ミヤザキケン,ノベオカシ,キタウラマチミヤノウラ,宮崎県,延岡市,北浦町宮野浦,0,0,0,0,0,0
45203,88201,8820121,ミヤザキケン,ノベオカシ,キタカタマチイタカミ,宮崎県,延岡市,北方町板上,0,0,0,0,0,0
45203,88201,8820122,ミヤザキケン,ノベオカシ,キタカタマチイタシモ,宮崎県,延岡市,北方町板下,0,0,0,0,0,0
45203,88201,8820123,ミヤザキケン,ノベオカシ,キタカタマチウソゴエ,宮崎県,延岡市,北方町うそ越,0,0,0,0,0,0
45203,88201,8820106,ミヤザキケン,ノベオカシ,キタカタマチカサシタ,宮崎県,延岡市,北方町笠下,0,0,0,0,0,0
45203,88201,8820126,ミヤザキケン,ノベオカシ,キタカタマチカミザキ,宮崎県,延岡市,北方町上崎,0,0,0,0,0,0
45203,88201,8820231,ミヤザキケン,ノベオカシ,キタカタマチカミシシガワ,宮崎県,延岡市,北方町上鹿川,0,0,0,0,0,0
45203,88201,8820125,ミヤザキケン,ノベオカシ,キタカタマチカワズル,宮崎県,延岡市,北方町川水流,0,0,0,0,0,0
45203,88201,8820129,ミヤザキケン,ノベオカシ,キタカタマチキタクボヤマ,宮崎県,延岡市,北方町北久保山,0,0,0,0,0,0
45203,88201,8820127,ミヤザキケン,ノベオカシ,キタカタマチクラタ,宮崎県,延岡市,北方町蔵田,0,0,0,0,0,0
45203,88201,8820241,ミヤザキケン,ノベオカシ,キタカタマチサンガムラ,宮崎県,延岡市,北方町三ケ村,0,0,0,0,0,0
45203,88201,8820237,ミヤザキケン,ノベオカシ,キタカタマチシイバタ,宮崎県,延岡市,北方町椎畑,0,0,0,0,0,0
45203,88201,8820232,ミヤザキケン,ノベオカシ,キタカタマチシモシシガワ,宮崎県,延岡市,北方町下鹿川,0,0,0,0,0,0
45203,88201,8820233,ミヤザキケン,ノベオカシ,キタカタマチスゲバル,宮崎県,延岡市,北方町菅原,0,0,0,0,0,0
45203,88201,8820124,ミヤザキケン,ノベオカシ,キタカタマチソキ,宮崎県,延岡市,北方町曽木,0,0,0,0,0,0
45203,88201,8820238,ミヤザキケン,ノベオカシ,キタカタマチタキシタ,宮崎県,延岡市,北方町滝下,0,0,0,0,0,0
45203,88201,8820104,ミヤザキケン,ノベオカシ,キタカタマチツノダ,宮崎県,延岡市,北方町角田,0,0,0,0,0,0
45203,88201,8820245,ミヤザキケン,ノベオカシ,キタカタマチハヤカミ,宮崎県,延岡市,北方町早上,0,0,0,0,0,0
45203,88201,8820244,ミヤザキケン,ノベオカシ,キタカタマチハヤナカ,宮崎県,延岡市,北方町早中,0,0,0,0,0,0
45203,88201,8820243,ミヤザキケン,ノベオカシ,キタカタマチハヤヒト,宮崎県,延岡市,北方町早日渡,0,0,0,0,0,0
45203,88201,8820236,ミヤザキケン,ノベオカシ,キタカタマチヒビラ,宮崎県,延岡市,北方町日平,0,0,0,0,0,0
45203,88201,8820107,ミヤザキケン,ノベオカシ,キタカタマチフジノキ,宮崎県,延岡市,北方町藤の木,0,0,0,0,0,0
45203,88201,8820101,ミヤザキケン,ノベオカシ,キタカタマチフタマタ,宮崎県,延岡市,北方町二股,0,0,0,0,0,0
45203,88201,8820235,ミヤザキケン,ノベオカシ,キタカタマチマキミネ,宮崎県,延岡市,北方町槇峰,0,0,0,0,0,0
45203,88201,8820128,ミヤザキケン,ノベオカシ,キタカタマチミナミクボヤマ,宮崎県,延岡市,北方町南久保山,0,0,0,0,0,0
45203,88201,8820234,ミヤザキケン,ノベオカシ,キタカタマチミミチ,宮崎県,延岡市,北方町美々地,0,0,0,0,0,0
45203,88201,8820242,ミヤザキケン,ノベオカシ,キタカタマチヤカイ,宮崎県,延岡市,北方町八峡,0,0,0,0,0,0
45203,882  ,8820097,ミヤザキケン,ノベオカシ,キタガワマチカワチミョウ(ホウリガワ),宮崎県,延岡市,北川町川内名（祝子川）,1,0,0,0,0,0
45203,88901,8890101,ミヤザキケン,ノベオカシ,キタガワマチカワチミョウ(ソノタ),宮崎県,延岡市,北川町川内名（その他）,1,0,0,0,0,0
45203,88901,8890102,ミヤザキケン,ノベオカシ,キタガワマチナガイ,宮崎県,延岡市,北川町長井,0,0,0,0,0,0
45203,882  ,8820041,ミヤザキケン,ノベオカシ,キタコウジ,宮崎県,延岡市,北小路,0,0,0,0,0,0
45203,882  ,8820834,ミヤザキケン,ノベオカシ,キタシンコウジ,宮崎県,延岡市,北新小路,0,0,0,0,0,0
45203,88905,8890505,ミヤザキケン,ノベオカシ,キタヒトツガオカ,宮崎県,延岡市,北一ケ岡,0,0,1,0,0,0
45203,882  ,8820814,ミヤザキケン,ノベオカシ,キタマチ,宮崎県,延岡市,北町,0,0,1,0,0,0
45203,882  ,8820873,ミヤザキケン,ノベオカシ,キョウエイマチ,宮崎県,延岡市,共栄町,0,0,0,0,0,0
45203,88905,8890514,ミヤザキケン,ノベオカシ,クシツマチ,宮崎県,延岡市,櫛津町,0,0,0,0,0,0
45203,88903,8890322,ミヤザキケン,ノベオカシ,クマノエマチ,宮崎県,延岡市,熊野江町,0,0,0,0,0,0
45203,882  ,8820091,ミヤザキケン,ノベオカシ,クワヒラマチ,宮崎県,延岡市,桑平町,0,0,0,0,0,0
45203,882  ,8820093,ミヤザキケン,ノベオカシ,コウベマチ,宮崎県,延岡市,神戸町,0,0,0,0,0,0
45203,882  ,8820076,ミヤザキケン,ノベオカシ,コガワマチ,宮崎県,延岡市,小川町,0,0,0,0,0,0
45203,882  ,8820882,ミヤザキケン,ノベオカシ,コノマチ,宮崎県,延岡市,小野町,0,0,0,0,0,0
45203,882  ,8820061,ミヤザキケン,ノベオカシ,コミネマチ,宮崎県,延岡市,小峰町,0,0,0,0,0,0
45203,882  ,8820047,ミヤザキケン,ノベオカシ,コンヤマチ,宮崎県,延岡市,紺屋町,0,0,1,0,0,0
45203,882  ,8820832,ミヤザキケン,ノベオカシ,サイコウジ,宮崎県,延岡市,西小路,0,0,0,0,0,0
45203,882  ,8820053,ミヤザキケン,ノベオカシ,サイワイマチ,宮崎県,延岡市,幸町,0,0,1,0,0,0
45203,882  ,8820054,ミヤザキケン,ノベオカシ,サカエマチ,宮崎県,延岡市,栄町,0,0,0,0,0,0
45203,882  ,8820007,ミヤザキケン,ノベオカシ,サクラガオカ,宮崎県,延岡市,桜ケ丘,0,0,1,0,0,0
45203,882  ,8820816,ミヤザキケン,ノベオカシ,サクラコウジ,宮崎県,延岡市,桜小路,0,0,0,0,0,0
45203,882  ,8820036,ミヤザキケン,ノベオカシ,サクラゾノマチ,宮崎県,延岡市,桜園町,0,0,0,0,0,0
45203,882  ,8820002,ミヤザキケン,ノベオカシ,サシキノマチ,宮崎県,延岡市,差木野町,0,0,0,0,0,0
45203,882  ,8820081,ミヤザキケン,ノベオカシ,サノマチ,宮崎県,延岡市,佐野町,0,0,0,0,0,0
45203,882  ,8820864,ミヤザキケン,ノベオカシ,シオハママチ,宮崎県,延岡市,塩浜町,0,0,1,0,0,0
45203,882  ,8820096,ミヤザキケン,ノベオカシ,シマウラマチ,宮崎県,延岡市,島浦町,0,0,0,0,0,0
45203,88905,8890504,ミヤザキケン,ノベオカシ,シモイガダマチ,宮崎県,延岡市,下伊形町,0,0,0,0,0,0
45203,882  ,8820883,ミヤザキケン,ノベオカシ,シモミワマチ,宮崎県,延岡市,下三輪町,0,0,0,0,0,0
45203,882  ,8820034,ミヤザキケン,ノベオカシ,ショウワマチ,宮崎県,延岡市,昭和町,0,0,1,0,0,0
45203,882  ,8820014,ミヤザキケン,ノベオカシ,シロイシマチ,宮崎県,延岡市,白石町,0,0,0,0,0,0
45203,882  ,8820835,ミヤザキケン,ノベオカシ,シンコウジ,宮崎県,延岡市,新小路,0,0,1,0,0,0
45203,88905,8890512,ミヤザキケン,ノベオカシ,シンハママチ,宮崎県,延岡市,新浜町,0,0,1,0,0,0
45203,882  ,8820827,ミヤザキケン,ノベオカシ,シンマチ,宮崎県,延岡市,新町,0,0,0,0,0,0
45203,882  ,8820011,ミヤザキケン,ノベオカシ,スサマチ,宮崎県,延岡市,須佐町,0,0,0,0,0,0
45203,882  ,8820825,ミヤザキケン,ノベオカシ,スザキマチ,宮崎県,延岡市,須崎町,0,0,0,0,0,0
45203,88903,8890321,ミヤザキケン,ノベオカシ,スミエマチ,宮崎県,延岡市,須美江町,0,0,0,0,0,0
45203,882  ,8820045,ミヤザキケン,ノベオカシ,セノクチマチ,宮崎県,延岡市,瀬之口町,0,0,1,0,0,0
45203,882  ,8820857,ミヤザキケン,ノベオカシ,ソウリョウマチ,宮崎県,延岡市,惣領町,0,0,0,0,0,0
45203,88905,8890516,ミヤザキケン,ノベオカシ,タイナマチ,宮崎県,延岡市,鯛名町,0,0,0,0,0,0
45203,882  ,8820042,ミヤザキケン,ノベオカシ,タカチホドオリ,宮崎県,延岡市,高千穂通,0,0,0,0,0,0
45203,882  ,8820064,ミヤザキケン,ノベオカシ,タカノマチ,宮崎県,延岡市,高野町,0,0,0,0,0,0
45203,882  ,8820874,ミヤザキケン,ノベオカシ,ダテマチ,宮崎県,延岡市,伊達町,0,0,1,0,0,0
45203,882  ,8820824,ミヤザキケン,ノベオカシ,チュウオウドオリ,宮崎県,延岡市,中央通,0,0,1,0,0,0
45203,882  ,8820836,ミヤザキケン,ノベオカシ,ツネトミマチ,宮崎県,延岡市,恒富町,0,0,1,0,0,0
45203,882  ,8820865,ミヤザキケン,ノベオカシ,ツルガオカ,宮崎県,延岡市,鶴ケ丘,0,0,1,0,0,0
45203,882  ,8820811,ミヤザキケン,ノベオカシ,テンジンコウジ,宮崎県,延岡市,天神小路,0,0,0,0,0,0
45203,882  ,8820016,ミヤザキケン,ノベオカシ,トウミマチ,宮崎県,延岡市,東海町,0,0,0,0,0,0
45203,88905,8890513,ミヤザキケン,ノベオカシ,トトロマチ,宮崎県,延岡市,土々呂町,0,0,1,0,0,0
45203,882  ,8820051,ミヤザキケン,ノベオカシ,トミヤママチ,宮崎県,延岡市,富美山町,0,0,0,0,0,0
45203,882  ,8820031,ミヤザキケン,ノベオカシ,ナカガワラマチ,宮崎県,延岡市,中川原町,0,0,1,0,0,0
45203,882  ,8820846,ミヤザキケン,ノベオカシ,ナカシママチ,宮崎県,延岡市,中島町,0,0,1,0,0,0
45203,882  ,8820032,ミヤザキケン,ノベオカシ,ナカノセチョウ,宮崎県,延岡市,中の瀬町,0,0,1,0,0,0
45203,882  ,8820823,ミヤザキケン,ノベオカシ,ナカマチ,宮崎県,延岡市,中町,0,0,1,0,0,0
45203,882  ,8820884,ミヤザキケン,ノベオカシ,ナカミワマチ,宮崎県,延岡市,中三輪町,0,0,0,0,0,0
45203,882  ,8820843,ミヤザキケン,ノベオカシ,ナガイケマチ,宮崎県,延岡市,永池町,0,0,1,0,0,0
45203,882  ,8820854,ミヤザキケン,ノベオカシ,ナガハママチ,宮崎県,延岡市,長浜町,0,0,1,0,0,0
45203,882  ,8820005,ミヤザキケン,ノベオカシ,ナツタマチ,宮崎県,延岡市,夏田町,0,0,0,0,0,0
45203,882  ,8820804,ミヤザキケン,ノベオカシ,ニシシナマチ,宮崎県,延岡市,西階町,0,0,1,0,0,0
45203,882  ,8820802,ミヤザキケン,ノベオカシ,ノジマチ,宮崎県,延岡市,野地町,0,0,1,0,0,0
45203,882  ,8820805,ミヤザキケン,ノベオカシ,ノタ,宮崎県,延岡市,野田,0,0,1,0,0,0
45203,882  ,8820801,ミヤザキケン,ノベオカシ,ノタマチ,宮崎県,延岡市,野田町,0,0,0,0,0,0
45203,882  ,8820052,ミヤザキケン,ノベオカシ,ハギマチ,宮崎県,延岡市,萩町,0,0,0,0,0,0
45203,882  ,8820044,ミヤザキケン,ノベオカシ,バクロウマチ,宮崎県,延岡市,博労町,0,0,0,0,0,0
45203,882  ,8820851,ミヤザキケン,ノベオカシ,ハマゴ,宮崎県,延岡市,浜砂,0,0,1,0,0,0
45203,882  ,8820862,ミヤザキケン,ノベオカシ,ハママチ,宮崎県,延岡市,浜町,0,0,0,0,0,0
45203,882  ,8820852,ミヤザキケン,ノベオカシ,ヒガシハマゴマチ,宮崎県,延岡市,東浜砂町,0,0,0,0,0,0
45203,882  ,8820813,ミヤザキケン,ノベオカシ,ヒガシホンコウジ,宮崎県,延岡市,東本小路,0,0,0,0,0,0
45203,882  ,8820035,ミヤザキケン,ノベオカシ,ヒノデマチ,宮崎県,延岡市,日の出町,0,0,1,0,0,0
45203,882  ,8820861,ミヤザキケン,ノベオカシ,ビュウマチ,宮崎県,延岡市,別府町,0,0,0,0,0,0
45203,882  ,8820065,ミヤザキケン,ノベオカシ,ヒラタマチ,宮崎県,延岡市,平田町,0,0,0,0,0,0
45203,882  ,8820866,ミヤザキケン,ノベオカシ,ヒラバルマチ,宮崎県,延岡市,平原町,0,0,1,0,0,0
45203,882  ,8820022,ミヤザキケン,ノベオカシ,フタツシママチ,宮崎県,延岡市,二ツ島町,0,0,0,0,0,0
45203,882  ,8820826,ミヤザキケン,ノベオカシ,フナグラマチ,宮崎県,延岡市,船倉町,0,0,1,0,0,0
45203,882  ,8820063,ミヤザキケン,ノベオカシ,フルカワマチ,宮崎県,延岡市,古川町,0,0,0,0,0,0
45203,882  ,8820837,ミヤザキケン,ノベオカシ,フルシロマチ,宮崎県,延岡市,古城町,0,0,1,0,0,0
45203,882  ,8820853,ミヤザキケン,ノベオカシ,ホウザイマチ,宮崎県,延岡市,方財町,0,0,0,0,0,0
45203,882  ,8820082,ミヤザキケン,ノベオカシ,ホウリマチ,宮崎県,延岡市,祝子町,0,0,0,0,0,0
45203,882  ,8820074,ミヤザキケン,ノベオカシ,ホソミマチ,宮崎県,延岡市,細見町,0,0,0,0,0,0
45203,882  ,8820812,ミヤザキケン,ノベオカシ,ホンコウジ,宮崎県,延岡市,本小路,0,0,0,0,0,0
45203,882  ,8820821,ミヤザキケン,ノベオカシ,ホンマチ,宮崎県,延岡市,本町,0,0,1,0,0,0
45203,882  ,8820066,ミヤザキケン,ノベオカシ,マイノマチ,宮崎県,延岡市,舞野町,0,0,0,0,0,0
45203,882  ,8820023,ミヤザキケン,ノベオカシ,マキマチ,宮崎県,延岡市,牧町,0,0,0,0,0,0
45203,88905,8890511,ミヤザキケン,ノベオカシ,マツバラマチ,宮崎県,延岡市,松原町,0,0,1,0,0,0
45203,882  ,8820062,ミヤザキケン,ノベオカシ,マツヤママチ,宮崎県,延岡市,松山町,0,0,0,0,0,0
45203,882  ,8820881,ミヤザキケン,ノベオカシ,ミスマチ,宮崎県,延岡市,三須町,0,0,0,0,0,0
45203,882  ,8820015,ミヤザキケン,ノベオカシ,ミズシリマチ,宮崎県,延岡市,水尻町,0,0,0,0,0,0
45203,882  ,8820842,ミヤザキケン,ノベオカシ,ミツゼマチ,宮崎県,延岡市,三ツ瀬町,0,0,1,0,0,0
45203,882  ,8820863,ミヤザキケン,ノベオカシ,ミドリガオカ,宮崎県,延岡市,緑ケ丘,0,0,1,0,0,0
45203,88905,8890506,ミヤザキケン,ノベオカシ,ミナミヒトツガオカ,宮崎県,延岡市,南一ケ岡,0,0,1,0,0,0
45203,882  ,8820822,ミヤザキケン,ノベオカシ,ミナミマチ,宮崎県,延岡市,南町,0,0,1,0,0,0
45203,882  ,8820092,ミヤザキケン,ノベオカシ,ミヤナガマチ,宮崎県,延岡市,宮長町,0,0,0,0,0,0
45203,88905,8890515,ミヤザキケン,ノベオカシ,ミョウケンマチ,宮崎県,延岡市,妙見町,0,0,0,0,0,0
45203,882  ,8820087,ミヤザキケン,ノベオカシ,ミョウマチ,宮崎県,延岡市,妙町,0,0,0,0,0,0
45203,882  ,8820077,ミヤザキケン,ノベオカシ,ムカバキマチ,宮崎県,延岡市,行縢町,0,0,0,0,0,0
45203,882  ,8820021,ミヤザキケン,ノベオカシ,ムシカマチ,宮崎県,延岡市,無鹿町,0,0,1,0,0,0
45203,882  ,8820094,ミヤザキケン,ノベオカシ,ヤスイマチ,宮崎県,延岡市,安井町,0,0,0,0,0,0
45203,882  ,8820815,ミヤザキケン,ノベオカシ,ヤナザワマチ,宮崎県,延岡市,柳沢町,0,0,1,0,0,0
45203,882  ,8820055,ミヤザキケン,ノベオカシ,ヤマシタマチ,宮崎県,延岡市,山下町,0,0,1,0,0,0
45203,882  ,8820037,ミヤザキケン,ノベオカシ,ヤマツキマチ,宮崎県,延岡市,山月町,0,0,1,0,0,0
45203,882  ,8820083,ミヤザキケン,ノベオカシ,ユウギマチ,宮崎県,延岡市,柚木町,0,0,0,0,0,0
45203,882  ,8820026,ミヤザキケン,ノベオカシ,ユノキダマチ,宮崎県,延岡市,柚の木田町,0,0,0,0,0,0
45203,882  ,8820072,ミヤザキケン,ノベオカシ,ヨシノマチ,宮崎県,延岡市,吉野町,0,0,0,0,0,0
45203,882  ,8820875,ミヤザキケン,ノベオカシ,ワカバマチ,宮崎県,延岡市,若葉町,0,0,1,0,0,0
45204,887  ,8870000,ミヤザキケン,ニチナンシ,イカニケイサイガナイバアイ,宮崎県,日南市,以下に掲載がない場合,0,0,0,0,0,0
45204,887  ,8870041,ミヤザキケン,ニチナンシ,アガタヒガシ(1-4チョウメ),宮崎県,日南市,吾田東（１〜４丁目）,1,0,1,0,0,0
45204,88925,8892541,ミヤザキケン,ニチナンシ,アガタヒガシ(5-11チョウメ),宮崎県,日南市,吾田東（５〜１１丁目）,1,0,1,0,0,0
45204,88925,8892536,ミヤザキケン,ニチナンシ,アガタニシ,宮崎県,日南市,吾田西,1,0,1,0,0,0
45204,887  ,8870001,ミヤザキケン,ニチナンシ,アブラツ,宮崎県,日南市,油津,0,0,1,0,0,0
45204,88925,8892532,ミヤザキケン,ニチナンシ,イタジキ,宮崎県,日南市,板敷,0,0,0,0,0,0
45204,88701,8870111,ミヤザキケン,ニチナンシ,イビイ,宮崎県,日南市,伊比井,0,0,0,0,0,0
45204,88925,8892525,ミヤザキケン,ニチナンシ,イママチ,宮崎県,日南市,今町,0,0,1,0,0,0
45204,887  ,8870014,ミヤザキケン,ニチナンシ,イワサキ,宮崎県,日南市,岩崎,0,0,1,0,0,0
45204,887  ,8870017,ミヤザキケン,ニチナンシ,ウメガハマ,宮崎県,日南市,梅ケ浜,0,0,1,0,0,0
45204,88931,8893156,ミヤザキケン,ニチナンシ,オオクボ,宮崎県,日南市,大窪,0,0,0,0,0,0
45204,88931,8893141,ミヤザキケン,ニチナンシ,オオドウツ,宮崎県,日南市,大堂津,0,0,1,0,0,0
45204,887  ,8870007,ミヤザキケン,ニチナンシ,オトヒメチョウ,宮崎県,日南市,乙姫町,0,0,0,0,0,0
45204,88925,8892535,ミヤザキケン,ニチナンシ,オビ,宮崎県,日南市,飫肥,0,0,1,0,0,0
45204,887  ,8870006,ミヤザキケン,ニチナンシ,カスガチョウ,宮崎県,日南市,春日町,0,0,0,0,0,0
45204,887  ,8870034,ミヤザキケン,ニチナンシ,カゼダ,宮崎県,日南市,風田,0,0,0,0,0,0
45204,88931,8893151,ミヤザキケン,ニチナンシ,カミカタ,宮崎県,日南市,上方,0,0,0,0,0,0
45204,887  ,8870022,ミヤザキケン,ニチナンシ,カミヒラノチョウ,宮崎県,日南市,上平野町,0,0,1,0,0,0
45204,88924,8892401,ミヤザキケン,ニチナンシ,キタゴウチョウオオフジ,宮崎県,日南市,北郷町大藤,0,0,0,0,0,0
45204,88924,8892403,ミヤザキケン,ニチナンシ,キタゴウチョウキタガワチ,宮崎県,日南市,北郷町北河内,0,0,0,0,0,0
45204,88924,8892402,ミヤザキケン,ニチナンシ,キタゴウチョウゴウノハラ,宮崎県,日南市,北郷町郷之原,0,0,0,0,0,0
45204,887  ,8870013,ミヤザキケン,ニチナンシ,キヤマ,宮崎県,日南市,木山,0,0,1,0,0,0
45204,88925,8892514,ミヤザキケン,ニチナンシ,クスバル,宮崎県,日南市,楠原,0,0,0,0,0,0
45204,887  ,8870023,ミヤザキケン,ニチナンシ,クマヤ,宮崎県,日南市,隈谷,0,0,0,0,0,0
45204,88931,8893152,ミヤザキケン,ニチナンシ,ケヨシダ,宮崎県,日南市,毛吉田,0,0,0,0,0,0
45204,887  ,8870005,ミヤザキケン,ニチナンシ,ザイモクチョウ,宮崎県,日南市,材木町,0,0,0,0,0,0
45204,88925,8892512,ミヤザキケン,ニチナンシ,サカタニコウ,宮崎県,日南市,酒谷甲,0,0,0,0,0,0
45204,88925,8892511,ミヤザキケン,ニチナンシ,サカタニオツ,宮崎県,日南市,酒谷乙,0,0,0,0,0,0
45204,88931,8893142,ミヤザキケン,ニチナンシ,シオヅル,宮崎県,日南市,塩鶴,0,1,0,0,0,0
45204,88931,8893143,ミヤザキケン,ニチナンシ,シモカタ,宮崎県,日南市,下方,0,0,0,0,0,0
45204,887  ,8870011,ミヤザキケン,ニチナンシ,セガイ,宮崎県,日南市,瀬貝,0,0,1,0,0,0
45204,887  ,8870003,ミヤザキケン,ニチナンシ,セニシ,宮崎県,日南市,瀬西,0,0,1,0,0,0
45204,887  ,8870012,ミヤザキケン,ニチナンシ,ソノダ,宮崎県,日南市,園田,0,0,1,0,0,0
45204,887  ,8870021,ミヤザキケン,ニチナンシ,チュウオウドオリ,宮崎県,日南市,中央通,0,0,1,0,0,0
45204,88931,8893154,ミヤザキケン,ニチナンシ,ツカダコウ,宮崎県,日南市,塚田甲,0,0,0,0,0,0
45204,88931,8893155,ミヤザキケン,ニチナンシ,ツカダオツ,宮崎県,日南市,塚田乙,0,0,0,0,0,0
45204,887  ,8870004,ミヤザキケン,ニチナンシ,テンプク,宮崎県,日南市,天福,0,0,1,0,0,0
45204,88925,8892534,ミヤザキケン,ニチナンシ,トキトウチョウ,宮崎県,日南市,時任町,0,0,0,0,0,0
45204,887  ,8870031,ミヤザキケン,ニチナンシ,トダカ,宮崎県,日南市,戸高,0,0,1,0,0,0
45204,88925,8892524,ミヤザキケン,ニチナンシ,トノトコロ,宮崎県,日南市,殿所,0,0,0,0,0,0
45204,887  ,8870016,ミヤザキケン,ニチナンシ,ナカヒラノ,宮崎県,日南市,中平野,0,0,1,0,0,0
45204,88932,8893213,ミヤザキケン,ニチナンシ,ナンゴウチョウカタガミ,宮崎県,日南市,南郷町潟上,0,0,0,0,0,0
45204,88932,8893203,ミヤザキケン,ニチナンシ,ナンゴウチョウタニノクチ,宮崎県,日南市,南郷町谷之口,0,0,0,0,0,0
45204,88932,8893201,ミヤザキケン,ニチナンシ,ナンゴウチョウツヤノ,宮崎県,日南市,南郷町津屋野,0,0,0,0,0,0
45204,88932,8893202,ミヤザキケン,ニチナンシ,ナンゴウチョウナカムラコウ,宮崎県,日南市,南郷町中村甲,0,0,0,0,0,0
45204,88932,8893204,ミヤザキケン,ニチナンシ,ナンゴウチョウナカムラオツ,宮崎県,日南市,南郷町中村乙,0,0,0,0,0,0
45204,88932,8893211,ミヤザキケン,ニチナンシ,ナンゴウチョウニエナミ,宮崎県,日南市,南郷町贄波,0,0,0,0,0,0
45204,88932,8893205,ミヤザキケン,ニチナンシ,ナンゴウチョウニシマチ,宮崎県,日南市,南郷町西町,0,0,0,0,0,0
45204,88932,8893207,ミヤザキケン,ニチナンシ,ナンゴウチョウヒガシマチ,宮崎県,日南市,南郷町東町,0,0,0,0,0,0
45204,88932,8893206,ミヤザキケン,ニチナンシ,ナンゴウチョウミナミマチ,宮崎県,日南市,南郷町南町,0,0,0,0,0,0
45204,88932,8893214,ミヤザキケン,ニチナンシ,ナンゴウチョウヨワラ,宮崎県,日南市,南郷町榎原,0,0,0,0,0,0
45204,88932,8893215,ミヤザキケン,ニチナンシ,ナンゴウチョウヨワラコウ,宮崎県,日南市,南郷町榎原甲,0,0,0,0,0,0
45204,88932,8893216,ミヤザキケン,ニチナンシ,ナンゴウチョウヨワラオツ,宮崎県,日南市,南郷町榎原乙,0,0,0,0,0,0
45204,88932,8893217,ミヤザキケン,ニチナンシ,ナンゴウチョウヨワラヘイ,宮崎県,日南市,南郷町榎原丙,0,0,0,0,0,0
45204,88932,8893212,ミヤザキケン,ニチナンシ,ナンゴウチョウワキモト,宮崎県,日南市,南郷町脇本,0,0,0,0,0,0
45204,887  ,8870024,ミヤザキケン,ニチナンシ,ニシベンブン,宮崎県,日南市,西弁分,0,0,1,0,0,0
45204,887  ,8870002,ミヤザキケン,ニチナンシ,ニシマチ,宮崎県,日南市,西町,0,0,1,0,0,0
45204,88931,8893153,ミヤザキケン,ニチナンシ,ハギノミネ,宮崎県,日南市,萩之嶺,0,0,0,0,0,0
45204,88925,8892521,ミヤザキケン,ニチナンシ,ヒガシベンブンオツ,宮崎県,日南市,東弁分乙,0,0,0,0,0,0
45204,88925,8892522,ミヤザキケン,ニチナンシ,ヒガシベンブンコウ,宮崎県,日南市,東弁分甲,0,0,0,0,0,0
45204,887  ,8870015,ミヤザキケン,ニチナンシ,ヒラノ,宮崎県,日南市,平野,0,0,0,0,0,0
45204,887  ,8870033,ミヤザキケン,ニチナンシ,ヒラヤマ,宮崎県,日南市,平山,0,0,0,0,0,0
45204,88701,8870102,ミヤザキケン,ニチナンシ,フト,宮崎県,日南市,富土,0,0,0,0,0,0
45204,88925,8892533,ミヤザキケン,ニチナンシ,ホシクラ,宮崎県,日南市,星倉,0,0,1,0,0,0
45204,88925,8892531,ミヤザキケン,ニチナンシ,ホンマチ,宮崎県,日南市,本町,0,0,0,0,0,0
45204,887  ,8870032,ミヤザキケン,ニチナンシ,マスヤス,宮崎県,日南市,益安,0,0,0,0,0,0
45204,88925,8892523,ミヤザキケン,ニチナンシ,マツナガ,宮崎県,日南市,松永,0,0,0,0,0,0
45204,88701,8870101,ミヤザキケン,ニチナンシ,ミヤウラ,宮崎県,日南市,宮浦,0,0,0,0,0,0
45204,88925,8892513,ミヤザキケン,ニチナンシ,ヨシノカタ,宮崎県,日南市,吉野方,0,0,0,0,0,0
45205,886  ,8860000,ミヤザキケン,コバヤシシ,イカニケイサイガナイバアイ,宮崎県,小林市,以下に掲載がない場合,0,0,0,0,0,0
45205,886  ,8860009,ミヤザキケン,コバヤシシ,エキミナミ,宮崎県,小林市,駅南,0,0,0,0,0,0
45205,886  ,8860006,ミヤザキケン,コバヤシシ,キタニシカタ,宮崎県,小林市,北西方,0,0,0,0,0,0
45205,88601,8860115,ミヤザキケン,コバヤシシ,スキウチヤマ,宮崎県,小林市,須木内山,0,0,0,0,0,0
45205,88601,8860112,ミヤザキケン,コバヤシシ,スキシモダ,宮崎県,小林市,須木下田,0,0,0,0,0,0
45205,88601,8860113,ミヤザキケン,コバヤシシ,スキトリダマチ,宮崎県,小林市,須木鳥田町,0,0,0,0,0,0
45205,88601,8860111,ミヤザキケン,コバヤシシ,スキナカハラ,宮崎県,小林市,須木中原,0,0,0,0,0,0
45205,88601,8860114,ミヤザキケン,コバヤシシ,スキナサキ,宮崎県,小林市,須木奈佐木,0,0,0,0,0,0
45205,886  ,8860003,ミヤザキケン,コバヤシシ,ツツミ,宮崎県,小林市,堤,0,0,0,0,0,0
45205,886  ,8860002,ミヤザキケン,コバヤシシ,ツルザコ,宮崎県,小林市,水流迫,0,0,0,0,0,0
45205,88602,8860211,ミヤザキケン,コバヤシシ,ノジリチョウカミヤ,宮崎県,小林市,野尻町紙屋,0,0,0,0,0,0
45205,88602,8860212,ミヤザキケン,コバヤシシ,ノジリチョウヒガシフモト,宮崎県,小林市,野尻町東麓,0,0,0,0,0,0
45205,88602,8860213,ミヤザキケン,コバヤシシ,ノジリチョウミカノヤマ,宮崎県,小林市,野尻町三ケ野山,0,0,0,0,0,0
45205,88601,8860101,ミヤザキケン,コバヤシシ,ヒガシカタ(5741、5871バンチ),宮崎県,小林市,東方（５７４１、５８７１番地）,1,0,0,0,0,0
45205,886  ,8860001,ミヤザキケン,コバヤシシ,ヒガシカタ(ソノタ),宮崎県,小林市,東方（その他）,1,0,0,0,0,0
45205,886  ,8860004,ミヤザキケン,コバヤシシ,ホソノ,宮崎県,小林市,細野,0,0,0,0,0,0
45205,886  ,8860008,ミヤザキケン,コバヤシシ,ホンマチ,宮崎県,小林市,本町,0,0,0,0,0,0
45205,886  ,8860007,ミヤザキケン,コバヤシシ,マガタ,宮崎県,小林市,真方,0,0,0,0,0,0
45205,886  ,8860005,ミヤザキケン,コバヤシシ,ミナミニシカタ,宮崎県,小林市,南西方,0,0,0,0,0,0
45206,883  ,8830000,ミヤザキケン,ヒュウガシ,イカニケイサイガナイバアイ,宮崎県,日向市,以下に掲載がない場合,0,0,0,0,0,0
45206,883  ,8830003,ミヤザキケン,ヒュウガシ,イセガハマ,宮崎県,日向市,伊勢ケ浜,0,0,0,0,0,0
45206,883  ,8830044,ミヤザキケン,ヒュウガシ,ウエマチ,宮崎県,日向市,上町,0,0,0,0,0,0
45206,883  ,8830012,ミヤザキケン,ヒュウガシ,エラチョウ,宮崎県,日向市,江良町,0,0,1,0,0,0
45206,883  ,8830053,ミヤザキケン,ヒュウガシ,カジキチョウ,宮崎県,日向市,梶木町,0,0,1,0,0,0
45206,883  ,8830066,ミヤザキケン,ヒュウガシ,カメザキ,宮崎県,日向市,亀崎,0,0,1,0,0,0
45206,883  ,8830068,ミヤザキケン,ヒュウガシ,カメザキニシ,宮崎県,日向市,亀崎西,0,0,1,0,0,0
45206,883  ,8830067,ミヤザキケン,ヒュウガシ,カメザキヒガシ,宮崎県,日向市,亀崎東,0,0,1,0,0,0
45206,883  ,8830041,ミヤザキケン,ヒュウガシ,キタマチ,宮崎県,日向市,北町,0,0,1,0,0,0
45206,883  ,8830038,ミヤザキケン,ヒュウガシ,ゲイヨウエン,宮崎県,日向市,迎洋園,0,0,1,0,0,0
45206,883  ,8830021,ミヤザキケン,ヒュウガシ,ザイコウジ,宮崎県,日向市,財光寺,0,0,0,0,0,0
45206,883  ,8830024,ミヤザキケン,ヒュウガシ,ザイコウジオウカンチョウ,宮崎県,日向市,財光寺往還町,0,0,0,0,0,0
45206,883  ,8830023,ミヤザキケン,ヒュウガシ,ザイコウジオキマチ,宮崎県,日向市,財光寺沖町,0,0,0,0,0,0
45206,88911,8891112,ミヤザキケン,ヒュウガシ,サイワキ,宮崎県,日向市,幸脇,0,0,0,0,0,0
45206,883  ,8830033,ミヤザキケン,ヒュウガシ,シオミ,宮崎県,日向市,塩見,0,0,0,0,0,0
45206,883  ,8830013,ミヤザキケン,ヒュウガシ,シンセイチョウ,宮崎県,日向市,新生町,0,0,1,0,0,0
45206,883  ,8830011,ミヤザキケン,ヒュウガシ,ソネチョウ,宮崎県,日向市,曽根町,0,0,1,0,0,0
45206,883  ,8830061,ミヤザキケン,ヒュウガシ,ダイオウチョウ,宮崎県,日向市,大王町,0,0,1,0,0,0
45206,883  ,8830042,ミヤザキケン,ヒュウガシ,タカサゴチョウ,宮崎県,日向市,高砂町,0,0,0,0,0,0
45206,883  ,8830063,ミヤザキケン,ヒュウガシ,タケシマチョウ,宮崎県,日向市,竹島町,0,0,0,0,0,0
45206,883  ,8830052,ミヤザキケン,ヒュウガシ,ツルマチ,宮崎県,日向市,鶴町,0,0,1,0,0,0
45206,88301,8830111,ミヤザキケン,ヒュウガシ,トウゴウチョウサコノウチ,宮崎県,日向市,東郷町迫野内,0,0,0,0,0,0
45206,88302,8830213,ミヤザキケン,ヒュウガシ,トウゴウチョウシモサンゲ,宮崎県,日向市,東郷町下三ケ,0,0,0,0,0,0
45206,88302,8830211,ミヤザキケン,ヒュウガシ,トウゴウチョウツボヤ,宮崎県,日向市,東郷町坪谷,0,0,0,0,0,0
45206,88301,8830108,ミヤザキケン,ヒュウガシ,トウゴウチョウハエバル,宮崎県,日向市,東郷町八重原,0,0,0,0,0,0
45206,88301,8830109,ミヤザキケン,ヒュウガシ,トウゴウチョウヤマゲ,宮崎県,日向市,東郷町山陰,0,0,0,0,0,0
45206,88911,8891101,ミヤザキケン,ヒュウガシ,トウゴウチョウヤマゲオツ(トリカワ),宮崎県,日向市,東郷町山陰乙（鳥川）,1,0,0,0,0,0
45206,88301,8830101,ミヤザキケン,ヒュウガシ,トウゴウチョウヤマゲオツ(ソノタ),宮崎県,日向市,東郷町山陰乙（その他）,1,0,0,0,0,0
45206,88301,8830105,ミヤザキケン,ヒュウガシ,トウゴウチョウヤマゲキ,宮崎県,日向市,東郷町山陰己,0,0,0,0,0,0
45206,88911,8891121,ミヤザキケン,ヒュウガシ,トウゴウチョウヤマゲコウ,宮崎県,日向市,東郷町山陰甲,0,0,0,0,0,0
45206,88301,8830107,ミヤザキケン,ヒュウガシ,トウゴウチョウヤマゲコウ,宮崎県,日向市,東郷町山陰庚,0,0,0,0,0,0
45206,88301,8830106,ミヤザキケン,ヒュウガシ,トウゴウチョウヤマゲシン,宮崎県,日向市,東郷町山陰辛,0,0,0,0,0,0
45206,88301,8830103,ミヤザキケン,ヒュウガシ,トウゴウチョウヤマゲテイ,宮崎県,日向市,東郷町山陰丁,0,0,0,0,0,0
45206,88301,8830102,ミヤザキケン,ヒュウガシ,トウゴウチョウヤマゲヘイ,宮崎県,日向市,東郷町山陰丙,0,0,0,0,0,0
45206,88301,8830104,ミヤザキケン,ヒュウガシ,トウゴウチョウヤマゲボ(513ノ1イナイ),宮崎県,日向市,東郷町山陰戊（５１３の１以内）,1,0,0,0,0,0
45206,88302,8830212,ミヤザキケン,ヒュウガシ,トウゴウチョウヤマゲボ(ソノタ),宮崎県,日向市,東郷町山陰戊（その他）,1,0,0,0,0,0
45206,883  ,8830034,ミヤザキケン,ヒュウガシ,トミタカ,宮崎県,日向市,富高,0,0,0,0,0,0
45206,883  ,8830005,ミヤザキケン,ヒュウガシ,ナカホリチョウ,宮崎県,日向市,中堀町,0,0,1,0,0,0
45206,883  ,8830046,ミヤザキケン,ヒュウガシ,ナカマチ,宮崎県,日向市,中町,0,0,0,0,0,0
45206,883  ,8830015,ミヤザキケン,ヒュウガシ,ナガエチョウ,宮崎県,日向市,永江町,0,0,1,0,0,0
45206,883  ,8830004,ミヤザキケン,ヒュウガシ,ハママチ,宮崎県,日向市,浜町,0,0,1,0,0,0
45206,883  ,8830014,ミヤザキケン,ヒュウガシ,ハラマチ,宮崎県,日向市,原町,0,0,1,0,0,0
45206,883  ,8830035,ミヤザキケン,ヒュウガシ,ハルハラチョウ,宮崎県,日向市,春原町,0,0,1,0,0,0
45206,883  ,8830062,ミヤザキケン,ヒュウガシ,ヒチヤ,宮崎県,日向市,日知屋,0,0,0,0,0,0
45206,883  ,8830064,ミヤザキケン,ヒュウガシ,ヒチヤフルタチョウ,宮崎県,日向市,日知屋古田町,0,0,0,0,0,0
45206,883  ,8830022,ミヤザキケン,ヒュウガシ,ヒライワ,宮崎県,日向市,平岩,0,0,0,0,0,0
45206,883  ,8830031,ミヤザキケン,ヒュウガシ,ヒラチョウ,宮崎県,日向市,比良町,0,0,1,0,0,0
45206,883  ,8830002,ミヤザキケン,ヒュウガシ,ヒラノチョウ,宮崎県,日向市,平野町,0,0,1,0,0,0
45206,883  ,8830037,ミヤザキケン,ヒュウガシ,フドウジ,宮崎県,日向市,不動寺,0,0,0,0,0,0
45206,883  ,8830065,ミヤザキケン,ヒュウガシ,フナバチョウ,宮崎県,日向市,船場町,0,0,0,0,0,0
45206,883  ,8830001,ミヤザキケン,ヒュウガシ,ホソシマ,宮崎県,日向市,細島,0,0,0,0,0,0
45206,883  ,8830045,ミヤザキケン,ヒュウガシ,ホンマチ,宮崎県,日向市,本町,0,0,0,0,0,0
45206,883  ,8830036,ミヤザキケン,ヒュウガシ,ミナミマチ,宮崎県,日向市,南町,0,0,0,0,0,0
45206,88911,8891111,ミヤザキケン,ヒュウガシ,ミミツチョウ,宮崎県,日向市,美々津町,0,0,0,0,0,0
45206,883  ,8830043,ミヤザキケン,ヒュウガシ,ミヤコマチ,宮崎県,日向市,都町,0,0,0,0,0,0
45206,883  ,8830051,ミヤザキケン,ヒュウガシ,ムカエチョウ,宮崎県,日向市,向江町,0,0,1,0,0,0
45206,883  ,8830032,ミヤザキケン,ヒュウガシ,ヤマシタチョウ,宮崎県,日向市,山下町,0,0,1,0,0,0
45206,883  ,8830006,ミヤザキケン,ヒュウガシ,ヤマテチョウ,宮崎県,日向市,山手町,0,0,0,0,0,0
45207,888  ,8880000,ミヤザキケン,クシマシ,イカニケイサイガナイバアイ,宮崎県,串間市,以下に掲載がない場合,0,0,0,0,0,0
45207,888  ,8880006,ミヤザキケン,クシマシ,アキヤマ,宮崎県,串間市,秋山,0,0,0,0,0,0
45207,88935,8893533,ミヤザキケン,クシマシ,イチウジ,宮崎県,串間市,一氏,0,0,0,0,0,0
45207,88933,8893311,ミヤザキケン,クシマシ,イチキ,宮崎県,串間市,市木,0,0,0,0,0,0
45207,88802,8880221,ミヤザキケン,クシマシ,オオノ,宮崎県,串間市,大納,0,0,0,0,0,0
45207,88935,8893532,ミヤザキケン,クシマシ,オオヒラ,宮崎県,串間市,大平,0,0,0,0,0,0
45207,88935,8893534,ミヤザキケン,クシマシ,オオヤドリ,宮崎県,串間市,大矢取,0,0,0,0,0,0
45207,888  ,8880005,ミヤザキケン,クシマシ,キタカタ,宮崎県,串間市,北方,0,0,0,0,0,0
45207,888  ,8880004,ミヤザキケン,クシマシ,クシマ,宮崎県,串間市,串間,0,0,0,0,0,0
45207,888  ,8880009,ミヤザキケン,クシマシ,サキダ,宮崎県,串間市,崎田,0,0,0,0,0,0
45207,888  ,8880002,ミヤザキケン,クシマシ,タカマツ,宮崎県,串間市,高松,0,0,0,0,0,0
45207,888  ,8880011,ミヤザキケン,クシマシ,テラザト,宮崎県,串間市,寺里,0,0,1,0,0,0
45207,88802,8880222,ミヤザキケン,クシマシ,トイ,宮崎県,串間市,都井,0,0,0,0,0,0
45207,88935,8893531,ミヤザキケン,クシマシ,ナル,宮崎県,串間市,奈留,0,0,0,0,0,0
45207,888  ,8880001,ミヤザキケン,クシマシ,ニシカタ,宮崎県,串間市,西方,0,0,0,0,0,0
45207,888  ,8880012,ミヤザキケン,クシマシ,ニシハマ,宮崎県,串間市,西浜,0,0,1,0,0,0
45207,888  ,8880003,ミヤザキケン,クシマシ,ヌクミ,宮崎県,串間市,奴久見,0,0,0,0,0,0
45207,888  ,8880013,ミヤザキケン,クシマシ,ヒガシマチ,宮崎県,串間市,東町,0,0,0,0,0,0
45207,888  ,8880008,ミヤザキケン,クシマシ,ホンジョウ,宮崎県,串間市,本城,0,0,0,0,0,0
45207,888  ,8880007,ミヤザキケン,クシマシ,ミナミカタ,宮崎県,串間市,南方,0,0,0,0,0,0
45208,881  ,8810000,ミヤザキケン,サイトシ,イカニケイサイガナイバアイ,宮崎県,西都市,以下に掲載がない場合,0,0,0,0,0,0
45208,881  ,8810031,ミヤザキケン,サイトシ,アサヒ,宮崎県,西都市,旭,0,0,1,0,0,0
45208,88101,8810111,ミヤザキケン,サイトシ,アラタケ,宮崎県,西都市,荒武,0,0,0,0,0,0
45208,881  ,8810011,ミヤザキケン,サイトシ,アリヨシチョウ,宮崎県,西都市,有吉町,0,0,1,0,0,0
45208,88101,8810106,ミヤザキケン,サイトシ,イワヅメ,宮崎県,西都市,岩爪,0,0,0,0,0,0
45208,881  ,8810001,ミヤザキケン,サイトシ,オカドミ,宮崎県,西都市,岡富,0,0,0,0,0,0
45208,881  ,8810012,ミヤザキケン,サイトシ,オノザキ,宮崎県,西都市,小野崎,0,0,1,0,0,0
45208,881  ,8810013,ミヤザキケン,サイトシ,オノザキチョウ,宮崎県,西都市,小野崎町,0,0,0,0,0,0
45208,88111,8811121,ミヤザキケン,サイトシ,オハエ,宮崎県,西都市,尾八重,0,0,0,0,0,0
45208,88101,8810103,ミヤザキケン,サイトシ,カゼ,宮崎県,西都市,加勢,0,0,0,0,0,0
45208,88111,8811122,ミヤザキケン,サイトシ,カタウチ,宮崎県,西都市,片内,0,0,0,0,0,0
45208,88101,8810104,ミヤザキケン,サイトシ,カノダ,宮崎県,西都市,鹿野田,0,0,0,0,0,0
45208,88112,8811231,ミヤザキケン,サイトシ,カミアゲ,宮崎県,西都市,上揚,0,0,0,0,0,0
45208,88101,8810115,ミヤザキケン,サイトシ,カミサンザイ,宮崎県,西都市,上三財,0,0,0,0,0,0
45208,881  ,8810021,ミヤザキケン,サイトシ,カミマチ,宮崎県,西都市,上町,0,0,1,0,0,0
45208,881  ,8810004,ミヤザキケン,サイトシ,キヨミズ,宮崎県,西都市,清水,0,0,0,0,0,0
45208,881  ,8810002,ミヤザキケン,サイトシ,クロウノ,宮崎県,西都市,黒生野,0,0,0,0,0,0
45208,88003,8800341,ミヤザキケン,サイトシ,ゲンノウジマ,宮崎県,西都市,現王島,0,0,0,0,0,0
45208,881  ,8810022,ミヤザキケン,サイトシ,サクラガワチョウ,宮崎県,西都市,桜川町,0,0,1,0,0,0
45208,88101,8810116,ミヤザキケン,サイトシ,サブカワ,宮崎県,西都市,寒川,0,0,0,0,0,0
45208,88101,8810113,ミヤザキケン,サイトシ,シモサンザイ,宮崎県,西都市,下三財,0,0,0,0,0,0
45208,881  ,8810014,ミヤザキケン,サイトシ,シモヅマ,宮崎県,西都市,下妻,0,0,0,0,0,0
45208,881  ,8810032,ミヤザキケン,サイトシ,シラウマチョウ,宮崎県,西都市,白馬町,0,0,0,0,0,0
45208,88112,8811232,ミヤザキケン,サイトシ,シロミ,宮崎県,西都市,銀鏡,0,0,0,0,0,0
45208,881  ,8810006,ミヤザキケン,サイトシ,シンマチ,宮崎県,西都市,新町,0,0,1,0,0,0
45208,881  ,8810015,ミヤザキケン,サイトシ,セイリョウチョウ,宮崎県,西都市,聖陵町,0,0,1,0,0,0
45208,881  ,8810037,ミヤザキケン,サイトシ,チャウスバル,宮崎県,西都市,茶臼原,0,0,0,0,0,0
45208,881  ,8810035,ミヤザキケン,サイトシ,チュウオウチョウ,宮崎県,西都市,中央町,0,0,1,0,0,0
45208,881  ,8810023,ミヤザキケン,サイトシ,ツキドノ,宮崎県,西都市,調殿,0,0,0,0,0,0
45208,881  ,8810033,ミヤザキケン,サイトシ,ツマ,宮崎県,西都市,妻,0,0,0,0,0,0
45208,881  ,8810034,ミヤザキケン,サイトシ,ツマチョウ,宮崎県,西都市,妻町,0,0,1,0,0,0
45208,881  ,8810036,ミヤザキケン,サイトシ,ツルサキチョウ,宮崎県,西都市,水流崎町,0,0,0,0,0,0
45208,881  ,8810025,ミヤザキケン,サイトシ,ドウジマル,宮崎県,西都市,童子丸,0,0,0,0,0,0
45208,88101,8810114,ミヤザキケン,サイトシ,トウダ,宮崎県,西都市,藤田,0,0,0,0,0,0
45208,88101,8810105,ミヤザキケン,サイトシ,トノコオリマチ,宮崎県,西都市,都於郡町,0,0,0,0,0,0
45208,88111,8811123,ミヤザキケン,サイトシ,ナカオ,宮崎県,西都市,中尾,0,0,0,0,0,0
45208,881  ,8810024,ミヤザキケン,サイトシ,ナカヅマ,宮崎県,西都市,中妻,0,0,1,0,0,0
45208,88112,8811233,ミヤザキケン,サイトシ,ハエ,宮崎県,西都市,八重,0,0,0,0,0,0
45208,88101,8810102,ミヤザキケン,サイトシ,ヘゴオリ,宮崎県,西都市,平郡,0,0,0,0,0,0
45208,881  ,8810026,ミヤザキケン,サイトシ,ホキタ,宮崎県,西都市,穂北,0,0,0,0,0,0
45208,881  ,8810003,ミヤザキケン,サイトシ,ミギマツ,宮崎県,西都市,右松,0,0,1,0,0,0
45208,881  ,8810027,ミヤザキケン,サイトシ,ミナミカタ,宮崎県,西都市,南方,0,0,0,0,0,0
45208,88101,8810101,ミヤザキケン,サイトシ,ミノウ,宮崎県,西都市,三納,0,0,0,0,0,0
45208,881  ,8810016,ミヤザキケン,サイトシ,ミフネチョウ,宮崎県,西都市,御舟町,0,0,1,0,0,0
45208,881  ,8810005,ミヤザキケン,サイトシ,ミヤケ,宮崎県,西都市,三宅,0,0,0,0,0,0
45208,88101,8810112,ミヤザキケン,サイトシ,ヤマダ,宮崎県,西都市,山田,0,0,0,0,0,0
45209,88943,8894300,ミヤザキケン,エビノシ,イカニケイサイガナイバアイ,宮崎県,えびの市,以下に掲載がない場合,0,0,0,0,0,0
45209,88943,8894303,ミヤザキケン,エビノシ,イケジマ,宮崎県,えびの市,池島,0,0,0,0,0,0
45209,88943,8894306,ミヤザキケン,エビノシ,イマニシ,宮崎県,えびの市,今西,0,0,0,0,0,0
45209,88941,8894162,ミヤザキケン,エビノシ,ウチタテ,宮崎県,えびの市,内竪,0,0,0,0,0,0
45209,88941,8894153,ミヤザキケン,エビノシ,ウラ,宮崎県,えびの市,浦,0,0,0,0,0,0
45209,88943,8894304,ミヤザキケン,エビノシ,ウワエ,宮崎県,えびの市,上江,0,0,0,0,0,0
45209,88942,8894243,ミヤザキケン,エビノシ,エノキダ,宮崎県,えびの市,榎田,0,0,0,0,0,0
45209,88943,8894314,ミヤザキケン,エビノシ,オオコウビラ,宮崎県,えびの市,大河平,0,0,0,0,0,0
45209,88941,8894161,ミヤザキケン,エビノシ,オカマツ,宮崎県,えびの市,岡松,0,0,0,0,0,0
45209,88942,8894222,ミヤザキケン,エビノシ,オダ,宮崎県,えびの市,小田,0,0,0,0,0,0
45209,88941,8894155,ミヤザキケン,エビノシ,カメサワ,宮崎県,えびの市,亀沢,0,0,0,0,0,0
45209,88942,8894221,ミヤザキケン,エビノシ,クリシタ,宮崎県,えびの市,栗下,0,0,0,0,0,0
45209,88942,8894241,ミヤザキケン,エビノシ,サイゴウ,宮崎県,えびの市,西郷,0,0,0,0,0,0
45209,88943,8894312,ミヤザキケン,エビノシ,サカモト,宮崎県,えびの市,坂元,0,0,0,0,0,0
45209,88941,8894152,ミヤザキケン,エビノシ,シマウチ,宮崎県,えびの市,島内,0,0,0,0,0,0
45209,88941,8894164,ミヤザキケン,エビノシ,ショウミョウジ,宮崎県,えびの市,昌明寺,0,0,0,0,0,0
45209,88943,8894302,ミヤザキケン,エビノシ,スエナガ,宮崎県,えびの市,末永,0,0,0,0,0,0
45209,88943,8894313,ミヤザキケン,エビノシ,スギズル,宮崎県,えびの市,杉水流,0,0,0,0,0,0
45209,88943,8894311,ミヤザキケン,エビノシ,ダイミョウジ,宮崎県,えびの市,大明司,0,0,0,0,0,0
45209,88941,8894163,ミヤザキケン,エビノシ,ツル,宮崎県,えびの市,水流,0,0,0,0,0,0
45209,88942,8894234,ミヤザキケン,エビノシ,ナガヤマ,宮崎県,えびの市,永山,0,0,0,0,0,0
45209,88941,8894165,ミヤザキケン,エビノシ,ニシカワキタ,宮崎県,えびの市,西川北,0,0,0,0,0,0
45209,88942,8894232,ミヤザキケン,エビノシ,ニシナガエウラ,宮崎県,えびの市,西長江浦,0,0,0,0,0,0
45209,88942,8894233,ミヤザキケン,エビノシ,ハイツカ,宮崎県,えびの市,灰塚,0,0,0,0,0,0
45209,88943,8894301,ミヤザキケン,エビノシ,ハラダ,宮崎県,えびの市,原田,0,0,0,0,0,0
45209,88942,8894244,ミヤザキケン,エビノシ,ヒガシカワキタ,宮崎県,えびの市,東川北,0,0,0,0,0,0
45209,88942,8894231,ミヤザキケン,エビノシ,ヒガシナガエウラ,宮崎県,えびの市,東長江浦,0,0,0,0,0,0
45209,88943,8894305,ミヤザキケン,エビノシ,マエダ,宮崎県,えびの市,前田,0,0,0,0,0,0
45209,88941,8894151,ミヤザキケン,エビノシ,ムカエ,宮崎県,えびの市,向江,0,0,0,0,0,0
45209,88941,8894154,ミヤザキケン,エビノシ,ヤナギズル,宮崎県,えびの市,柳水流,0,0,0,0,0,0
45209,88942,8894242,ミヤザキケン,エビノシ,ユダ,宮崎県,えびの市,湯田,0,0,0,0,0,0
45341,88919,8891900,ミヤザキケン,キタモロカタグンミマタチョウ,イカニケイサイガナイバアイ,宮崎県,北諸県郡三股町,以下に掲載がない場合,0,0,0,0,0,0
45341,88919,8891905,ミヤザキケン,キタモロカタグンミマタチョウ,イマイチ,宮崎県,北諸県郡三股町,今市,0,0,0,0,0,0
45341,88919,8891901,ミヤザキケン,キタモロカタグンミマタチョウ,カバヤマ,宮崎県,北諸県郡三股町,樺山,0,0,0,0,0,0
45341,88919,8891902,ミヤザキケン,キタモロカタグンミマタチョウ,ゴホンマツ,宮崎県,北諸県郡三股町,五本松,0,0,0,0,0,0
45341,88919,8891904,ミヤザキケン,キタモロカタグンミマタチョウ,シンババ,宮崎県,北諸県郡三股町,新馬場,0,0,0,0,0,0
45341,88919,8891914,ミヤザキケン,キタモロカタグンミマタチョウ,タデイケ,宮崎県,北諸県郡三股町,蓼池,0,0,0,0,0,0
45341,88919,8891906,ミヤザキケン,キタモロカタグンミマタチョウ,ナカバル,宮崎県,北諸県郡三股町,中原,0,0,0,0,0,0
45341,88919,8891911,ミヤザキケン,キタモロカタグンミマタチョウ,ナガタ,宮崎県,北諸県郡三股町,長田,0,0,0,0,0,0
45341,88919,8891907,ミヤザキケン,キタモロカタグンミマタチョウ,ハナミバル,宮崎県,北諸県郡三股町,花見原,0,0,0,0,0,0
45341,88919,8891903,ミヤザキケン,キタモロカタグンミマタチョウ,ヒエダ,宮崎県,北諸県郡三股町,稗田,0,0,0,0,0,0
45341,88919,8891912,ミヤザキケン,キタモロカタグンミマタチョウ,ミヤムラ,宮崎県,北諸県郡三股町,宮村,0,0,0,0,0,0
45341,88919,8891913,ミヤザキケン,キタモロカタグンミマタチョウ,モチバル,宮崎県,北諸県郡三股町,餅原,0,0,0,0,0,0
45361,88944,8894400,ミヤザキケン,ニシモロカタグンタカハルチョウ,イカニケイサイガナイバアイ,宮崎県,西諸県郡高原町,以下に掲載がない場合,0,0,0,0,0,0
45361,88944,8894413,ミヤザキケン,ニシモロカタグンタカハルチョウ,ウシロカワチ,宮崎県,西諸県郡高原町,後川内,0,0,0,0,0,0
45361,88944,8894414,ミヤザキケン,ニシモロカタグンタカハルチョウ,カマムタ,宮崎県,西諸県郡高原町,蒲牟田,0,0,0,0,0,0
45361,88944,8894412,ミヤザキケン,ニシモロカタグンタカハルチョウ,ニシフモト,宮崎県,西諸県郡高原町,西麓,0,0,0,0,0,0
45361,88944,8894411,ミヤザキケン,ニシモロカタグンタカハルチョウ,ヒロワラ,宮崎県,西諸県郡高原町,広原,0,0,0,0,0,0
45382,88011,8801100,ミヤザキケン,ヒガシモロカタグンクニトミチョウ,イカニケイサイガナイバアイ,宮崎県,東諸県郡国富町,以下に掲載がない場合,0,0,0,0,0,0
45382,88011,8801103,ミヤザキケン,ヒガシモロカタグンクニトミチョウ,アラシダ,宮崎県,東諸県郡国富町,嵐田,0,0,0,0,0,0
45382,88011,8801121,ミヤザキケン,ヒガシモロカタグンクニトミチョウ,イザオ(フキアゲ),宮崎県,東諸県郡国富町,伊左生（吹上）,1,0,0,0,0,0
45382,88012,8801221,ミヤザキケン,ヒガシモロカタグンクニトミチョウ,イザオ(ソノタ),宮崎県,東諸県郡国富町,伊左生（その他）,1,0,0,0,0,0
45382,88011,8801111,ミヤザキケン,ヒガシモロカタグンクニトミチョウ,イワチノ,宮崎県,東諸県郡国富町,岩知野,0,0,0,0,0,0
45382,88011,8801113,ミヤザキケン,ヒガシモロカタグンクニトミチョウ,キワキ,宮崎県,東諸県郡国富町,木脇,0,0,0,0,0,0
45382,88011,8801114,ミヤザキケン,ヒガシモロカタグンクニトミチョウ,サンミョウ,宮崎県,東諸県郡国富町,三名,0,0,0,0,0,0
45382,88011,8801108,ミヤザキケン,ヒガシモロカタグンクニトミチョウ,スシダ,宮崎県,東諸県郡国富町,須志田,0,0,0,0,0,0
45382,88011,8801107,ミヤザキケン,ヒガシモロカタグンクニトミチョウ,タケダ,宮崎県,東諸県郡国富町,竹田,0,0,0,0,0,0
45382,88011,8801104,ミヤザキケン,ヒガシモロカタグンクニトミチョウ,タジリ,宮崎県,東諸県郡国富町,田尻,0,0,0,0,0,0
45382,88011,8801112,ミヤザキケン,ヒガシモロカタグンクニトミチョウ,ツカバル,宮崎県,東諸県郡国富町,塚原,0,0,0,0,0,0
45382,88012,8801224,ミヤザキケン,ヒガシモロカタグンクニトミチョウ,フカドシ,宮崎県,東諸県郡国富町,深年,0,0,0,0,0,0
45382,88011,8801101,ミヤザキケン,ヒガシモロカタグンクニトミチョウ,ホンジョウ,宮崎県,東諸県郡国富町,本庄,0,0,0,0,0,0
45382,88011,8801102,ミヤザキケン,ヒガシモロカタグンクニトミチョウ,ミヤオウマル,宮崎県,東諸県郡国富町,宮王丸,0,0,0,0,0,0
45382,88011,8801105,ミヤザキケン,ヒガシモロカタグンクニトミチョウ,ムコウタカ,宮崎県,東諸県郡国富町,向高,0,0,0,0,0,0
45382,88011,8801106,ミヤザキケン,ヒガシモロカタグンクニトミチョウ,モリナガ,宮崎県,東諸県郡国富町,森永,0,0,0,0,0,0
45382,88012,8801222,ミヤザキケン,ヒガシモロカタグンクニトミチョウ,ヤツシロキタマタ,宮崎県,東諸県郡国富町,八代北俣,0,0,0,0,0,0
45382,88012,8801223,ミヤザキケン,ヒガシモロカタグンクニトミチョウ,ヤツシロミナミマタ,宮崎県,東諸県郡国富町,八代南俣,0,0,0,0,0,0
45383,88013,8801300,ミヤザキケン,ヒガシモロカタグンアヤチョウ,イカニケイサイガナイバアイ,宮崎県,東諸県郡綾町,以下に掲載がない場合,0,0,0,0,0,0
45383,88013,8801301,ミヤザキケン,ヒガシモロカタグンアヤチョウ,イリノ,宮崎県,東諸県郡綾町,入野,0,0,0,0,0,0
45383,88013,8801302,ミヤザキケン,ヒガシモロカタグンアヤチョウ,キタマタ,宮崎県,東諸県郡綾町,北俣,0,0,0,0,0,0
45383,88602,8860203,ミヤザキケン,ヒガシモロカタグンアヤチョウ,ミナミマタ(カマムタ),宮崎県,東諸県郡綾町,南俣（釜牟田）,1,0,0,0,0,0
45383,88013,8801303,ミヤザキケン,ヒガシモロカタグンアヤチョウ,ミナミマタ(ソノタ),宮崎県,東諸県郡綾町,南俣（その他）,1,0,0,0,0,0
45401,884  ,8840000,ミヤザキケン,コユグンタカナベチョウ,イカニケイサイガナイバアイ,宮崎県,児湯郡高鍋町,以下に掲載がない場合,0,0,0,0,0,0
45401,884  ,8840006,ミヤザキケン,コユグンタカナベチョウ,ウワエ,宮崎県,児湯郡高鍋町,上江,0,0,0,0,0,0
45401,884  ,8840004,ミヤザキケン,コユグンタカナベチョウ,カグチウラ,宮崎県,児湯郡高鍋町,蚊口浦,0,0,0,0,0,0
45401,884  ,8840002,ミヤザキケン,コユグンタカナベチョウ,キタタカナベ,宮崎県,児湯郡高鍋町,北高鍋,0,0,0,0,0,0
45401,884  ,8840001,ミヤザキケン,コユグンタカナベチョウ,タカナベマチ,宮崎県,児湯郡高鍋町,高鍋町,0,0,0,0,0,0
45401,884  ,8840003,ミヤザキケン,コユグンタカナベチョウ,ミナミタカナベ,宮崎県,児湯郡高鍋町,南高鍋,0,0,0,0,0,0
45401,884  ,8840005,ミヤザキケン,コユグンタカナベチョウ,モチダ,宮崎県,児湯郡高鍋町,持田,0,0,0,0,0,0
45402,88914,8891400,ミヤザキケン,コユグンシントミチョウ,イカニケイサイガナイバアイ,宮崎県,児湯郡新富町,以下に掲載がない場合,0,0,0,0,0,0
45402,88914,8891405,ミヤザキケン,コユグンシントミチョウ,イクラ,宮崎県,児湯郡新富町,伊倉,0,0,0,0,0,0
45402,88914,8891403,ミヤザキケン,コユグンシントミチョウ,カミトンダ,宮崎県,児湯郡新富町,上富田,0,0,0,0,0,0
45402,88914,8891404,ミヤザキケン,コユグンシントミチョウ,シモトンダ,宮崎県,児湯郡新富町,下富田,0,0,0,0,0,0
45402,88914,8891411,ミヤザキケン,コユグンシントミチョウ,トンダ,宮崎県,児湯郡新富町,富田,0,0,1,0,0,0
45402,88914,8891415,ミヤザキケン,コユグンシントミチョウ,トンダキタ,宮崎県,児湯郡新富町,富田北,0,0,1,0,0,0
45402,88914,8891412,ミヤザキケン,コユグンシントミチョウ,トンダヒガシ,宮崎県,児湯郡新富町,富田東,0,0,1,0,0,0
45402,88914,8891413,ミヤザキケン,コユグンシントミチョウ,トンダニシ,宮崎県,児湯郡新富町,富田西,0,0,1,0,0,0
45402,88914,8891414,ミヤザキケン,コユグンシントミチョウ,トンダミナミ,宮崎県,児湯郡新富町,富田南,0,0,1,0,0,0
45402,88914,8891406,ミヤザキケン,コユグンシントミチョウ,ニュウタ,宮崎県,児湯郡新富町,新田,0,0,0,0,0,0
45402,88914,8891401,ミヤザキケン,コユグンシントミチョウ,ヒオキ,宮崎県,児湯郡新富町,日置,0,0,0,0,0,0
45402,88914,8891402,ミヤザキケン,コユグンシントミチョウ,ミナシロ,宮崎県,児湯郡新富町,三納代,0,0,0,0,0,0
45403,88114,8811400,ミヤザキケン,コユグンニシメラソン,イカニケイサイガナイバアイ,宮崎県,児湯郡西米良村,以下に掲載がない場合,0,0,0,0,0,0
45403,88114,8811412,ミヤザキケン,コユグンニシメラソン,イタヤ,宮崎県,児湯郡西米良村,板谷,0,0,0,0,0,0
45403,88113,8811302,ミヤザキケン,コユグンニシメラソン,オガワ,宮崎県,児湯郡西米良村,小川,0,0,0,0,0,0
45403,88114,8811413,ミヤザキケン,コユグンニシメラソン,カンメラ,宮崎県,児湯郡西米良村,上米良,0,0,0,0,0,0
45403,88113,8811301,ミヤザキケン,コユグンニシメラソン,コシノオ,宮崎県,児湯郡西米良村,越野尾,0,0,0,0,0,0
45403,88114,8811414,ミヤザキケン,コユグンニシメラソン,タケワラ,宮崎県,児湯郡西米良村,竹原,0,0,0,0,0,0
45403,88114,8811411,ミヤザキケン,コユグンニシメラソン,ムラショ,宮崎県,児湯郡西米良村,村所,0,0,0,0,0,0
45403,88113,8811303,ミヤザキケン,コユグンニシメラソン,ヨコノ,宮崎県,児湯郡西米良村,横野,0,0,0,0,0,0
45404,88401,8840100,ミヤザキケン,コユグンキジョウチョウ,イカニケイサイガナイバアイ,宮崎県,児湯郡木城町,以下に掲載がない場合,0,0,0,0,0,0
45404,88401,8840104,ミヤザキケン,コユグンキジョウチョウ,イシカワウチ,宮崎県,児湯郡木城町,石河内,0,0,0,0,0,0
45404,88401,8840103,ミヤザキケン,コユグンキジョウチョウ,カワバル,宮崎県,児湯郡木城町,川原,0,0,0,0,0,0
45404,88401,8840102,ミヤザキケン,コユグンキジョウチョウ,シイノキ,宮崎県,児湯郡木城町,椎木,0,0,0,0,0,0
45404,88401,8840101,ミヤザキケン,コユグンキジョウチョウ,タカジョウ,宮崎県,児湯郡木城町,高城,0,0,0,0,0,0
45404,88401,8840105,ミヤザキケン,コユグンキジョウチョウ,ナカノマタ,宮崎県,児湯郡木城町,中之又,0,0,0,0,0,0
45405,88913,8891300,ミヤザキケン,コユグンカワミナミチョウ,イカニケイサイガナイバアイ,宮崎県,児湯郡川南町,以下に掲載がない場合,0,0,0,0,0,0
45405,88913,8891301,ミヤザキケン,コユグンカワミナミチョウ,カワミナミ,宮崎県,児湯郡川南町,川南,0,0,0,0,0,0
45405,88913,8891302,ミヤザキケン,コユグンカワミナミチョウ,ヘイダ,宮崎県,児湯郡川南町,平田,0,0,0,0,0,0
45406,88912,8891200,ミヤザキケン,コユグンツノチョウ,イカニケイサイガナイバアイ,宮崎県,児湯郡都農町,以下に掲載がない場合,0,0,0,0,0,0
45406,88912,8891201,ミヤザキケン,コユグンツノチョウ,カワキタ,宮崎県,児湯郡都農町,川北,0,0,0,0,0,0
45421,88906,8890600,ミヤザキケン,ヒガシウスキグンカドガワチョウ,イカニケイサイガナイバアイ,宮崎県,東臼杵郡門川町,以下に掲載がない場合,0,0,0,0,0,0
45421,88906,8890602,ミヤザキケン,ヒガシウスキグンカドガワチョウ,イオリガワ,宮崎県,東臼杵郡門川町,庵川,0,0,0,0,0,0
45421,88906,8890605,ミヤザキケン,ヒガシウスキグンカドガワチョウ,イオリガワニシ,宮崎県,東臼杵郡門川町,庵川西,0,0,0,0,0,0
45421,88906,8890603,ミヤザキケン,ヒガシウスキグンカドガワチョウ,カクサ,宮崎県,東臼杵郡門川町,加草,0,0,0,0,0,0
45421,88906,8890611,ミヤザキケン,ヒガシウスキグンカドガワチョウ,カドカワオズエ,宮崎県,東臼杵郡門川町,門川尾末,0,0,0,0,0,0
45421,88906,8890614,ミヤザキケン,ヒガシウスキグンカドガワチョウ,カミノマチ,宮崎県,東臼杵郡門川町,上町,0,0,1,0,0,0
45421,88906,8890604,ミヤザキケン,ヒガシウスキグンカドガワチョウ,カワチ,宮崎県,東臼杵郡門川町,川内,0,0,0,0,0,0
45421,88906,8890615,ミヤザキケン,ヒガシウスキグンカドガワチョウ,サカエガオカ,宮崎県,東臼杵郡門川町,栄ケ丘,0,0,1,0,0,0
45421,88906,8890624,ミヤザキケン,ヒガシウスキグンカドガワチョウ,ジョウガオカ,宮崎県,東臼杵郡門川町,城ケ丘,0,0,0,0,0,0
45421,88906,8890601,ミヤザキケン,ヒガシウスキグンカドガワチョウ,スガサキ,宮崎県,東臼杵郡門川町,須賀崎,0,0,1,0,0,0
45421,88906,8890612,ミヤザキケン,ヒガシウスキグンカドガワチョウ,ナカス,宮崎県,東臼杵郡門川町,中須,0,0,1,0,0,0
45421,88906,8890622,ミヤザキケン,ヒガシウスキグンカドガワチョウ,ニシサカエマチ,宮崎県,東臼杵郡門川町,西栄町,0,0,1,0,0,0
45421,88906,8890621,ミヤザキケン,ヒガシウスキグンカドガワチョウ,ヒガシサカエマチ,宮崎県,東臼杵郡門川町,東栄町,0,0,1,0,0,0
45421,88906,8890626,ミヤザキケン,ヒガシウスキグンカドガワチョウ,ヒラジョウニシ,宮崎県,東臼杵郡門川町,平城西,0,0,0,0,0,0
45421,88906,8890625,ミヤザキケン,ヒガシウスキグンカドガワチョウ,ヒラジョウヒガシ,宮崎県,東臼杵郡門川町,平城東,0,0,0,0,0,0
45421,88906,8890613,ミヤザキケン,ヒガシウスキグンカドガワチョウ,ホンマチ,宮崎県,東臼杵郡門川町,本町,0,0,1,0,0,0
45421,88906,8890617,ミヤザキケン,ヒガシウスキグンカドガワチョウ,ミナミガオカ,宮崎県,東臼杵郡門川町,南ケ丘,0,0,1,0,0,0
45421,88906,8890616,ミヤザキケン,ヒガシウスキグンカドガワチョウ,ミナミマチ,宮崎県,東臼杵郡門川町,南町,0,0,1,0,0,0
45421,88906,8890623,ミヤザキケン,ヒガシウスキグンカドガワチョウ,ミヤガハラ,宮崎県,東臼杵郡門川町,宮ケ原,0,0,1,0,0,0
45429,88313,8831300,ミヤザキケン,ヒガシウスキグンモロツカソン,イカニケイサイガナイバアイ,宮崎県,東臼杵郡諸塚村,以下に掲載がない場合,0,0,0,0,0,0
45429,88313,8831301,ミヤザキケン,ヒガシウスキグンモロツカソン,エシロ,宮崎県,東臼杵郡諸塚村,家代,0,0,0,0,0,0
45429,88314,8831402,ミヤザキケン,ヒガシウスキグンモロツカソン,ナナツヤマ(イイボシ、オバライ、カワウチ、タテイワ、ハエノヒラ、ホンムラ),宮崎県,東臼杵郡諸塚村,七ツ山（飯干、小原井、川内、立岩、八重の平、本村）,1,0,0,0,0,0
45429,88313,8831302,ミヤザキケン,ヒガシウスキグンモロツカソン,ナナツヤマ(ソノタ),宮崎県,東臼杵郡諸塚村,七ツ山（その他）,1,0,0,0,0,0
45430,88316,8831600,ミヤザキケン,ヒガシウスキグンシイバソン,イカニケイサイガナイバアイ,宮崎県,東臼杵郡椎葉村,以下に掲載がない場合,0,0,0,0,0,0
45430,88304,8830402,ミヤザキケン,ヒガシウスキグンシイバソン,オオカワウチ(1-1302バンチ),宮崎県,東臼杵郡椎葉村,大河内（１〜１３０２番地）,1,0,0,0,0,0
45430,88316,8831602,ミヤザキケン,ヒガシウスキグンシイバソン,オオカワウチ(ソノタ),宮崎県,東臼杵郡椎葉村,大河内（その他）,1,0,0,0,0,0
45430,88316,8831601,ミヤザキケン,ヒガシウスキグンシイバソン,シモフクラ,宮崎県,東臼杵郡椎葉村,下福良,0,0,0,0,0,0
45430,88316,8831603,ミヤザキケン,ヒガシウスキグンシイバソン,フドノ,宮崎県,東臼杵郡椎葉村,不土野,0,0,0,0,0,0
45430,88316,8831604,ミヤザキケン,ヒガシウスキグンシイバソン,マツオ,宮崎県,東臼杵郡椎葉村,松尾,0,0,0,0,0,0
45431,88311,8831100,ミヤザキケン,ヒガシウスキグンミサトチョウ,イカニケイサイガナイバアイ,宮崎県,東臼杵郡美郷町,以下に掲載がない場合,0,0,0,0,0,0
45431,88909,8890901,ミヤザキケン,ヒガシウスキグンミサトチョウ,キタゴウウナマ,宮崎県,東臼杵郡美郷町,北郷宇納間,0,0,0,0,0,0
45431,88909,8890903,ミヤザキケン,ヒガシウスキグンミサトチョウ,キタゴウクロギ,宮崎県,東臼杵郡美郷町,北郷黒木,0,0,0,0,0,0
45431,88909,8890902,ミヤザキケン,ヒガシウスキグンミサトチョウ,キタゴウニュウシタ,宮崎県,東臼杵郡美郷町,北郷入下,0,0,0,0,0,0
45431,88312,8831212,ミヤザキケン,ヒガシウスキグンミサトチョウ,サイゴウオバル,宮崎県,東臼杵郡美郷町,西郷小原,0,0,0,0,0,0
45431,88311,8831101,ミヤザキケン,ヒガシウスキグンミサトチョウ,サイゴウタシロ,宮崎県,東臼杵郡美郷町,西郷田代,0,0,0,0,0,0
45431,88311,8831102,ミヤザキケン,ヒガシウスキグンミサトチョウ,サイゴウタテイシ,宮崎県,東臼杵郡美郷町,西郷立石,0,0,0,0,0,0
45431,88312,8831211,ミヤザキケン,ヒガシウスキグンミサトチョウ,サイゴウヤマサンガ,宮崎県,東臼杵郡美郷町,西郷山三ヶ,0,0,0,0,0,0
45431,88303,8830303,ミヤザキケン,ヒガシウスキグンミサトチョウ,ナンゴウカミドガワ,宮崎県,東臼杵郡美郷町,南郷上渡川,0,0,0,0,0,0
45431,88303,8830304,ミヤザキケン,ヒガシウスキグンミサトチョウ,ナンゴウキジノ,宮崎県,東臼杵郡美郷町,南郷鬼神野,0,0,0,0,0,0
45431,88303,8830302,ミヤザキケン,ヒガシウスキグンミサトチョウ,ナンゴウナカドガワ,宮崎県,東臼杵郡美郷町,南郷中渡川,0,0,0,0,0,0
45431,88303,8830306,ミヤザキケン,ヒガシウスキグンミサトチョウ,ナンゴウミカド,宮崎県,東臼杵郡美郷町,南郷神門,0,0,0,0,0,0
45431,88303,8830301,ミヤザキケン,ヒガシウスキグンミサトチョウ,ナンゴウミズシダニ,宮崎県,東臼杵郡美郷町,南郷水清谷,0,0,0,0,0,0
45431,88303,8830305,ミヤザキケン,ヒガシウスキグンミサトチョウ,ナンゴウヤマサンガ,宮崎県,東臼杵郡美郷町,南郷山三ヶ,0,0,0,0,0,0
45441,88211,8821100,ミヤザキケン,ニシウスキグンタカチホチョウ,イカニケイサイガナイバアイ,宮崎県,西臼杵郡高千穂町,以下に掲載がない場合,0,0,0,0,0,0
45441,88216,8821621,ミヤザキケン,ニシウスキグンタカチホチョウ,イワト,宮崎県,西臼杵郡高千穂町,岩戸,0,0,0,0,0,0
45441,88211,8821102,ミヤザキケン,ニシウスキグンタカチホチョウ,オシカタ,宮崎県,西臼杵郡高千穂町,押方,0,0,0,0,0,0
45441,88216,8821622,ミヤザキケン,ニシウスキグンタカチホチョウ,カミイワト,宮崎県,西臼杵郡高千穂町,上岩戸,0,0,0,0,0,0
45441,88214,8821411,ミヤザキケン,ニシウスキグンタカチホチョウ,カミノ,宮崎県,西臼杵郡高千穂町,上野,0,0,0,0,0,0
45441,88214,8821414,ミヤザキケン,ニシウスキグンタカチホチョウ,カワチ,宮崎県,西臼杵郡高千穂町,河内,0,0,0,0,0,0
45441,88214,8821415,ミヤザキケン,ニシウスキグンタカチホチョウ,ゴカショ,宮崎県,西臼杵郡高千穂町,五ケ所,0,0,0,0,0,0
45441,88214,8821412,ミヤザキケン,ニシウスキグンタカチホチョウ,シモノ,宮崎県,西臼杵郡高千穂町,下野,0,0,0,0,0,0
45441,88214,8821413,ミヤザキケン,ニシウスキグンタカチホチョウ,タバル,宮崎県,西臼杵郡高千穂町,田原,0,0,0,0,0,0
45441,88211,8821101,ミヤザキケン,ニシウスキグンタカチホチョウ,ミタイ,宮崎県,西臼杵郡高千穂町,三田井,0,0,0,0,0,0
45441,88211,8821103,ミヤザキケン,ニシウスキグンタカチホチョウ,ムコウヤマ,宮崎県,西臼杵郡高千穂町,向山,0,0,0,0,0,0
45442,88204,8820400,ミヤザキケン,ニシウスキグンヒノカゲチョウ,イカニケイサイガナイバアイ,宮崎県,西臼杵郡日之影町,以下に掲載がない場合,0,0,0,0,0,0
45442,88203,8820302,ミヤザキケン,ニシウスキグンヒノカゲチョウ,イワイカワ(サカイノ),宮崎県,西臼杵郡日之影町,岩井川（境野）,1,0,0,0,0,0
45442,88204,8820402,ミヤザキケン,ニシウスキグンヒノカゲチョウ,イワイカワ(ソノタ),宮崎県,西臼杵郡日之影町,岩井川（その他）,1,0,0,0,0,0
45442,88203,8820301,ミヤザキケン,ニシウスキグンヒノカゲチョウ,ナナオリ(アゲ、カサド、カバギ、シシガワ、シンマチ、タキノウチ、ナカガワ、,宮崎県,西臼杵郡日之影町,七折（阿下、笠戸、椛木、鹿川、新町、滝ノ内、中川、,1,0,0,0,0,0
45442,88203,8820301,ミヤザキケン,ニシウスキグンヒノカゲチョウ,ニシノウチ、フネノオ、ヤト、ヤナザキ),宮崎県,西臼杵郡日之影町,西ノ内、舟ノ尾、八戸、簗崎）,1,0,0,0,0,0
45442,88204,8820401,ミヤザキケン,ニシウスキグンヒノカゲチョウ,ナナオリ(ソノタ),宮崎県,西臼杵郡日之影町,七折（その他）,1,0,0,0,0,0
45442,88204,8820403,ミヤザキケン,ニシウスキグンヒノカゲチョウ,ミタテ,宮崎県,西臼杵郡日之影町,見立,0,0,0,0,0,0
45442,88203,8820304,ミヤザキケン,ニシウスキグンヒノカゲチョウ,ワケジョウ,宮崎県,西臼杵郡日之影町,分城,0,0,0,0,0,0
45443,88212,8821200,ミヤザキケン,ニシウスキグンゴカセチョウ,イカニケイサイガナイバアイ,宮崎県,西臼杵郡五ヶ瀬町,以下に掲載がない場合,0,0,0,0,0,0
45443,88212,8821201,ミヤザキケン,ニシウスキグンゴカセチョウ,クラオカ,宮崎県,西臼杵郡五ヶ瀬町,鞍岡,0,0,0,0,0,0
45443,88212,8821202,ミヤザキケン,ニシウスキグンゴカセチョウ,クワノウチ,宮崎県,西臼杵郡五ヶ瀬町,桑野内,0,0,0,0,0,0
45443,88212,8821203,ミヤザキケン,ニシウスキグンゴカセチョウ,サンカショ,宮崎県,西臼杵郡五ヶ瀬町,三ヶ所,0,0,0,0,0,0
