47201,900  ,9000000,オキナワケン,ナハシ,イカニケイサイガナイバアイ,沖縄県,那覇市,以下に掲載がない場合,0,0,0,0,0,0
47201,90101,9010154,オキナワケン,ナハシ,アカミネ,沖縄県,那覇市,赤嶺,0,0,0,0,0,0
47201,900  ,9000002,オキナワケン,ナハシ,アケボノ,沖縄県,那覇市,曙,0,0,1,0,0,0
47201,902  ,9020067,オキナワケン,ナハシ,アサト,沖縄県,那覇市,安里,0,0,0,0,0,0
47201,900  ,9000029,オキナワケン,ナハシ,アサヒマチ,沖縄県,那覇市,旭町,0,0,0,0,0,0
47201,90101,9010143,オキナワケン,ナハシ,アシミネ,沖縄県,那覇市,安次嶺,0,0,0,0,0,0
47201,900  ,9000003,オキナワケン,ナハシ,アジャ,沖縄県,那覇市,安謝,0,0,0,0,0,0
47201,900  ,9000005,オキナワケン,ナハシ,アメク,沖縄県,那覇市,天久,0,0,0,0,0,0
47201,900  ,9000021,オキナワケン,ナハシ,イズミザキ,沖縄県,那覇市,泉崎,0,0,1,0,0,0
47201,900  ,9000011,オキナワケン,ナハシ,ウエノヤ,沖縄県,那覇市,上之屋,0,0,0,0,0,0
47201,90101,9010153,オキナワケン,ナハシ,ウエバル,沖縄県,那覇市,宇栄原,0,0,0,0,0,0
47201,902  ,9020073,オキナワケン,ナハシ,ウエマ,沖縄県,那覇市,上間,0,0,0,0,0,0
47201,900  ,9000026,オキナワケン,ナハシ,オオノヤマチョウ,沖縄県,那覇市,奥武山町,0,0,0,0,0,0
47201,90101,9010148,オキナワケン,ナハシ,オオミネ,沖縄県,那覇市,大嶺,0,0,0,0,0,0
47201,900  ,9000006,オキナワケン,ナハシ,オモロマチ,沖縄県,那覇市,おもろまち,0,0,1,0,0,0
47201,90101,9010152,オキナワケン,ナハシ,オロク,沖縄県,那覇市,小禄,0,0,0,0,0,0
47201,90101,9010142,オキナワケン,ナハシ,カガミズ,沖縄県,那覇市,鏡水,0,0,0,0,0,0
47201,900  ,9000028,オキナワケン,ナハシ,カキノハナチョウ,沖縄県,那覇市,垣花町,0,0,1,0,0,0
47201,90101,9010155,オキナワケン,ナハシ,カナグスク,沖縄県,那覇市,金城,0,0,0,0,0,0
47201,90101,9010151,オキナワケン,ナハシ,キョウハラチョウ,沖縄県,那覇市,鏡原町,0,0,0,0,0,0
47201,90101,9010146,オキナワケン,ナハシ,グシ,沖縄県,那覇市,具志,0,0,0,0,0,0
47201,900  ,9000033,オキナワケン,ナハシ,クメ,沖縄県,那覇市,久米,0,0,1,0,0,0
47201,900  ,9000015,オキナワケン,ナハシ,クモジ,沖縄県,那覇市,久茂地,0,0,1,0,0,0
47201,902  ,9020075,オキナワケン,ナハシ,コクバ,沖縄県,那覇市,国場,0,0,0,0,0,0
47201,900  ,9000024,オキナワケン,ナハシ,コハグラ,沖縄県,那覇市,古波蔵,0,0,1,0,0,0
47201,902  ,9020078,オキナワケン,ナハシ,シキナ,沖縄県,那覇市,識名,0,0,0,0,0,0
47201,903  ,9030813,オキナワケン,ナハシ,シュリアカタチョウ,沖縄県,那覇市,首里赤田町,0,0,1,0,0,0
47201,903  ,9030811,オキナワケン,ナハシ,シュリアカヒラチョウ,沖縄県,那覇市,首里赤平町,0,0,1,0,0,0
47201,903  ,9030824,オキナワケン,ナハシ,シュリイケハタチョウ,沖縄県,那覇市,首里池端町,0,0,0,0,0,0
47201,903  ,9030804,オキナワケン,ナハシ,シュリイシミネチョウ,沖縄県,那覇市,首里石嶺町,0,0,1,0,0,0
47201,903  ,9030823,オキナワケン,ナハシ,シュリオオナカチョウ,沖縄県,那覇市,首里大中町,0,0,1,0,0,0
47201,903  ,9030802,オキナワケン,ナハシ,シュリオオナチョウ,沖縄県,那覇市,首里大名町,0,0,1,0,0,0
47201,903  ,9030815,オキナワケン,ナハシ,シュリキンジョウチョウ,沖縄県,那覇市,首里金城町,0,0,1,0,0,0
47201,903  ,9030821,オキナワケン,ナハシ,シュリギボチョウ,沖縄県,那覇市,首里儀保町,0,0,1,0,0,0
47201,903  ,9030807,オキナワケン,ナハシ,シュリクバガワチョウ,沖縄県,那覇市,首里久場川町,0,0,1,0,0,0
47201,903  ,9030814,オキナワケン,ナハシ,シュリサキヤマチョウ,沖縄県,那覇市,首里崎山町,0,0,1,0,0,0
47201,903  ,9030826,オキナワケン,ナハシ,シュリサムカワチョウ,沖縄県,那覇市,首里寒川町,0,0,1,0,0,0
47201,903  ,9030801,オキナワケン,ナハシ,シュリスエヨシチョウ,沖縄県,那覇市,首里末吉町,0,0,1,0,0,0
47201,903  ,9030803,オキナワケン,ナハシ,シュリタイラチョウ,沖縄県,那覇市,首里平良町,0,0,1,0,0,0
47201,903  ,9030806,オキナワケン,ナハシ,シュリテラチョウ,沖縄県,那覇市,首里汀良町,0,0,1,0,0,0
47201,903  ,9030812,オキナワケン,ナハシ,シュリトウノクラチョウ,沖縄県,那覇市,首里当蔵町,0,0,1,0,0,0
47201,903  ,9030822,オキナワケン,ナハシ,シュリトウバルチョウ,沖縄県,那覇市,首里桃原町,0,0,1,0,0,0
47201,903  ,9030805,オキナワケン,ナハシ,シュリトリホリチョウ,沖縄県,那覇市,首里鳥堀町,0,0,1,0,0,0
47201,903  ,9030816,オキナワケン,ナハシ,シュリマワシチョウ,沖縄県,那覇市,首里真和志町,0,0,1,0,0,0
47201,903  ,9030825,オキナワケン,ナハシ,シュリヤマガワチョウ,沖縄県,那覇市,首里山川町,0,0,1,0,0,0
47201,90101,9010141,オキナワケン,ナハシ,スミヨシチョウ,沖縄県,那覇市,住吉町,0,0,1,0,0,0
47201,900  ,9000023,オキナワケン,ナハシ,ソベ,沖縄県,那覇市,楚辺,0,0,1,0,0,0
47201,902  ,9020066,オキナワケン,ナハシ,ダイドウ,沖縄県,那覇市,大道,0,0,0,0,0,0
47201,90101,9010145,オキナワケン,ナハシ,タカラ,沖縄県,那覇市,高良,0,0,0,0,0,0
47201,90101,9010156,オキナワケン,ナハシ,タバル,沖縄県,那覇市,田原,0,0,0,0,0,0
47201,900  ,9000037,オキナワケン,ナハシ,ツジ,沖縄県,那覇市,辻,0,0,1,0,0,0
47201,900  ,9000025,オキナワケン,ナハシ,ツボガワ,沖縄県,那覇市,壺川,0,0,1,0,0,0
47201,902  ,9020065,オキナワケン,ナハシ,ツボヤ,沖縄県,那覇市,壺屋,0,0,1,0,0,0
47201,90101,9010144,オキナワケン,ナハシ,トウマ,沖縄県,那覇市,当間,0,0,0,0,0,0
47201,900  ,9000012,オキナワケン,ナハシ,トマリ,沖縄県,那覇市,泊,0,0,1,0,0,0
47201,900  ,9000035,オキナワケン,ナハシ,トンドウチョウ,沖縄県,那覇市,通堂町,0,0,0,0,0,0
47201,902  ,9020074,オキナワケン,ナハシ,ナカイマ,沖縄県,那覇市,仲井真,0,0,0,0,0,0
47201,902  ,9020077,オキナワケン,ナハシ,ナガタ,沖縄県,那覇市,長田,0,0,1,0,0,0
47201,900  ,9000036,オキナワケン,ナハシ,ニシ,沖縄県,那覇市,西,0,0,1,0,0,0
47201,902  ,9020071,オキナワケン,ナハシ,ハンタガワ,沖縄県,那覇市,繁多川,0,0,1,0,0,0
47201,900  ,9000034,オキナワケン,ナハシ,ヒガシマチ,沖縄県,那覇市,東町,0,0,0,0,0,0
47201,900  ,9000022,オキナワケン,ナハシ,ヒガワ,沖縄県,那覇市,樋川,0,0,1,0,0,0
47201,902  ,9020061,オキナワケン,ナハシ,フルジマ,沖縄県,那覇市,古島,0,0,0,0,0,0
47201,902  ,9020072,オキナワケン,ナハシ,マアジ,沖縄県,那覇市,真地,0,0,0,0,0,0
47201,900  ,9000016,オキナワケン,ナハシ,マエジマ,沖縄県,那覇市,前島,0,0,1,0,0,0
47201,902  ,9020068,オキナワケン,ナハシ,マカビ,沖縄県,那覇市,真嘉比,0,0,1,0,0,0
47201,900  ,9000013,オキナワケン,ナハシ,マキシ,沖縄県,那覇市,牧志,0,0,1,0,0,0
47201,900  ,9000014,オキナワケン,ナハシ,マツオ,沖縄県,那覇市,松尾,0,0,1,0,0,0
47201,902  ,9020062,オキナワケン,ナハシ,マツガワ,沖縄県,那覇市,松川,0,0,0,0,0,0
47201,902  ,9020069,オキナワケン,ナハシ,マツシマ,沖縄県,那覇市,松島,0,0,1,0,0,0
47201,900  ,9000032,オキナワケン,ナハシ,マツヤマ,沖縄県,那覇市,松山,0,0,1,0,0,0
47201,900  ,9000001,オキナワケン,ナハシ,ミナトマチ,沖縄県,那覇市,港町,0,0,1,0,0,0
47201,902  ,9020063,オキナワケン,ナハシ,ミハラ,沖縄県,那覇市,三原,0,0,1,0,0,0
47201,90101,9010147,オキナワケン,ナハシ,ミヤグスク,沖縄県,那覇市,宮城,0,0,0,0,0,0
47201,900  ,9000004,オキナワケン,ナハシ,メカル,沖縄県,那覇市,銘苅,0,0,0,0,0,0
47201,900  ,9000027,オキナワケン,ナハシ,ヤマシタチョウ,沖縄県,那覇市,山下町,0,0,0,0,0,0
47201,902  ,9020076,オキナワケン,ナハシ,ヨギ,沖縄県,那覇市,与儀,0,0,0,0,0,0
47201,902  ,9020064,オキナワケン,ナハシ,ヨリミヤ,沖縄県,那覇市,寄宮,0,0,0,0,0,0
47201,900  ,9000031,オキナワケン,ナハシ,ワカサ,沖縄県,那覇市,若狭,0,0,1,0,0,0
47205,90122,9012200,オキナワケン,ギノワンシ,イカニケイサイガナイバアイ,沖縄県,宜野湾市,以下に掲載がない場合,0,0,0,0,0,0
47205,90122,9012206,オキナワケン,ギノワンシ,アイチ,沖縄県,宜野湾市,愛知,0,0,1,0,0,0
47205,90122,9012205,オキナワケン,ギノワンシ,アカミチ,沖縄県,宜野湾市,赤道,0,0,0,0,0,0
47205,90122,9012201,オキナワケン,ギノワンシ,アラグスク,沖縄県,宜野湾市,新城,0,0,0,0,0,0
47205,90122,9012221,オキナワケン,ギノワンシ,イサ,沖縄県,宜野湾市,伊佐,0,0,0,0,0,0
47205,90122,9012204,オキナワケン,ギノワンシ,ウエハラ,沖縄県,宜野湾市,上原,0,0,0,0,0,0
47205,90122,9012227,オキナワケン,ギノワンシ,ウチドマリ,沖縄県,宜野湾市,宇地泊,0,0,0,0,0,0
47205,90122,9012225,オキナワケン,ギノワンシ,オオジャナ,沖縄県,宜野湾市,大謝名,0,0,0,0,0,0
47205,90122,9012223,オキナワケン,ギノワンシ,オオヤマ,沖縄県,宜野湾市,大山,0,0,0,0,0,0
47205,90122,9012226,オキナワケン,ギノワンシ,カカズ,沖縄県,宜野湾市,嘉数,0,0,0,0,0,0
47205,90122,9012214,オキナワケン,ギノワンシ,ガネコ,沖縄県,宜野湾市,我如古,0,0,0,0,0,0
47205,90122,9012207,オキナワケン,ギノワンシ,カミヤマ,沖縄県,宜野湾市,神山,0,0,1,0,0,0
47205,90122,9012211,オキナワケン,ギノワンシ,ギノワン,沖縄県,宜野湾市,宜野湾,0,0,0,0,0,0
47205,90122,9012222,オキナワケン,ギノワンシ,キユウナ,沖縄県,宜野湾市,喜友名,0,0,1,0,0,0
47205,90122,9012216,オキナワケン,ギノワンシ,サマシタ,沖縄県,宜野湾市,佐真下,0,0,0,0,0,0
47205,90122,9012213,オキナワケン,ギノワンシ,シマシ,沖縄県,宜野湾市,志真志,0,0,0,0,0,0
47205,90122,9012212,オキナワケン,ギノワンシ,ナガタ,沖縄県,宜野湾市,長田,0,0,0,0,0,0
47205,90122,9012203,オキナワケン,ギノワンシ,ノダケ,沖縄県,宜野湾市,野嵩,0,0,0,0,0,0
47205,90122,9012202,オキナワケン,ギノワンシ,フテンマ,沖縄県,宜野湾市,普天間,0,0,1,0,0,0
47205,90122,9012215,オキナワケン,ギノワンシ,マエハラ,沖縄県,宜野湾市,真栄原,0,0,0,0,0,0
47205,90122,9012224,オキナワケン,ギノワンシ,マシキ,沖縄県,宜野湾市,真志喜,0,0,0,0,0,0
47207,907  ,9070000,オキナワケン,イシガキシ,イカニケイサイガナイバアイ,沖縄県,石垣市,以下に掲載がない場合,0,0,0,1,0,0
47207,907  ,9070024,オキナワケン,イシガキシ,アラカワ,沖縄県,石垣市,新川,0,0,0,0,0,0
47207,907  ,9070023,オキナワケン,イシガキシ,イシガキ,沖縄県,石垣市,石垣,0,0,0,0,0,0
47207,90703,9070332,オキナワケン,イシガキシ,イバルマ,沖縄県,石垣市,伊原間,0,0,0,0,0,0
47207,907  ,9070022,オキナワケン,イシガキシ,オオカワ,沖縄県,石垣市,大川,0,0,0,0,0,0
47207,907  ,9070001,オキナワケン,イシガキシ,オオハマ,沖縄県,石垣市,大浜,0,0,0,0,0,0
47207,90704,9070453,オキナワケン,イシガキシ,カビラ,沖縄県,石垣市,川平,0,0,0,0,0,0
47207,90704,9070452,オキナワケン,イシガキシ,サキエダ,沖縄県,石垣市,崎枝,0,0,0,0,0,0
47207,90702,9070242,オキナワケン,イシガキシ,シラホ,沖縄県,石垣市,白保,0,0,0,0,0,0
47207,907  ,9070014,オキナワケン,イシガキシ,シンエイチョウ,沖縄県,石垣市,新栄町,0,0,0,0,0,0
47207,90702,9070241,オキナワケン,イシガキシ,トウザト,沖縄県,石垣市,桃里,0,0,0,0,0,0
47207,907  ,9070004,オキナワケン,イシガキシ,トノシロ,沖縄県,石垣市,登野城,0,0,0,0,0,0
47207,907  ,9070021,オキナワケン,イシガキシ,ナグラ,沖縄県,石垣市,名蔵,0,0,0,0,0,0
47207,90703,9070333,オキナワケン,イシガキシ,ノソコ,沖縄県,石垣市,野底,0,0,0,0,0,0
47207,907  ,9070013,オキナワケン,イシガキシ,ハマサキチョウ,沖縄県,石垣市,浜崎町,0,0,1,0,0,0
47207,907  ,9070003,オキナワケン,イシガキシ,ヒラエ,沖縄県,石垣市,平得,0,0,0,0,0,0
47207,90703,9070331,オキナワケン,イシガキシ,ヒラクボ,沖縄県,石垣市,平久保,0,0,0,0,0,0
47207,90704,9070451,オキナワケン,イシガキシ,フカイ,沖縄県,石垣市,桴海,0,0,0,0,0,0
47207,907  ,9070002,オキナワケン,イシガキシ,マエザト,沖縄県,石垣市,真栄里,0,0,0,0,0,0
47207,907  ,9070012,オキナワケン,イシガキシ,ミサキチョウ,沖縄県,石垣市,美崎町,0,0,0,0,0,0
47207,90702,9070243,オキナワケン,イシガキシ,ミヤラ,沖縄県,石垣市,宮良,0,0,0,0,0,0
47207,90702,9070244,オキナワケン,イシガキシ,モリヤマ,沖縄県,石垣市,盛山,0,0,0,0,0,0
47207,907  ,9070011,オキナワケン,イシガキシ,ヤシマチョウ,沖縄県,石垣市,八島町,0,0,1,0,0,0
47208,90121,9012100,オキナワケン,ウラソエシ,イカニケイサイガナイバアイ,沖縄県,浦添市,以下に掲載がない場合,0,0,0,0,0,0
47208,90121,9012114,オキナワケン,ウラソエシ,アハチャ,沖縄県,浦添市,安波茶,0,0,0,0,0,0
47208,90121,9012132,オキナワケン,ウラソエシ,イソ,沖縄県,浦添市,伊祖,0,0,0,0,0,0
47208,90121,9012128,オキナワケン,ウラソエシ,イナンセ,沖縄県,浦添市,伊奈武瀬,0,0,1,0,0,0
47208,90121,9012123,オキナワケン,ウラソエシ,イリジマ,沖縄県,浦添市,西洲,0,0,1,0,0,0
47208,90121,9012121,オキナワケン,ウラソエシ,ウチマ,沖縄県,浦添市,内間,0,0,0,0,0,0
47208,90121,9012113,オキナワケン,ウラソエシ,オオヒラ,沖縄県,浦添市,大平,0,0,0,0,0,0
47208,90121,9012111,オキナワケン,ウラソエシ,キョウヅカ,沖縄県,浦添市,経塚,0,0,0,0,0,0
47208,90121,9012133,オキナワケン,ウラソエシ,グスクマ,沖縄県,浦添市,城間,0,0,0,0,0,0
47208,90121,9012124,オキナワケン,ウラソエシ,コワン,沖縄県,浦添市,小湾,0,0,0,0,0,0
47208,90121,9012122,オキナワケン,ウラソエシ,ジッチャク,沖縄県,浦添市,勢理客,0,0,0,0,0,0
47208,90121,9012112,オキナワケン,ウラソエシ,タクシ,沖縄県,浦添市,沢岻,0,0,0,0,0,0
47208,90121,9012104,オキナワケン,ウラソエシ,トウヤマ,沖縄県,浦添市,当山,0,0,0,0,0,0
47208,90121,9012103,オキナワケン,ウラソエシ,ナカマ,沖縄県,浦添市,仲間,0,0,0,0,0,0
47208,90121,9012125,オキナワケン,ウラソエシ,ナカニシ,沖縄県,浦添市,仲西,0,0,0,0,0,0
47208,90121,9012101,オキナワケン,ウラソエシ,ニシハラ,沖縄県,浦添市,西原,0,0,0,0,0,0
47208,90121,9012102,オキナワケン,ウラソエシ,マエダ,沖縄県,浦添市,前田,0,0,0,0,0,0
47208,90121,9012131,オキナワケン,ウラソエシ,マキミナト,沖縄県,浦添市,牧港,0,0,0,0,0,0
47208,90121,9012134,オキナワケン,ウラソエシ,ミナトガワ,沖縄県,浦添市,港川,0,0,0,0,0,0
47208,90121,9012126,オキナワケン,ウラソエシ,ミヤギ,沖縄県,浦添市,宮城,0,0,0,0,0,0
47208,90121,9012127,オキナワケン,ウラソエシ,ヤフソ,沖縄県,浦添市,屋富祖,0,0,0,0,0,0
47209,905  ,9050000,オキナワケン,ナゴシ,イカニケイサイガナイバアイ,沖縄県,名護市,以下に掲載がない場合,0,0,0,0,0,0
47209,905  ,9050021,オキナワケン,ナゴシ,アガリエ,沖縄県,名護市,東江,0,0,1,0,0,0
47209,905  ,9050003,オキナワケン,ナゴシ,アサヒカワ,沖縄県,名護市,旭川,0,0,0,0,0,0
47209,90522,9052263,オキナワケン,ナゴシ,アブ,沖縄県,名護市,安部,0,0,0,0,0,0
47209,905  ,9050001,オキナワケン,ナゴシ,アワ,沖縄県,名護市,安和,0,0,0,0,0,0
47209,90511,9051152,オキナワケン,ナゴシ,イサガワ,沖縄県,名護市,伊差川,0,0,0,0,0,0
47209,90511,9051142,オキナワケン,ナゴシ,イナミネ,沖縄県,名護市,稲嶺,0,0,0,0,0,0
47209,905  ,9050006,オキナワケン,ナゴシ,ウムサ,沖縄県,名護市,宇茂佐,0,0,0,0,0,0
47209,905  ,9050009,オキナワケン,ナゴシ,ウムサノモリ,沖縄県,名護市,宇茂佐の森,0,0,1,0,0,0
47209,90516,9051634,オキナワケン,ナゴシ,ウンテンバル,沖縄県,名護市,運天原,0,0,0,0,0,0
47209,90522,9052267,オキナワケン,ナゴシ,オオウラ,沖縄県,名護市,大浦,0,0,0,0,0,0
47209,90522,9052268,オキナワケン,ナゴシ,オオカワ,沖縄県,名護市,大川,0,0,0,0,0,0
47209,905  ,9050019,オキナワケン,ナゴシ,オオキタ,沖縄県,名護市,大北,0,0,1,0,0,0
47209,905  ,9050017,オキナワケン,ナゴシ,オオナカ,沖縄県,名護市,大中,0,0,1,0,0,0
47209,905  ,9050018,オキナワケン,ナゴシ,オオニシ,沖縄県,名護市,大西,0,0,1,0,0,0
47209,905  ,9050016,オキナワケン,ナゴシ,オオヒガシ,沖縄県,名護市,大東,0,0,1,0,0,0
47209,905  ,9050015,オキナワケン,ナゴシ,オオミナミ,沖縄県,名護市,大南,0,0,1,0,0,0
47209,90511,9051146,オキナワケン,ナゴシ,オヤカワ,沖縄県,名護市,親川,0,0,0,0,0,0
47209,905  ,9050002,オキナワケン,ナゴシ,カツヤマ,沖縄県,名護市,勝山,0,0,0,0,0,0
47209,90516,9051633,オキナワケン,ナゴシ,ガブ,沖縄県,名護市,我部,0,0,0,0,0,0
47209,90511,9051155,オキナワケン,ナゴシ,ガブソカ,沖縄県,名護市,我部祖河,0,0,0,0,0,0
47209,90522,9052262,オキナワケン,ナゴシ,カヨウ,沖縄県,名護市,嘉陽,0,0,0,0,0,0
47209,90511,9051145,オキナワケン,ナゴシ,カワカミ,沖縄県,名護市,川上,0,0,0,0,0,0
47209,905  ,9050026,オキナワケン,ナゴシ,キセ,沖縄県,名護市,喜瀬,0,0,0,0,0,0
47209,905  ,9050024,オキナワケン,ナゴシ,キョダ,沖縄県,名護市,許田,0,0,0,0,0,0
47209,90521,9052173,オキナワケン,ナゴシ,クシ,沖縄県,名護市,久志,0,0,0,0,0,0
47209,905  ,9050013,オキナワケン,ナゴシ,グスク,沖縄県,名護市,城,0,0,1,0,0,0
47209,90511,9051141,オキナワケン,ナゴシ,ゲンカ,沖縄県,名護市,源河,0,0,0,0,0,0
47209,905  ,9050025,オキナワケン,ナゴシ,コウキ,沖縄県,名護市,幸喜,0,0,0,0,0,0
47209,90511,9051154,オキナワケン,ナゴシ,ゴガ,沖縄県,名護市,呉我,0,0,0,0,0,0
47209,90511,9051156,オキナワケン,ナゴシ,コガチ,沖縄県,名護市,古我知,0,0,0,0,0,0
47209,905  ,9050023,オキナワケン,ナゴシ,スクタ,沖縄県,名護市,数久田,0,0,0,0,0,0
47209,90516,9051635,オキナワケン,ナゴシ,スムイデ,沖縄県,名護市,済井出,0,0,0,0,0,0
47209,90522,9052266,オキナワケン,ナゴシ,セダケ,沖縄県,名護市,瀬嵩,0,0,0,0,0,0
47209,90511,9051147,オキナワケン,ナゴシ,タイラ,沖縄県,名護市,田井等,0,0,0,0,0,0
47209,90522,9052265,オキナワケン,ナゴシ,テイマ,沖縄県,名護市,汀間,0,0,0,0,0,0
47209,90522,9052261,オキナワケン,ナゴシ,テニヤ,沖縄県,名護市,天仁屋,0,0,0,0,0,0
47209,90521,9052172,オキナワケン,ナゴシ,トヨハラ,沖縄県,名護市,豊原,0,0,0,0,0,0
47209,90511,9051153,オキナワケン,ナゴシ,ナカオ,沖縄県,名護市,仲尾,0,0,0,0,0,0
47209,90511,9051144,オキナワケン,ナゴシ,ナカオシ,沖縄県,名護市,仲尾次,0,0,0,0,0,0
47209,905  ,9050004,オキナワケン,ナゴシ,ナカヤマ,沖縄県,名護市,中山,0,0,0,0,0,0
47209,905  ,9050012,オキナワケン,ナゴシ,ナゴ,沖縄県,名護市,名護,0,0,0,0,0,0
47209,905  ,9050005,オキナワケン,ナゴシ,ビイマタ,沖縄県,名護市,為又,0,0,0,0,0,0
47209,90522,9052269,オキナワケン,ナゴシ,フタミ,沖縄県,名護市,二見,0,0,0,0,0,0
47209,90511,9051151,オキナワケン,ナゴシ,ブリケナ,沖縄県,名護市,振慶名,0,0,0,0,0,0
47209,90521,9052171,オキナワケン,ナゴシ,ヘノコ,沖縄県,名護市,辺野古,0,0,0,0,0,0
47209,90511,9051143,オキナワケン,ナゴシ,マキヤ,沖縄県,名護市,真喜屋,0,0,0,0,0,0
47209,905  ,9050014,オキナワケン,ナゴシ,ミナト,沖縄県,名護市,港,0,0,1,0,0,0
47209,90522,9052264,オキナワケン,ナゴシ,ミハラ,沖縄県,名護市,三原,0,0,0,0,0,0
47209,905  ,9050011,オキナワケン,ナゴシ,ミヤザト,沖縄県,名護市,宮里,0,0,1,0,0,0
47209,90516,9051631,オキナワケン,ナゴシ,ヤガ,沖縄県,名護市,屋我,0,0,0,0,0,0
47209,905  ,9050007,オキナワケン,ナゴシ,ヤブ,沖縄県,名護市,屋部,0,0,0,0,0,0
47209,905  ,9050008,オキナワケン,ナゴシ,ヤマノハ,沖縄県,名護市,山入端,0,0,0,0,0,0
47209,905  ,9050022,オキナワケン,ナゴシ,ヨフケ,沖縄県,名護市,世冨慶,0,0,0,0,0,0
47209,90516,9051632,オキナワケン,ナゴシ,ヨヘナ,沖縄県,名護市,饒平名,0,0,0,0,0,0
47210,90103,9010300,オキナワケン,イトマンシ,イカニケイサイガナイバアイ,沖縄県,糸満市,以下に掲載がない場合,0,0,0,0,0,0
47210,90103,9010301,オキナワケン,イトマンシ,アハゴン,沖縄県,糸満市,阿波根,0,0,0,0,0,0
47210,90103,9010323,オキナワケン,イトマンシ,アラカキ,沖縄県,糸満市,新垣,0,0,0,0,0,0
47210,90103,9010363,オキナワケン,イトマンシ,イシキ,沖縄県,糸満市,伊敷,0,0,0,0,0,0
47210,90103,9010342,オキナワケン,イトマンシ,イトス,沖縄県,糸満市,糸洲,0,0,0,0,0,0
47210,90103,9010361,オキナワケン,イトマンシ,イトマン,沖縄県,糸満市,糸満,0,0,0,0,0,0
47210,90103,9010344,オキナワケン,イトマンシ,イハラ,沖縄県,糸満市,伊原,0,0,0,0,0,0
47210,90103,9010332,オキナワケン,イトマンシ,ウエグスク,沖縄県,糸満市,宇江城,0,0,0,0,0,0
47210,90103,9010325,オキナワケン,イトマンシ,オオザト,沖縄県,糸満市,大里,0,0,0,0,0,0
47210,90103,9010334,オキナワケン,イトマンシ,オオド,沖縄県,糸満市,大度,0,0,0,0,0,0
47210,90103,9010313,オキナワケン,イトマンシ,カカズ,沖縄県,糸満市,賀数,0,0,0,0,0,0
47210,90103,9010303,オキナワケン,イトマンシ,カネグスク,沖縄県,糸満市,兼城,0,0,0,0,0,0
47210,90103,9010312,オキナワケン,イトマンシ,キタナミヒラ,沖縄県,糸満市,北波平,0,0,0,0,0,0
47210,90103,9010354,オキナワケン,イトマンシ,キャン,沖縄県,糸満市,喜屋武,0,0,0,0,0,0
47210,90103,9010324,オキナワケン,イトマンシ,クニヨシ,沖縄県,糸満市,国吉,0,0,0,0,0,0
47210,90103,9010341,オキナワケン,イトマンシ,コハグラ,沖縄県,糸満市,小波蔵,0,0,0,0,0,0
47210,90103,9010335,オキナワケン,イトマンシ,コメス,沖縄県,糸満市,米須,0,0,0,0,0,0
47210,90103,9010314,オキナワケン,イトマンシ,ザハ,沖縄県,糸満市,座波,0,0,0,0,0,0
47210,90103,9010364,オキナワケン,イトマンシ,シオザキチョウ,沖縄県,糸満市,潮崎町,0,0,1,0,0,0
47210,90103,9010302,オキナワケン,イトマンシ,シオヒラ,沖縄県,糸満市,潮平,0,0,0,0,0,0
47210,90103,9010311,オキナワケン,イトマンシ,タケトミ,沖縄県,糸満市,武富,0,0,0,0,0,0
47210,90103,9010353,オキナワケン,イトマンシ,ツカザト,沖縄県,糸満市,束里,0,0,0,0,0,0
47210,90103,9010315,オキナワケン,イトマンシ,テルヤ,沖縄県,糸満市,照屋,0,0,0,0,0,0
47210,90103,9010321,オキナワケン,イトマンシ,トヨハラ,沖縄県,糸満市,豊原,0,0,0,0,0,0
47210,90103,9010351,オキナワケン,イトマンシ,ナシロ,沖縄県,糸満市,名城,0,0,0,0,0,0
47210,90103,9010304,オキナワケン,イトマンシ,ニシカワチョウ,沖縄県,糸満市,西川町,0,0,0,0,0,0
47210,90103,9010305,オキナワケン,イトマンシ,ニシザキ,沖縄県,糸満市,西崎,0,0,1,0,0,0
47210,90103,9010306,オキナワケン,イトマンシ,ニシザキチョウ,沖縄県,糸満市,西崎町,0,0,1,0,0,0
47210,90103,9010345,オキナワケン,イトマンシ,フクジ,沖縄県,糸満市,福地,0,0,0,0,0,0
47210,90103,9010362,オキナワケン,イトマンシ,マエザト,沖縄県,糸満市,真栄里,0,0,0,0,0,0
47210,90103,9010331,オキナワケン,イトマンシ,マエヒラ,沖縄県,糸満市,真栄平,0,0,0,0,0,0
47210,90103,9010336,オキナワケン,イトマンシ,マカベ,沖縄県,糸満市,真壁,0,0,0,0,0,0
47210,90103,9010333,オキナワケン,イトマンシ,マブニ,沖縄県,糸満市,摩文仁,0,0,0,0,0,0
47210,90103,9010343,オキナワケン,イトマンシ,ミナミナミヒラ,沖縄県,糸満市,南波平,0,0,0,0,0,0
47210,90103,9010352,オキナワケン,イトマンシ,ヤマグスク,沖縄県,糸満市,山城,0,0,0,0,0,0
47210,90103,9010322,オキナワケン,イトマンシ,ヨザ,沖縄県,糸満市,与座,0,0,0,0,0,0
47211,904  ,9040000,オキナワケン,オキナワシ,イカニケイサイガナイバアイ,沖縄県,沖縄市,以下に掲載がない場合,0,0,0,0,0,0
47211,90421,9042152,オキナワケン,オキナワシ,アケミチ,沖縄県,沖縄市,明道,0,0,1,0,0,0
47211,904  ,9040012,オキナワケン,オキナワシ,アゲダ,沖縄県,沖縄市,安慶田,0,0,0,0,0,0
47211,90421,9042172,オキナワケン,オキナワシ,アワセ,沖縄県,沖縄市,泡瀬,0,0,0,0,0,0
47211,90421,9042141,オキナワケン,オキナワシ,イケハラ,沖縄県,沖縄市,池原,0,0,0,0,0,0
47211,904  ,9040031,オキナワケン,オキナワシ,ウエチ,沖縄県,沖縄市,上地,0,0,0,0,0,0
47211,90421,9042163,オキナワケン,オキナワシ,オオザト,沖縄県,沖縄市,大里,0,0,0,0,0,0
47211,90421,9042162,オキナワケン,オキナワシ,カイホウ,沖縄県,沖縄市,海邦,0,0,1,1,0,0
47211,90421,9042162,オキナワケン,オキナワシ,カイホウチョウ,沖縄県,沖縄市,海邦町,0,0,0,1,0,0
47211,904  ,9040005,オキナワケン,オキナワシ,カマラ,沖縄県,沖縄市,嘉間良,0,0,0,0,0,0
47211,904  ,9040023,オキナワケン,オキナワシ,クボタ,沖縄県,沖縄市,久保田,0,0,1,0,0,0
47211,90421,9042145,オキナワケン,オキナワシ,クラシキ,沖縄県,沖縄市,倉敷,0,0,0,0,0,0
47211,90421,9042161,オキナワケン,オキナワシ,コジャ,沖縄県,沖縄市,古謝,0,0,1,0,0,0
47211,90421,9042166,オキナワケン,オキナワシ,コジャツカザンチョウ,沖縄県,沖縄市,古謝津嘉山町,0,0,0,0,0,0
47211,904  ,9040001,オキナワケン,オキナワシ,ゴエク,沖縄県,沖縄市,越来,0,0,0,0,0,0
47211,904  ,9040021,オキナワケン,オキナワシ,ゴヤ,沖縄県,沖縄市,胡屋,0,0,0,0,0,0
47211,90421,9042144,オキナワケン,オキナワシ,シラカワ,沖縄県,沖縄市,白川,0,0,0,0,0,0
47211,904  ,9040002,オキナワケン,オキナワシ,シロマエチョウ,沖縄県,沖縄市,城前町,0,0,0,0,0,0
47211,904  ,9040003,オキナワケン,オキナワシ,スミヨシ,沖縄県,沖縄市,住吉,0,0,1,0,0,0
47211,904  ,9040022,オキナワケン,オキナワシ,ソノダ,沖縄県,沖縄市,園田,0,0,1,0,0,0
47211,90421,9042171,オキナワケン,オキナワシ,タカハラ,沖縄県,沖縄市,高原,0,0,0,0,0,0
47211,90421,9042143,オキナワケン,オキナワシ,チバナ,沖縄県,沖縄市,知花,0,0,0,0,0,0
47211,904  ,9040004,オキナワケン,オキナワシ,チュウオウ,沖縄県,沖縄市,中央,0,0,1,0,0,0
47211,904  ,9040011,オキナワケン,オキナワシ,テルヤ,沖縄県,沖縄市,照屋,0,0,0,0,0,0
47211,90421,9042164,オキナワケン,オキナワシ,トウバル,沖縄県,沖縄市,桃原,0,0,0,0,0,0
47211,904  ,9040014,オキナワケン,オキナワシ,ナカソネチョウ,沖縄県,沖縄市,仲宗根町,0,0,0,0,0,0
47211,90421,9042142,オキナワケン,オキナワシ,ノボリカワ,沖縄県,沖縄市,登川,0,0,0,0,0,0
47211,90421,9042154,オキナワケン,オキナワシ,ヒガシ,沖縄県,沖縄市,東,0,0,1,0,0,0
47211,90421,9042173,オキナワケン,オキナワシ,ヒヤゴン,沖縄県,沖縄市,比屋根,0,0,0,0,0,0
47211,90421,9042151,オキナワケン,オキナワシ,マツモト,沖縄県,沖縄市,松本,0,0,1,0,0,0
47211,90421,9042153,オキナワケン,オキナワシ,ミサト,沖縄県,沖縄市,美里,0,0,1,0,0,0
47211,90421,9042156,オキナワケン,オキナワシ,ミサトナカハラチョウ,沖縄県,沖縄市,美里仲原町,0,0,0,0,0,0
47211,904  ,9040035,オキナワケン,オキナワシ,ミナミトウバル,沖縄県,沖縄市,南桃原,0,0,1,0,0,0
47211,90421,9042155,オキナワケン,オキナワシ,ミハラ,沖縄県,沖縄市,美原,0,0,1,0,0,0
47211,90421,9042165,オキナワケン,オキナワシ,ミヤザト,沖縄県,沖縄市,宮里,0,0,0,0,0,0
47211,904  ,9040013,オキナワケン,オキナワシ,ムロカワ,沖縄県,沖縄市,室川,0,0,1,0,0,0
47211,904  ,9040032,オキナワケン,オキナワシ,モロミザト,沖縄県,沖縄市,諸見里,0,0,0,0,0,0
47211,904  ,9040006,オキナワケン,オキナワシ,ヤエシマ,沖縄県,沖縄市,八重島,0,0,1,0,0,0
47211,904  ,9040034,オキナワケン,オキナワシ,ヤマウチ,沖縄県,沖縄市,山内,0,0,0,0,0,0
47211,904  ,9040033,オキナワケン,オキナワシ,ヤマザト,沖縄県,沖縄市,山里,0,0,0,0,0,0
47211,90421,9042174,オキナワケン,オキナワシ,ヨギ,沖縄県,沖縄市,与儀,0,0,0,0,0,0
47212,90102,9010200,オキナワケン,トミグスクシ,イカニケイサイガナイバアイ,沖縄県,豊見城市,以下に掲載がない場合,0,0,0,0,0,0
47212,90102,9010232,オキナワケン,トミグスクシ,イラハ,沖縄県,豊見城市,伊良波,0,0,0,0,0,0
47212,90102,9010243,オキナワケン,トミグスクシ,ウエタ,沖縄県,豊見城市,上田,0,0,0,0,0,0
47212,90102,9010223,オキナワケン,トミグスクシ,オナガ,沖縄県,豊見城市,翁長,0,0,0,0,0,0
47212,90102,9010202,オキナワケン,トミグスクシ,カカズ,沖縄県,豊見城市,嘉数,0,0,0,0,0,0
47212,90102,9010231,オキナワケン,トミグスクシ,ガナハ,沖縄県,豊見城市,我那覇,0,0,0,0,0,0
47212,90102,9010204,オキナワケン,トミグスクシ,カネラ,沖縄県,豊見城市,金良,0,0,0,0,0,0
47212,90102,9010244,オキナワケン,トミグスクシ,ギボ,沖縄県,豊見城市,宜保,0,0,0,0,0,0
47212,90102,9010221,オキナワケン,トミグスクシ,ザヤス,沖縄県,豊見城市,座安,0,0,0,0,0,0
47212,90102,9010233,オキナワケン,トミグスクシ,セナガ,沖縄県,豊見城市,瀬長,0,0,0,0,0,0
47212,90102,9010212,オキナワケン,トミグスクシ,タイラ,沖縄県,豊見城市,平良,0,0,0,0,0,0
47212,90102,9010213,オキナワケン,トミグスクシ,タカミネ,沖縄県,豊見城市,高嶺,0,0,0,0,0,0
47212,90102,9010242,オキナワケン,トミグスクシ,タカヤス,沖縄県,豊見城市,高安,0,0,0,0,0,0
47212,90102,9010234,オキナワケン,トミグスクシ,タガミ,沖縄県,豊見城市,田頭,0,0,0,0,0,0
47212,90102,9010215,オキナワケン,トミグスクシ,トカシキ,沖縄県,豊見城市,渡嘉敷,0,0,0,0,0,0
47212,90102,9010222,オキナワケン,トミグスクシ,トハシナ,沖縄県,豊見城市,渡橋名,0,0,0,0,0,0
47212,90102,9010241,オキナワケン,トミグスクシ,トミグスク,沖縄県,豊見城市,豊見城,0,0,0,0,0,0
47212,90102,9010225,オキナワケン,トミグスクシ,トヨサキ,沖縄県,豊見城市,豊崎,0,0,0,0,0,0
47212,90102,9010235,オキナワケン,トミグスクシ,ナカチ,沖縄県,豊見城市,名嘉地,0,0,0,0,0,0
47212,90102,9010203,オキナワケン,トミグスクシ,ナガドウ,沖縄県,豊見城市,長堂,0,0,0,0,0,0
47212,90102,9010205,オキナワケン,トミグスクシ,ネサブ,沖縄県,豊見城市,根差部,0,0,0,0,0,0
47212,90102,9010211,オキナワケン,トミグスクシ,ノハ,沖縄県,豊見城市,饒波,0,0,0,0,0,0
47212,90102,9010214,オキナワケン,トミグスクシ,ビン,沖縄県,豊見城市,保栄茂,0,0,0,0,0,0
47212,90102,9010201,オキナワケン,トミグスクシ,マダンバシ,沖縄県,豊見城市,真玉橋,0,0,0,0,0,0
47212,90102,9010224,オキナワケン,トミグスクシ,ヨネ,沖縄県,豊見城市,与根,0,0,0,0,0,0
47213,90422,9042200,オキナワケン,ウルマシ,イカニケイサイガナイバアイ,沖縄県,うるま市,以下に掲載がない場合,0,0,0,0,0,0
47213,90422,9042212,オキナワケン,ウルマシ,アカノ,沖縄県,うるま市,赤野,0,0,0,0,0,0
47213,90422,9042245,オキナワケン,ウルマシ,アカミチ,沖縄県,うるま市,赤道,0,0,0,0,0,0
47213,90422,9042214,オキナワケン,ウルマシ,アゲナ,沖縄県,うるま市,安慶名,0,0,0,0,0,0
47213,90411,9041106,オキナワケン,ウルマシ,イシカワ,沖縄県,うるま市,石川,0,0,0,0,0,0
47213,90411,9041103,オキナワケン,ウルマシ,イシカワアカサキ,沖縄県,うるま市,石川赤崎,0,0,0,0,0,0
47213,90411,9041102,オキナワケン,ウルマシ,イシカワアガリヤマ,沖縄県,うるま市,石川東山,0,0,1,0,0,0
47213,90411,9041101,オキナワケン,ウルマシ,イシカワアガリヤマモトマチ,沖縄県,うるま市,石川東山本町,0,0,1,0,0,0
47213,90411,9041107,オキナワケン,ウルマシ,イシカワアケボノ,沖縄県,うるま市,石川曙,0,0,1,0,0,0
47213,90411,9041104,オキナワケン,ウルマシ,イシカワイシザキ,沖縄県,うるま市,石川石崎,0,0,1,0,0,0
47213,90411,9041115,オキナワケン,ウルマシ,イシカワイハ,沖縄県,うるま市,石川伊波,0,0,0,0,0,0
47213,90411,9041114,オキナワケン,ウルマシ,イシカワカデカル,沖縄県,うるま市,石川嘉手苅,0,0,0,0,0,0
47213,90411,9041105,オキナワケン,ウルマシ,イシカワシラハマ,沖縄県,うるま市,石川白浜,0,0,1,0,0,0
47213,90411,9041112,オキナワケン,ウルマシ,イシカワソナン,沖縄県,うるま市,石川楚南,0,0,0,0,0,0
47213,90411,9041111,オキナワケン,ウルマシ,イシカワヒガシオンナ,沖縄県,うるま市,石川東恩納,0,0,0,0,0,0
47213,90411,9041108,オキナワケン,ウルマシ,イシカワヒガシオンナザキ,沖縄県,うるま市,石川東恩納崎,0,0,0,0,0,0
47213,90411,9041113,オキナワケン,ウルマシ,イシカワヤマシロ,沖縄県,うるま市,石川山城,0,0,0,0,0,0
47213,90422,9042204,オキナワケン,ウルマシ,イリバル,沖縄県,うるま市,西原,0,0,0,0,0,0
47213,90422,9042222,オキナワケン,ウルマシ,ウエズ,沖縄県,うるま市,上江洲,0,0,0,0,0,0
47213,90422,9042211,オキナワケン,ウルマシ,ウケン,沖縄県,うるま市,宇堅,0,0,0,0,0,0
47213,90422,9042244,オキナワケン,ウルマシ,エス,沖縄県,うるま市,江洲,0,0,0,0,0,0
47213,90422,9042205,オキナワケン,ウルマシ,エノビ,沖縄県,うるま市,栄野比,0,0,0,0,0,0
47213,90422,9042224,オキナワケン,ウルマシ,オオタ,沖縄県,うるま市,大田,0,0,0,0,0,0
47213,90423,9042313,オキナワケン,ウルマシ,カツレンウチマ,沖縄県,うるま市,勝連内間,0,0,0,0,0,0
47213,90423,9042317,オキナワケン,ウルマシ,カツレンツケン,沖縄県,うるま市,勝連津堅,0,0,0,0,0,0
47213,90423,9042311,オキナワケン,ウルマシ,カツレンハエバル,沖縄県,うるま市,勝連南風原,0,0,0,0,0,0
47213,90423,9042315,オキナワケン,ウルマシ,カツレンハマ,沖縄県,うるま市,勝連浜,0,0,0,0,0,0
47213,90423,9042316,オキナワケン,ウルマシ,カツレンヒガ,沖縄県,うるま市,勝連比嘉,0,0,0,0,0,0
47213,90423,9042314,オキナワケン,ウルマシ,カツレンヘシキヤ,沖縄県,うるま市,勝連平敷屋,0,0,0,0,0,0
47213,90423,9042312,オキナワケン,ウルマシ,カツレンヘンナ,沖縄県,うるま市,勝連平安名,0,0,0,0,0,0
47213,90422,9042241,オキナワケン,ウルマシ,カネカダン,沖縄県,うるま市,兼箇段,0,0,0,0,0,0
47213,90422,9042203,オキナワケン,ウルマシ,カワサキ,沖縄県,うるま市,川崎,0,0,0,0,0,0
47213,90422,9042232,オキナワケン,ウルマシ,カワタ,沖縄県,うるま市,川田,0,0,0,0,0,0
47213,90422,9042236,オキナワケン,ウルマシ,キナカ,沖縄県,うるま市,喜仲,0,0,1,0,0,0
47213,90422,9042225,オキナワケン,ウルマシ,キャン,沖縄県,うるま市,喜屋武,0,0,0,0,0,0
47213,90422,9042223,オキナワケン,ウルマシ,グシカワ,沖縄県,うるま市,具志川,0,0,0,0,0,0
47213,90422,9042201,オキナワケン,ウルマシ,コンブ,沖縄県,うるま市,昆布,0,0,0,0,0,0
47213,90422,9042231,オキナワケン,ウルマシ,シオヤ,沖縄県,うるま市,塩屋,0,0,0,0,0,0
47213,90422,9042234,オキナワケン,ウルマシ,スザキ,沖縄県,うるま市,州崎,0,0,0,0,0,0
47213,90422,9042221,オキナワケン,ウルマシ,タイラガワ,沖縄県,うるま市,平良川,0,0,0,0,0,0
47213,90422,9042242,オキナワケン,ウルマシ,タカエス,沖縄県,うるま市,高江洲,0,0,0,0,0,0
47213,90422,9042213,オキナワケン,ウルマシ,タバ,沖縄県,うるま市,田場,0,0,0,0,0,0
47213,90422,9042202,オキナワケン,ウルマシ,テンガン,沖縄県,うるま市,天願,0,0,0,0,0,0
47213,90422,9042233,オキナワケン,ウルマシ,トヨハラ,沖縄県,うるま市,豊原,0,0,0,0,0,0
47213,90422,9042226,オキナワケン,ウルマシ,ナカミネ,沖縄県,うるま市,仲嶺,0,0,0,0,0,0
47213,90422,9042235,オキナワケン,ウルマシ,マエハラ,沖縄県,うるま市,前原,0,0,0,0,0,0
47213,90422,9042215,オキナワケン,ウルマシ,ミドリマチ,沖縄県,うるま市,みどり町,0,0,1,0,0,0
47213,90422,9042243,オキナワケン,ウルマシ,ミヤザト,沖縄県,うるま市,宮里,0,0,0,0,0,0
47213,90423,9042303,オキナワケン,ウルマシ,ヨナシロ,沖縄県,うるま市,与那城,0,0,0,0,0,0
47213,90423,9042306,オキナワケン,ウルマシ,ヨナシロアセリ,沖縄県,うるま市,与那城安勢理,0,0,0,0,0,0
47213,90424,9042421,オキナワケン,ウルマシ,ヨナシロイケイ,沖縄県,うるま市,与那城伊計,0,0,0,0,0,0
47213,90424,9042422,オキナワケン,ウルマシ,ヨナシロイケミ,沖縄県,うるま市,与那城池味,0,0,0,0,0,0
47213,90424,9042424,オキナワケン,ウルマシ,ヨナシロウエハラ,沖縄県,うるま市,与那城上原,0,0,0,0,0,0
47213,90423,9042305,オキナワケン,ウルマシ,ヨナシロチュウオウ,沖縄県,うるま市,与那城中央,0,0,0,0,0,0
47213,90423,9042301,オキナワケン,ウルマシ,ヨナシロテルマ,沖縄県,うるま市,与那城照間,0,0,0,0,0,0
47213,90424,9042425,オキナワケン,ウルマシ,ヨナシロトウバル,沖縄県,うるま市,与那城桃原,0,0,0,0,0,0
47213,90423,9042302,オキナワケン,ウルマシ,ヨナシロニシハラ,沖縄県,うるま市,与那城西原,0,0,0,0,0,0
47213,90423,9042307,オキナワケン,ウルマシ,ヨナシロノヘン,沖縄県,うるま市,与那城饒辺,0,0,0,0,0,0
47213,90424,9042428,オキナワケン,ウルマシ,ヨナシロヒラミヤ,沖縄県,うるま市,与那城平宮,0,0,0,0,0,0
47213,90424,9042426,オキナワケン,ウルマシ,ヨナシロヘンザ,沖縄県,うるま市,与那城平安座,0,0,0,0,0,0
47213,90424,9042423,オキナワケン,ウルマシ,ヨナシロミヤギ,沖縄県,うるま市,与那城宮城,0,0,0,0,0,0
47213,90423,9042304,オキナワケン,ウルマシ,ヨナシロヤケナ,沖縄県,うるま市,与那城屋慶名,0,0,0,0,0,0
47213,90424,9042427,オキナワケン,ウルマシ,ヨナシロヤヒラ,沖縄県,うるま市,与那城屋平,0,0,0,0,0,0
47214,906  ,9060000,オキナワケン,ミヤコジマシ,イカニケイサイガナイバアイ,沖縄県,宮古島市,以下に掲載がない場合,0,0,0,0,0,0
47214,90605,9060502,オキナワケン,ミヤコジマシ,イラブイケマソエ,沖縄県,宮古島市,伊良部池間添,0,0,0,0,0,0
47214,90605,9060503,オキナワケン,ミヤコジマシ,イラブイラブ,沖縄県,宮古島市,伊良部伊良部,0,0,0,0,0,0
47214,90605,9060505,オキナワケン,ミヤコジマシ,イラブクニナカ,沖縄県,宮古島市,伊良部国仲,0,0,0,0,0,0
47214,90605,9060507,オキナワケン,ミヤコジマシ,イラブサワダ,沖縄県,宮古島市,伊良部佐和田,0,0,0,0,0,0
47214,90605,9060504,オキナワケン,ミヤコジマシ,イラブナカチ,沖縄県,宮古島市,伊良部仲地,0,0,0,0,0,0
47214,90605,9060506,オキナワケン,ミヤコジマシ,イラブナガハマ,沖縄県,宮古島市,伊良部長浜,0,0,0,0,0,0
47214,90605,9060501,オキナワケン,ミヤコジマシ,イラブマエサトソエ,沖縄県,宮古島市,伊良部前里添,0,0,0,0,0,0
47214,90602,9060204,オキナワケン,ミヤコジマシ,ウエノウエノ,沖縄県,宮古島市,上野上野,0,0,0,0,0,0
47214,90602,9060202,オキナワケン,ミヤコジマシ,ウエノシンザト,沖縄県,宮古島市,上野新里,0,0,0,0,0,0
47214,90602,9060201,オキナワケン,ミヤコジマシ,ウエノノバル,沖縄県,宮古島市,上野野原,0,0,0,0,0,0
47214,90602,9060203,オキナワケン,ミヤコジマシ,ウエノミヤグニ,沖縄県,宮古島市,上野宮国,0,0,0,0,0,0
47214,90601,9060102,オキナワケン,ミヤコジマシ,グスクベアラグスク,沖縄県,宮古島市,城辺新城,0,0,0,0,0,0
47214,90601,9060108,オキナワケン,ミヤコジマシ,グスクベウルカ,沖縄県,宮古島市,城辺砂川,0,0,0,0,0,0
47214,90601,9060109,オキナワケン,ミヤコジマシ,グスクベシモザトソエ,沖縄県,宮古島市,城辺下里添,0,0,0,0,0,0
47214,90601,9060107,オキナワケン,ミヤコジマシ,グスクベトモリ,沖縄県,宮古島市,城辺友利,0,0,0,0,0,0
47214,90601,9060105,オキナワケン,ミヤコジマシ,グスクベナガマ,沖縄県,宮古島市,城辺長間,0,0,0,0,0,0
47214,90601,9060106,オキナワケン,ミヤコジマシ,グスクベニシザトソエ,沖縄県,宮古島市,城辺西里添,0,0,0,0,0,0
47214,90601,9060104,オキナワケン,ミヤコジマシ,グスクベヒガ,沖縄県,宮古島市,城辺比嘉,0,0,0,0,0,0
47214,90601,9060103,オキナワケン,ミヤコジマシ,グスクベフクザト,沖縄県,宮古島市,城辺福里,0,0,0,0,0,0
47214,90601,9060101,オキナワケン,ミヤコジマシ,グスクベボラ,沖縄県,宮古島市,城辺保良,0,0,0,0,0,0
47214,90603,9060304,オキナワケン,ミヤコジマシ,シモジウエチ,沖縄県,宮古島市,下地上地,0,0,0,0,0,0
47214,90603,9060302,オキナワケン,ミヤコジマシ,シモジカデカリ,沖縄県,宮古島市,下地嘉手苅,0,0,0,0,0,0
47214,90603,9060301,オキナワケン,ミヤコジマシ,シモジカワミツ,沖縄県,宮古島市,下地川満,0,0,0,0,0,0
47214,90603,9060306,オキナワケン,ミヤコジマシ,シモジクリマ,沖縄県,宮古島市,下地来間,0,0,0,0,0,0
47214,90603,9060303,オキナワケン,ミヤコジマシ,シモジスガマ,沖縄県,宮古島市,下地洲鎌,0,0,0,0,0,0
47214,90603,9060305,オキナワケン,ミヤコジマシ,シモジヨナハ,沖縄県,宮古島市,下地与那覇,0,0,0,0,0,0
47214,90604,9060421,オキナワケン,ミヤコジマシ,ヒラライケマ,沖縄県,宮古島市,平良池間,0,0,0,0,0,0
47214,906  ,9060004,オキナワケン,ミヤコジマシ,ヒララオオウラ,沖縄県,宮古島市,平良大浦,0,0,0,0,0,0
47214,906  ,9060001,オキナワケン,ミヤコジマシ,ヒララオオガミ,沖縄県,宮古島市,平良大神,0,0,0,0,0,0
47214,906  ,9060002,オキナワケン,ミヤコジマシ,ヒララカリマタ,沖縄県,宮古島市,平良狩俣,0,0,0,0,0,0
47214,906  ,9060015,オキナワケン,ミヤコジマシ,ヒララクガイ,沖縄県,宮古島市,平良久貝,0,0,0,0,0,0
47214,906  ,9060003,オキナワケン,ミヤコジマシ,ヒララシマジリ,沖縄県,宮古島市,平良島尻,0,0,0,0,0,0
47214,906  ,9060013,オキナワケン,ミヤコジマシ,ヒララシモザト,沖縄県,宮古島市,平良下里,0,0,0,0,0,0
47214,906  ,9060008,オキナワケン,ミヤコジマシ,ヒララニカドリ,沖縄県,宮古島市,平良荷川取,0,0,0,0,0,0
47214,906  ,9060012,オキナワケン,ミヤコジマシ,ヒララニシザト,沖縄県,宮古島市,平良西里,0,0,0,0,0,0
47214,906  ,9060006,オキナワケン,ミヤコジマシ,ヒララニシナカソネ,沖縄県,宮古島市,平良西仲宗根,0,0,0,0,0,0
47214,906  ,9060005,オキナワケン,ミヤコジマシ,ヒララニシハラ,沖縄県,宮古島市,平良西原,0,0,0,0,0,0
47214,906  ,9060007,オキナワケン,ミヤコジマシ,ヒララヒガシナカソネ,沖縄県,宮古島市,平良東仲宗根,0,0,0,0,0,0
47214,906  ,9060011,オキナワケン,ミヤコジマシ,ヒララヒガシナカソネゾエ,沖縄県,宮古島市,平良東仲宗根添,0,0,0,0,0,0
47214,90604,9060422,オキナワケン,ミヤコジマシ,ヒララマエザト,沖縄県,宮古島市,平良前里,0,0,0,0,0,0
47214,906  ,9060014,オキナワケン,ミヤコジマシ,ヒララマツバラ,沖縄県,宮古島市,平良松原,0,0,0,0,0,0
47215,90114,9011400,オキナワケン,ナンジョウシ,イカニケイサイガナイバアイ,沖縄県,南城市,以下に掲載がない場合,0,0,0,0,0,0
47215,90112,9011204,オキナワケン,ナンジョウシ,オオザトイナミネ,沖縄県,南城市,大里稲嶺,0,0,0,0,0,0
47215,90112,9011202,オキナワケン,ナンジョウシ,オオザトオオザト,沖縄県,南城市,大里大里,0,0,0,0,0,0
47215,90112,9011203,オキナワケン,ナンジョウシ,オオザトオオシロ,沖縄県,南城市,大里大城,0,0,0,0,0,0
47215,90112,9011208,オキナワケン,ナンジョウシ,オオザトタイラ,沖縄県,南城市,大里平良,0,0,0,0,0,0
47215,90112,9011205,オキナワケン,ナンジョウシ,オオザトタカヒラ,沖縄県,南城市,大里高平,0,0,0,0,0,0
47215,90112,9011206,オキナワケン,ナンジョウシ,オオザトナカマ,沖縄県,南城市,大里仲間,0,0,0,0,0,0
47215,90112,9011207,オキナワケン,ナンジョウシ,オオザトフルゲン,沖縄県,南城市,大里古堅,0,0,0,0,0,0
47215,90112,9011201,オキナワケン,ナンジョウシ,オオザトミネイ,沖縄県,南城市,大里嶺井,0,0,0,0,0,0
47215,90114,9011401,オキナワケン,ナンジョウシ,サシキイバラ,沖縄県,南城市,佐敷伊原,0,0,0,0,0,0
47215,90114,9011413,オキナワケン,ナンジョウシ,サシキオコク,沖縄県,南城市,佐敷小谷,0,0,0,0,0,0
47215,90114,9011411,オキナワケン,ナンジョウシ,サシキカネク,沖縄県,南城市,佐敷兼久,0,0,0,0,0,0
47215,90114,9011403,オキナワケン,ナンジョウシ,サシキサシキ,沖縄県,南城市,佐敷佐敷,0,0,0,0,0,0
47215,90114,9011415,オキナワケン,ナンジョウシ,サシキシンカイ,沖縄県,南城市,佐敷新開,0,0,0,0,0,0
47215,90114,9011412,オキナワケン,ナンジョウシ,サシキシンザト,沖縄県,南城市,佐敷新里,0,0,0,0,0,0
47215,90114,9011414,オキナワケン,ナンジョウシ,サシキツハコ,沖縄県,南城市,佐敷津波古,0,0,0,0,0,0
47215,90114,9011402,オキナワケン,ナンジョウシ,サシキテドコン,沖縄県,南城市,佐敷手登根,0,0,0,0,0,0
47215,90114,9011405,オキナワケン,ナンジョウシ,サシキナカイホ,沖縄県,南城市,佐敷仲伊保,0,0,0,0,0,0
47215,90114,9011404,オキナワケン,ナンジョウシ,サシキフソザキ,沖縄県,南城市,佐敷冨祖崎,0,0,0,0,0,0
47215,90114,9011406,オキナワケン,ナンジョウシ,サシキヤビク,沖縄県,南城市,佐敷屋比久,0,0,0,0,0,0
47215,90106,9010617,オキナワケン,ナンジョウシ,タマグスクアイチ,沖縄県,南城市,玉城愛地,0,0,0,0,0,0
47215,90106,9010606,オキナワケン,ナンジョウシ,タマグスクイトカズ,沖縄県,南城市,玉城糸数,0,0,0,0,0,0
47215,90106,9010614,オキナワケン,ナンジョウシ,タマグスクオウ,沖縄県,南城市,玉城奥武,0,0,0,0,0,0
47215,90106,9010608,オキナワケン,ナンジョウシ,タマグスクオヤケバル,沖縄県,南城市,玉城親慶原,0,0,0,0,0,0
47215,90106,9010601,オキナワケン,ナンジョウシ,タマグスクカキノハナ,沖縄県,南城市,玉城垣花,0,0,0,0,0,0
47215,90106,9010607,オキナワケン,ナンジョウシ,タマグスクキラバル,沖縄県,南城市,玉城喜良原,0,0,0,0,0,0
47215,90106,9010613,オキナワケン,ナンジョウシ,タマグスクシケンバル,沖縄県,南城市,玉城志堅原,0,0,0,0,0,0
47215,90106,9010604,オキナワケン,ナンジョウシ,タマグスクタマグスク,沖縄県,南城市,玉城玉城,0,0,0,0,0,0
47215,90106,9010612,オキナワケン,ナンジョウシ,タマグスクトウヤマ,沖縄県,南城市,玉城當山,0,0,0,0,0,0
47215,90106,9010605,オキナワケン,ナンジョウシ,タマグスクナカヤマ,沖縄県,南城市,玉城中山,0,0,0,0,0,0
47215,90106,9010602,オキナワケン,ナンジョウシ,タマグスクナカンダカリ,沖縄県,南城市,玉城仲村渠,0,0,0,0,0,0
47215,90106,9010603,オキナワケン,ナンジョウシ,タマグスクヒャクナ,沖縄県,南城市,玉城百名,0,0,0,0,0,0
47215,90106,9010611,オキナワケン,ナンジョウシ,タマグスクフサト,沖縄県,南城市,玉城富里,0,0,0,0,0,0
47215,90106,9010618,オキナワケン,ナンジョウシ,タマグスクフナコシ,沖縄県,南城市,玉城船越,0,0,0,0,0,0
47215,90106,9010615,オキナワケン,ナンジョウシ,タマグスクホリカワ,沖縄県,南城市,玉城堀川,0,0,0,0,0,0
47215,90106,9010616,オキナワケン,ナンジョウシ,タマグスクマエカワ,沖縄県,南城市,玉城前川,0,0,0,0,0,0
47215,90106,9010619,オキナワケン,ナンジョウシ,タマグスクヤカブ,沖縄県,南城市,玉城屋嘉部,0,0,0,0,0,0
47215,90115,9011502,オキナワケン,ナンジョウシ,チネンアザマ,沖縄県,南城市,知念安座真,0,0,0,0,0,0
47215,90115,9011504,オキナワケン,ナンジョウシ,チネンウミノ,沖縄県,南城市,知念海野,0,0,0,0,0,0
47215,90115,9011514,オキナワケン,ナンジョウシ,チネングシケン,沖縄県,南城市,知念具志堅,0,0,0,0,0,0
47215,90115,9011501,オキナワケン,ナンジョウシ,チネンクダカ,沖縄県,南城市,知念久高,0,0,0,0,0,0
47215,90115,9011511,オキナワケン,ナンジョウシ,チネンクデケン,沖縄県,南城市,知念久手堅,0,0,0,0,0,0
47215,90115,9011505,オキナワケン,ナンジョウシ,チネンクハラ,沖縄県,南城市,知念久原,0,0,0,0,0,0
47215,90115,9011516,オキナワケン,ナンジョウシ,チネンシキヤ,沖縄県,南城市,知念志喜屋,0,0,0,0,0,0
47215,90115,9011503,オキナワケン,ナンジョウシ,チネンチナ,沖縄県,南城市,知念知名,0,0,0,0,0,0
47215,90115,9011513,オキナワケン,ナンジョウシ,チネンチネン,沖縄県,南城市,知念知念,0,0,0,0,0,0
47215,90115,9011515,オキナワケン,ナンジョウシ,チネンヤマザト,沖縄県,南城市,知念山里,0,0,0,0,0,0
47215,90115,9011512,オキナワケン,ナンジョウシ,チネンヨシトミ,沖縄県,南城市,知念吉富,0,0,0,0,0,0
47215,90114,9011407,オキナワケン,ナンジョウシ,ツキシロ,沖縄県,南城市,つきしろ,0,0,0,0,0,0
47301,90514,9051400,オキナワケン,クニガミグンクニガミソン,イカニケイサイガナイバアイ,沖縄県,国頭郡国頭村,以下に掲載がない場合,0,0,0,0,0,0
47301,90515,9051503,オキナワケン,クニガミグンクニガミソン,アダ,沖縄県,国頭郡国頭村,安田,0,0,0,0,0,0
47301,90515,9051504,オキナワケン,クニガミグンクニガミソン,アハ,沖縄県,国頭郡国頭村,安波,0,0,0,0,0,0
47301,90514,9051428,オキナワケン,クニガミグンクニガミソン,イジ,沖縄県,国頭郡国頭村,伊地,0,0,0,0,0,0
47301,90514,9051423,オキナワケン,クニガミグンクニガミソン,ウカ,沖縄県,国頭郡国頭村,宇嘉,0,0,0,0,0,0
47301,90514,9051429,オキナワケン,クニガミグンクニガミソン,ウラ,沖縄県,国頭郡国頭村,宇良,0,0,0,0,0,0
47301,90515,9051501,オキナワケン,クニガミグンクニガミソン,オク,沖縄県,国頭郡国頭村,奥,0,0,0,0,0,0
47301,90514,9051412,オキナワケン,クニガミグンクニガミソン,オクマ,沖縄県,国頭郡国頭村,奥間,0,0,0,0,0,0
47301,90514,9051416,オキナワケン,クニガミグンクニガミソン,カガンジ,沖縄県,国頭郡国頭村,鏡地,0,0,0,0,0,0
47301,90514,9051422,オキナワケン,クニガミグンクニガミソン,ギナマ,沖縄県,国頭郡国頭村,宜名真,0,0,0,0,0,0
47301,90514,9051425,オキナワケン,クニガミグンクニガミソン,サテ,沖縄県,国頭郡国頭村,佐手,0,0,0,0,0,0
47301,90514,9051426,オキナワケン,クニガミグンクニガミソン,ジャシキ,沖縄県,国頭郡国頭村,謝敷,0,0,0,0,0,0
47301,90515,9051502,オキナワケン,クニガミグンクニガミソン,ソス,沖縄県,国頭郡国頭村,楚洲,0,0,0,0,0,0
47301,90514,9051417,オキナワケン,クニガミグンクニガミソン,トウバル,沖縄県,国頭郡国頭村,桃原,0,0,0,0,0,0
47301,90514,9051415,オキナワケン,クニガミグンクニガミソン,ハマ,沖縄県,国頭郡国頭村,浜,0,0,0,0,0,0
47301,90514,9051414,オキナワケン,クニガミグンクニガミソン,ハンジ,沖縄県,国頭郡国頭村,半地,0,0,0,0,0,0
47301,90514,9051413,オキナワケン,クニガミグンクニガミソン,ヒジ,沖縄県,国頭郡国頭村,比地,0,0,0,0,0,0
47301,90514,9051421,オキナワケン,クニガミグンクニガミソン,ヘド,沖縄県,国頭郡国頭村,辺戸,0,0,0,0,0,0
47301,90514,9051424,オキナワケン,クニガミグンクニガミソン,ベノキ,沖縄県,国頭郡国頭村,辺野喜,0,0,0,0,0,0
47301,90514,9051411,オキナワケン,クニガミグンクニガミソン,ヘントナ,沖縄県,国頭郡国頭村,辺土名,0,0,0,0,0,0
47301,90514,9051427,オキナワケン,クニガミグンクニガミソン,ヨナ,沖縄県,国頭郡国頭村,与那,0,0,0,0,0,0
47302,90513,9051300,オキナワケン,クニガミグンオオギミソン,イカニケイサイガナイバアイ,沖縄県,国頭郡大宜味村,以下に掲載がない場合,0,0,0,0,0,0
47302,90513,9051308,オキナワケン,クニガミグンオオギミソン,ウエハラ,沖縄県,国頭郡大宜味村,上原,0,0,0,0,0,0
47302,90513,9051317,オキナワケン,クニガミグンオオギミソン,エス,沖縄県,国頭郡大宜味村,江洲,0,0,0,0,0,0
47302,90513,9051305,オキナワケン,クニガミグンオオギミソン,オオガネク,沖縄県,国頭郡大宜味村,大兼久,0,0,0,0,0,0
47302,90513,9051306,オキナワケン,クニガミグンオオギミソン,オオギミ,沖縄県,国頭郡大宜味村,大宜味,0,0,0,0,0,0
47302,90513,9051313,オキナワケン,クニガミグンオオギミソン,オシカワ,沖縄県,国頭郡大宜味村,押川,0,0,0,0,0,0
47302,90513,9051303,オキナワケン,クニガミグンオオギミソン,キジョカ,沖縄県,国頭郡大宜味村,喜如嘉,0,0,0,0,0,0
47302,90513,9051311,オキナワケン,クニガミグンオオギミソン,シオヤ,沖縄県,国頭郡大宜味村,塩屋,0,0,0,0,0,0
47302,90513,9051302,オキナワケン,クニガミグンオオギミソン,ジャナグスク,沖縄県,国頭郡大宜味村,謝名城,0,0,0,0,0,0
47302,90513,9051316,オキナワケン,クニガミグンオオギミソン,シラハマ,沖縄県,国頭郡大宜味村,白浜,0,0,0,0,0,0
47302,90513,9051315,オキナワケン,クニガミグンオオギミソン,タイホ,沖縄県,国頭郡大宜味村,大保,0,0,0,0,0,0
47302,90513,9051301,オキナワケン,クニガミグンオオギミソン,タカザト,沖縄県,国頭郡大宜味村,田嘉里,0,0,0,0,0,0
47302,90513,9051314,オキナワケン,クニガミグンオオギミソン,タミナト,沖縄県,国頭郡大宜味村,田港,0,0,0,0,0,0
47302,90513,9051318,オキナワケン,クニガミグンオオギミソン,ツハ,沖縄県,国頭郡大宜味村,津波,0,0,0,0,0,0
47302,90513,9051304,オキナワケン,クニガミグンオオギミソン,ヌウハ,沖縄県,国頭郡大宜味村,饒波,0,0,0,0,0,0
47302,90513,9051307,オキナワケン,クニガミグンオオギミソン,ネロメ,沖縄県,国頭郡大宜味村,根路銘,0,0,0,0,0,0
47302,90513,9051319,オキナワケン,クニガミグンオオギミソン,ミヤギ,沖縄県,国頭郡大宜味村,宮城,0,0,0,0,0,0
47302,90513,9051312,オキナワケン,クニガミグンオオギミソン,ヤコ,沖縄県,国頭郡大宜味村,屋古,0,0,0,0,0,0
47303,90512,9051200,オキナワケン,クニガミグンヒガシソン,イカニケイサイガナイバアイ,沖縄県,国頭郡東村,以下に掲載がない場合,0,0,0,0,0,0
47303,90512,9051206,オキナワケン,クニガミグンヒガシソン,アルメ,沖縄県,国頭郡東村,有銘,0,0,0,0,0,0
47303,90512,9051203,オキナワケン,クニガミグンヒガシソン,カワタ,沖縄県,国頭郡東村,川田,0,0,0,0,0,0
47303,90512,9051205,オキナワケン,クニガミグンヒガシソン,ゲサシ,沖縄県,国頭郡東村,慶佐次,0,0,0,0,0,0
47303,90512,9051204,オキナワケン,クニガミグンヒガシソン,タイラ,沖縄県,国頭郡東村,平良,0,0,0,0,0,0
47303,90512,9051201,オキナワケン,クニガミグンヒガシソン,タカエ,沖縄県,国頭郡東村,高江,0,0,0,0,0,0
47303,90512,9051202,オキナワケン,クニガミグンヒガシソン,ミヤギ,沖縄県,国頭郡東村,宮城,0,0,0,0,0,0
47306,90504,9050400,オキナワケン,クニガミグンナキジンソン,イカニケイサイガナイバアイ,沖縄県,国頭郡今帰仁村,以下に掲載がない場合,0,0,0,0,0,0
47306,90504,9050411,オキナワケン,クニガミグンナキジンソン,アメソコ,沖縄県,国頭郡今帰仁村,天底,0,0,0,0,0,0
47306,90504,9050428,オキナワケン,クニガミグンナキジンソン,イマドマリ,沖縄県,国頭郡今帰仁村,今泊,0,0,0,0,0,0
47306,90504,9050403,オキナワケン,クニガミグンナキジンソン,ウンテン,沖縄県,国頭郡今帰仁村,運天,0,0,0,0,0,0
47306,90504,9050427,オキナワケン,クニガミグンナキジンソン,カネシ,沖縄県,国頭郡今帰仁村,兼次,0,0,0,0,0,0
47306,90504,9050404,オキナワケン,クニガミグンナキジンソン,カミウンテン,沖縄県,国頭郡今帰仁村,上運天,0,0,0,0,0,0
47306,90504,9050406,オキナワケン,クニガミグンナキジンソン,コウリ,沖縄県,国頭郡今帰仁村,古宇利,0,0,0,0,0,0
47306,90504,9050421,オキナワケン,クニガミグンナキジンソン,コエチ,沖縄県,国頭郡今帰仁村,越地,0,0,0,0,0,0
47306,90504,9050413,オキナワケン,クニガミグンナキジンソン,ゴガヤマ,沖縄県,国頭郡今帰仁村,呉我山,0,0,0,0,0,0
47306,90504,9050422,オキナワケン,クニガミグンナキジンソン,サキヤマ,沖縄県,国頭郡今帰仁村,崎山,0,0,0,0,0,0
47306,90504,9050414,オキナワケン,クニガミグンナキジンソン,ジャナ,沖縄県,国頭郡今帰仁村,謝名,0,0,0,0,0,0
47306,90504,9050426,オキナワケン,クニガミグンナキジンソン,ショシ,沖縄県,国頭郡今帰仁村,諸志,0,0,0,0,0,0
47306,90504,9050405,オキナワケン,クニガミグンナキジンソン,セリキャク,沖縄県,国頭郡今帰仁村,勢理客,0,0,0,0,0,0
47306,90504,9050415,オキナワケン,クニガミグンナキジンソン,タマシロ,沖縄県,国頭郡今帰仁村,玉城,0,0,0,0,0,0
47306,90504,9050402,オキナワケン,クニガミグンナキジンソン,トキジン,沖縄県,国頭郡今帰仁村,渡喜仁,0,0,0,0,0,0
47306,90504,9050424,オキナワケン,クニガミグンナキジンソン,ナカオシ,沖縄県,国頭郡今帰仁村,仲尾次,0,0,0,0,0,0
47306,90504,9050401,オキナワケン,クニガミグンナキジンソン,ナカソネ,沖縄県,国頭郡今帰仁村,仲宗根,0,0,0,0,0,0
47306,90504,9050423,オキナワケン,クニガミグンナキジンソン,ヘシキ,沖縄県,国頭郡今帰仁村,平敷,0,0,0,0,0,0
47306,90504,9050425,オキナワケン,クニガミグンナキジンソン,ヨナミネ,沖縄県,国頭郡今帰仁村,与那嶺,0,0,0,0,0,0
47306,90504,9050412,オキナワケン,クニガミグンナキジンソン,ワクガワ,沖縄県,国頭郡今帰仁村,湧川,0,0,0,0,0,0
47308,90502,9050200,オキナワケン,クニガミグンモトブチョウ,イカニケイサイガナイバアイ,沖縄県,国頭郡本部町,以下に掲載がない場合,0,0,0,0,0,0
47308,90502,9050206,オキナワケン,クニガミグンモトブチョウ,イシカワ,沖縄県,国頭郡本部町,石川,0,0,0,0,0,0
47308,90502,9050221,オキナワケン,クニガミグンモトブチョウ,イズミ,沖縄県,国頭郡本部町,伊豆味,0,0,0,0,0,0
47308,90502,9050228,オキナワケン,クニガミグンモトブチョウ,イノハ,沖縄県,国頭郡本部町,伊野波,0,0,0,0,0,0
47308,90502,9050229,オキナワケン,クニガミグンモトブチョウ,ウフドウ,沖縄県,国頭郡本部町,大堂,0,0,0,0,0,0
47308,90502,9050217,オキナワケン,クニガミグンモトブチョウ,ウラサキ,沖縄県,国頭郡本部町,浦崎,0,0,0,0,0,0
47308,90502,9050223,オキナワケン,クニガミグンモトブチョウ,オオカヨウ,沖縄県,国頭郡本部町,大嘉陽,0,0,0,0,0,0
47308,90502,9050212,オキナワケン,クニガミグンモトブチョウ,オオハマ,沖縄県,国頭郡本部町,大浜,0,0,0,0,0,0
47308,90502,9050202,オキナワケン,クニガミグンモトブチョウ,カツウ,沖縄県,国頭郡本部町,嘉津宇,0,0,0,0,0,0
47308,90502,9050209,オキナワケン,クニガミグンモトブチョウ,キタザト,沖縄県,国頭郡本部町,北里,0,0,0,0,0,0
47308,90502,9050201,オキナワケン,クニガミグンモトブチョウ,グシケン,沖縄県,国頭郡本部町,具志堅,0,0,0,0,0,0
47308,90502,9050226,オキナワケン,クニガミグンモトブチョウ,ケンケン,沖縄県,国頭郡本部町,健堅,0,0,0,0,0,0
47308,90502,9050225,オキナワケン,クニガミグンモトブチョウ,サキモトブ,沖縄県,国頭郡本部町,崎本部,0,0,0,0,0,0
47308,90502,9050203,オキナワケン,クニガミグンモトブチョウ,ジャハナ,沖縄県,国頭郡本部町,謝花,0,0,0,0,0,0
47308,90502,9050208,オキナワケン,クニガミグンモトブチョウ,シンザト,沖縄県,国頭郡本部町,新里,0,0,0,0,0,0
47308,90502,9050227,オキナワケン,クニガミグンモトブチョウ,セソコ,沖縄県,国頭郡本部町,瀬底,0,0,0,0,0,0
47308,90502,9050213,オキナワケン,クニガミグンモトブチョウ,タンチャ,沖縄県,国頭郡本部町,谷茶,0,0,0,0,0,0
47308,90502,9050214,オキナワケン,クニガミグンモトブチョウ,トグチ,沖縄県,国頭郡本部町,渡久地,0,0,0,0,0,0
47308,90502,9050204,オキナワケン,クニガミグンモトブチョウ,トヨハラ,沖縄県,国頭郡本部町,豊原,0,0,0,0,0,0
47308,90502,9050222,オキナワケン,クニガミグンモトブチョウ,ナミザト,沖縄県,国頭郡本部町,並里,0,0,0,0,0,0
47308,90502,9050215,オキナワケン,クニガミグンモトブチョウ,ノバル,沖縄県,国頭郡本部町,野原,0,0,0,0,0,0
47308,90502,9050216,オキナワケン,クニガミグンモトブチョウ,ハマモト,沖縄県,国頭郡本部町,浜元,0,0,0,0,0,0
47308,90502,9050211,オキナワケン,クニガミグンモトブチョウ,ヒガシ,沖縄県,国頭郡本部町,東,0,0,0,0,0,0
47308,90502,9050207,オキナワケン,クニガミグンモトブチョウ,ビセ,沖縄県,国頭郡本部町,備瀬,0,0,0,0,0,0
47308,90502,9050218,オキナワケン,クニガミグンモトブチョウ,フルジマ,沖縄県,国頭郡本部町,古島,0,0,0,0,0,0
47308,90502,9050224,オキナワケン,クニガミグンモトブチョウ,ヘナジ,沖縄県,国頭郡本部町,辺名地,0,0,0,0,0,0
47308,90502,9050205,オキナワケン,クニガミグンモトブチョウ,ヤマカワ,沖縄県,国頭郡本部町,山川,0,0,0,0,0,0
47308,90502,9050219,オキナワケン,クニガミグンモトブチョウ,ヤマザト,沖縄県,国頭郡本部町,山里,0,0,0,0,0,0
47311,90404,9040400,オキナワケン,クニガミグンオンナソン,イカニケイサイガナイバアイ,沖縄県,国頭郡恩納村,以下に掲載がない場合,0,0,0,0,0,0
47311,90404,9040402,オキナワケン,クニガミグンオンナソン,アフソ,沖縄県,国頭郡恩納村,安富祖,0,0,0,0,0,0
47311,90404,9040411,オキナワケン,クニガミグンオンナソン,オンナ,沖縄県,国頭郡恩納村,恩納,0,0,0,0,0,0
47311,90404,9040403,オキナワケン,クニガミグンオンナソン,キセンバル,沖縄県,国頭郡恩納村,喜瀬武原,0,0,0,0,0,0
47311,90404,9040404,オキナワケン,クニガミグンオンナソン,セラカキ,沖縄県,国頭郡恩納村,瀬良垣,0,0,0,0,0,0
47311,90404,9040412,オキナワケン,クニガミグンオンナソン,タンチャ,沖縄県,国頭郡恩納村,谷茶,0,0,0,0,0,0
47311,90404,9040415,オキナワケン,クニガミグンオンナソン,ナカドマリ,沖縄県,国頭郡恩納村,仲泊,0,0,0,0,0,0
47311,90404,9040401,オキナワケン,クニガミグンオンナソン,ナカマ,沖縄県,国頭郡恩納村,名嘉真,0,0,0,0,0,0
47311,90404,9040413,オキナワケン,クニガミグンオンナソン,フチャク,沖縄県,国頭郡恩納村,冨着,0,0,0,0,0,0
47311,90404,9040414,オキナワケン,クニガミグンオンナソン,マエガネク,沖縄県,国頭郡恩納村,前兼久,0,0,0,0,0,0
47311,90404,9040417,オキナワケン,クニガミグンオンナソン,マエダ,沖縄県,国頭郡恩納村,真栄田,0,0,0,0,0,0
47311,90404,9040416,オキナワケン,クニガミグンオンナソン,ヤマダ,沖縄県,国頭郡恩納村,山田,0,0,0,0,0,0
47313,90413,9041300,オキナワケン,クニガミグンギノザソン,イカニケイサイガナイバアイ,沖縄県,国頭郡宜野座村,以下に掲載がない場合,0,0,0,0,0,0
47313,90413,9041304,オキナワケン,クニガミグンギノザソン,カンナ,沖縄県,国頭郡宜野座村,漢那,0,0,0,0,0,0
47313,90413,9041302,オキナワケン,クニガミグンギノザソン,ギノザ,沖縄県,国頭郡宜野座村,宜野座,0,0,0,0,0,0
47313,90413,9041303,オキナワケン,クニガミグンギノザソン,ソケイ,沖縄県,国頭郡宜野座村,惣慶,0,0,0,0,0,0
47313,90413,9041301,オキナワケン,クニガミグンギノザソン,マツダ,沖縄県,国頭郡宜野座村,松田,0,0,0,0,0,0
47314,90412,9041200,オキナワケン,クニガミグンキンチョウ,イカニケイサイガナイバアイ,沖縄県,国頭郡金武町,以下に掲載がない場合,0,0,0,0,0,0
47314,90412,9041202,オキナワケン,クニガミグンキンチョウ,イゲイ,沖縄県,国頭郡金武町,伊芸,0,0,0,0,0,0
47314,90412,9041201,オキナワケン,クニガミグンキンチョウ,キン,沖縄県,国頭郡金武町,金武,0,0,0,0,0,0
47314,90412,9041203,オキナワケン,クニガミグンキンチョウ,ヤカ,沖縄県,国頭郡金武町,屋嘉,0,0,0,0,0,0
47315,90505,9050500,オキナワケン,クニガミグンイエソン,イカニケイサイガナイバアイ,沖縄県,国頭郡伊江村,以下に掲載がない場合,0,0,0,0,0,0
47315,90505,9050503,オキナワケン,クニガミグンイエソン,カワヒラ,沖縄県,国頭郡伊江村,川平,0,0,0,0,0,0
47315,90505,9050505,オキナワケン,クニガミグンイエソン,ニシエウエ,沖縄県,国頭郡伊江村,西江上,0,0,0,0,0,0
47315,90505,9050504,オキナワケン,クニガミグンイエソン,ニシエマエ,沖縄県,国頭郡伊江村,西江前,0,0,0,0,0,0
47315,90505,9050501,オキナワケン,クニガミグンイエソン,ヒガシエウエ,沖縄県,国頭郡伊江村,東江上,0,0,0,0,0,0
47315,90505,9050502,オキナワケン,クニガミグンイエソン,ヒガシエマエ,沖縄県,国頭郡伊江村,東江前,0,0,0,0,0,0
47324,90403,9040300,オキナワケン,ナカガミグンヨミタンソン,イカニケイサイガナイバアイ,沖縄県,中頭郡読谷村,以下に掲載がない場合,0,0,0,0,0,0
47324,90403,9040303,オキナワケン,ナカガミグンヨミタンソン,イラミナ,沖縄県,中頭郡読谷村,伊良皆,0,0,0,0,0,0
47324,90403,9040321,オキナワケン,ナカガミグンヨミタンソン,ウエチ,沖縄県,中頭郡読谷村,上地,0,0,0,0,0,0
47324,90403,9040328,オキナワケン,ナカガミグンヨミタンソン,ウザ,沖縄県,中頭郡読谷村,宇座,0,0,0,0,0,0
47324,90403,9040316,オキナワケン,ナカガミグンヨミタンソン,オオキ,沖縄県,中頭郡読谷村,大木,0,0,0,0,0,0
47324,90403,9040313,オキナワケン,ナカガミグンヨミタンソン,オオワン,沖縄県,中頭郡読谷村,大湾,0,0,0,0,0,0
47324,90403,9040302,オキナワケン,ナカガミグンヨミタンソン,キナ,沖縄県,中頭郡読谷村,喜名,0,0,0,0,0,0
47324,90403,9040327,オキナワケン,ナカガミグンヨミタンソン,ギマ,沖縄県,中頭郡読谷村,儀間,0,0,0,0,0,0
47324,90403,9040301,オキナワケン,ナカガミグンヨミタンソン,ザキミ,沖縄県,中頭郡読谷村,座喜味,0,0,0,0,0,0
47324,90403,9040325,オキナワケン,ナカガミグンヨミタンソン,セナハ,沖縄県,中頭郡読谷村,瀬名波,0,0,0,0,0,0
47324,90403,9040304,オキナワケン,ナカガミグンヨミタンソン,ソベ,沖縄県,中頭郡読谷村,楚辺,0,0,0,0,0,0
47324,90403,9040323,オキナワケン,ナカガミグンヨミタンソン,タカシホ,沖縄県,中頭郡読谷村,高志保,0,0,0,0,0,0
47324,90403,9040315,オキナワケン,ナカガミグンヨミタンソン,トグチ,沖縄県,中頭郡読谷村,渡具知,0,0,0,0,0,0
47324,90403,9040326,オキナワケン,ナカガミグンヨミタンソン,トケシ,沖縄県,中頭郡読谷村,渡慶次,0,0,0,0,0,0
47324,90403,9040305,オキナワケン,ナカガミグンヨミタンソン,トヤ,沖縄県,中頭郡読谷村,都屋,0,0,0,0,0,0
47324,90403,9040324,オキナワケン,ナカガミグンヨミタンソン,ナガハマ,沖縄県,中頭郡読谷村,長浜,0,0,0,0,0,0
47324,90403,9040322,オキナワケン,ナカガミグンヨミタンソン,ナミヒラ,沖縄県,中頭郡読谷村,波平,0,0,0,0,0,0
47324,90403,9040311,オキナワケン,ナカガミグンヨミタンソン,ヒジャ,沖縄県,中頭郡読谷村,比謝,0,0,0,0,0,0
47324,90403,9040312,オキナワケン,ナカガミグンヨミタンソン,ヒジャバシ,沖縄県,中頭郡読谷村,比謝矼,0,0,0,0,0,0
47324,90403,9040314,オキナワケン,ナカガミグンヨミタンソン,フルゲン,沖縄県,中頭郡読谷村,古堅,0,0,0,0,0,0
47325,90402,9040200,オキナワケン,ナカガミグンカデナチョウ,イカニケイサイガナイバアイ,沖縄県,中頭郡嘉手納町,以下に掲載がない場合,0,0,0,0,0,0
47325,90402,9040203,オキナワケン,ナカガミグンカデナチョウ,カデナ,沖縄県,中頭郡嘉手納町,嘉手納,0,0,0,0,0,0
47325,90402,9040205,オキナワケン,ナカガミグンカデナチョウ,カネク,沖縄県,中頭郡嘉手納町,兼久,0,0,0,0,0,0
47325,90402,9040201,オキナワケン,ナカガミグンカデナチョウ,クドク,沖縄県,中頭郡嘉手納町,久得,0,0,0,0,0,0
47325,90402,9040204,オキナワケン,ナカガミグンカデナチョウ,ミズガマ,沖縄県,中頭郡嘉手納町,水釜,0,0,0,0,0,0
47325,90402,9040202,オキナワケン,ナカガミグンカデナチョウ,ヤラ,沖縄県,中頭郡嘉手納町,屋良,0,0,0,0,0,0
47326,90401,9040100,オキナワケン,ナカガミグンチャタンチョウ,イカニケイサイガナイバアイ,沖縄県,中頭郡北谷町,以下に掲載がない場合,0,0,0,0,0,0
47326,90401,9040102,オキナワケン,ナカガミグンチャタンチョウ,イヘイ,沖縄県,中頭郡北谷町,伊平,0,0,0,0,0,0
47326,90401,9040107,オキナワケン,ナカガミグンチャタンチョウ,オオムラ,沖縄県,中頭郡北谷町,大村,0,0,0,0,0,0
47326,90401,9040101,オキナワケン,ナカガミグンチャタンチョウ,カミセド,沖縄県,中頭郡北谷町,上勢頭,0,0,0,0,0,0
47326,90401,9040117,オキナワケン,ナカガミグンチャタンチョウ,キタマエ,沖縄県,中頭郡北谷町,北前,0,0,0,0,0,0
47326,90401,9040103,オキナワケン,ナカガミグンチャタンチョウ,クワエ,沖縄県,中頭郡北谷町,桑江,0,0,0,0,0,0
47326,90401,9040111,オキナワケン,ナカガミグンチャタンチョウ,スナベ,沖縄県,中頭郡北谷町,砂辺,0,0,0,0,0,0
47326,90401,9040106,オキナワケン,ナカガミグンチャタンチョウ,タマガミ,沖縄県,中頭郡北谷町,玉上,0,0,0,0,0,0
47326,90401,9040116,オキナワケン,ナカガミグンチャタンチョウ,チャタン,沖縄県,中頭郡北谷町,北谷,0,0,0,0,0,0
47326,90401,9040104,オキナワケン,ナカガミグンチャタンチョウ,トウバル,沖縄県,中頭郡北谷町,桃原,0,0,0,0,0,0
47326,90401,9040112,オキナワケン,ナカガミグンチャタンチョウ,ハマガワ,沖縄県,中頭郡北谷町,浜川,0,0,0,0,0,0
47326,90401,9040114,オキナワケン,ナカガミグンチャタンチョウ,ミナト,沖縄県,中頭郡北谷町,港,0,0,0,0,0,0
47326,90401,9040115,オキナワケン,ナカガミグンチャタンチョウ,ミハマ,沖縄県,中頭郡北谷町,美浜,0,0,0,0,0,0
47326,90401,9040113,オキナワケン,ナカガミグンチャタンチョウ,ミヤギ,沖縄県,中頭郡北谷町,宮城,0,0,0,0,0,0
47326,90401,9040105,オキナワケン,ナカガミグンチャタンチョウ,ヨシハラ,沖縄県,中頭郡北谷町,吉原,0,0,0,0,0,0
47327,90123,9012300,オキナワケン,ナカガミグンキタナカグスクソン,イカニケイサイガナイバアイ,沖縄県,中頭郡北中城村,以下に掲載がない場合,0,0,0,0,0,0
47327,90123,9012316,オキナワケン,ナカガミグンキタナカグスクソン,アダニヤ,沖縄県,中頭郡北中城村,安谷屋,0,0,0,0,0,0
47327,90123,9012313,オキナワケン,ナカガミグンキタナカグスクソン,アツタ,沖縄県,中頭郡北中城村,熱田,0,0,0,0,0,0
47327,90123,9012314,オキナワケン,ナカガミグンキタナカグスクソン,オオグスク,沖縄県,中頭郡北中城村,大城,0,0,0,0,0,0
47327,90123,9012315,オキナワケン,ナカガミグンキタナカグスクソン,オギドウ,沖縄県,中頭郡北中城村,荻道,0,0,0,0,0,0
47327,90123,9012311,オキナワケン,ナカガミグンキタナカグスクソン,キシャバ,沖縄県,中頭郡北中城村,喜舎場,0,0,0,0,0,0
47327,90123,9012301,オキナワケン,ナカガミグンキタナカグスクソン,シマブク,沖縄県,中頭郡北中城村,島袋,0,0,0,0,0,0
47327,90123,9012317,オキナワケン,ナカガミグンキタナカグスクソン,ズケラン,沖縄県,中頭郡北中城村,瑞慶覧,0,0,0,0,0,0
47327,90123,9012303,オキナワケン,ナカガミグンキタナカグスクソン,チュンジュン,沖縄県,中頭郡北中城村,仲順,0,0,0,0,0,0
47327,90123,9012302,オキナワケン,ナカガミグンキタナカグスクソン,トグチ,沖縄県,中頭郡北中城村,渡口,0,0,0,0,0,0
47327,90123,9012305,オキナワケン,ナカガミグンキタナカグスクソン,ヒガ,沖縄県,中頭郡北中城村,比嘉,0,0,0,0,0,0
47327,90123,9012321,オキナワケン,ナカガミグンキタナカグスクソン,ミサキ,沖縄県,中頭郡北中城村,美崎,0,0,0,0,0,0
47327,90123,9012304,オキナワケン,ナカガミグンキタナカグスクソン,ヤギバル,沖縄県,中頭郡北中城村,屋宜原,0,0,0,0,0,0
47327,90123,9012312,オキナワケン,ナカガミグンキタナカグスクソン,ワニヤ,沖縄県,中頭郡北中城村,和仁屋,0,0,0,0,0,0
47328,90124,9012400,オキナワケン,ナカガミグンナカグスクソン,イカニケイサイガナイバアイ,沖縄県,中頭郡中城村,以下に掲載がない場合,0,0,0,0,0,0
47328,90124,9012407,オキナワケン,ナカガミグンナカグスクソン,アサト,沖縄県,中頭郡中城村,安里,0,0,0,0,0,0
47328,90124,9012422,オキナワケン,ナカガミグンナカグスクソン,アラカキ,沖縄県,中頭郡中城村,新垣,0,0,0,0,0,0
47328,90124,9012403,オキナワケン,ナカガミグンナカグスクソン,イシャドウ,沖縄県,中頭郡中城村,伊舎堂,0,0,0,0,0,0
47328,90124,9012417,オキナワケン,ナカガミグンナカグスクソン,イジュ,沖縄県,中頭郡中城村,伊集,0,0,0,0,0,0
47328,90124,9012412,オキナワケン,ナカガミグンナカグスクソン,オクマ,沖縄県,中頭郡中城村,奥間,0,0,0,0,0,0
47328,90124,9012423,オキナワケン,ナカガミグンナカグスクソン,キタウエバル,沖縄県,中頭郡中城村,北上原,0,0,0,0,0,0
47328,90124,9012414,オキナワケン,ナカガミグンナカグスクソン,キタハマ,沖縄県,中頭郡中城村,北浜,0,0,0,0,0,0
47328,90124,9012401,オキナワケン,ナカガミグンナカグスクソン,クバ,沖縄県,中頭郡中城村,久場,0,0,0,0,0,0
47328,90124,9012404,オキナワケン,ナカガミグンナカグスクソン,ソエシ,沖縄県,中頭郡中城村,添石,0,0,0,0,0,0
47328,90124,9012413,オキナワケン,ナカガミグンナカグスクソン,ツハ,沖縄県,中頭郡中城村,津覇,0,0,0,0,0,0
47328,90124,9012406,オキナワケン,ナカガミグンナカグスクソン,トウマ,沖縄県,中頭郡中城村,当間,0,0,0,0,0,0
47328,90124,9012402,オキナワケン,ナカガミグンナカグスクソン,トマリ,沖縄県,中頭郡中城村,泊,0,0,0,0,0,0
47328,90124,9012421,オキナワケン,ナカガミグンナカグスクソン,ノボリマタ,沖縄県,中頭郡中城村,登又,0,0,0,0,0,0
47328,90124,9012411,オキナワケン,ナカガミグンナカグスクソン,ハマ,沖縄県,中頭郡中城村,浜,0,0,0,0,0,0
47328,90124,9012424,オキナワケン,ナカガミグンナカグスクソン,ミナミウエバル,沖縄県,中頭郡中城村,南上原,0,0,0,0,0,0
47328,90124,9012415,オキナワケン,ナカガミグンナカグスクソン,ミナミハマ,沖縄県,中頭郡中城村,南浜,0,0,0,0,0,0
47328,90124,9012405,オキナワケン,ナカガミグンナカグスクソン,ヤギ,沖縄県,中頭郡中城村,屋宜,0,0,0,0,0,0
47328,90124,9012416,オキナワケン,ナカガミグンナカグスクソン,ワウケ,沖縄県,中頭郡中城村,和宇慶,0,0,0,0,0,0
47329,90301,9030100,オキナワケン,ナカガミグンニシハラチョウ,イカニケイサイガナイバアイ,沖縄県,中頭郡西原町,以下に掲載がない場合,0,0,0,0,0,0
47329,90301,9030105,オキナワケン,ナカガミグンニシハラチョウ,アガリザキ,沖縄県,中頭郡西原町,東崎,0,0,0,0,0,0
47329,90301,9030113,オキナワケン,ナカガミグンニシハラチョウ,アムロ,沖縄県,中頭郡西原町,安室,0,0,0,0,0,0
47329,90301,9030115,オキナワケン,ナカガミグンニシハラチョウ,イケダ,沖縄県,中頭郡西原町,池田,0,0,0,0,0,0
47329,90301,9030125,オキナワケン,ナカガミグンニシハラチョウ,ウエハラ,沖縄県,中頭郡西原町,上原,0,0,0,0,0,0
47329,90301,9030121,オキナワケン,ナカガミグンニシハラチョウ,ウチマ,沖縄県,中頭郡西原町,内間,0,0,0,0,0,0
47329,90301,9030117,オキナワケン,ナカガミグンニシハラチョウ,オナガ,沖縄県,中頭郡西原町,翁長,0,0,0,0,0,0
47329,90301,9030103,オキナワケン,ナカガミグンニシハラチョウ,オナハ,沖縄県,中頭郡西原町,小那覇,0,0,0,0,0,0
47329,90301,9030101,オキナワケン,ナカガミグンニシハラチョウ,カケボク,沖縄県,中頭郡西原町,掛保久,0,0,0,0,0,0
47329,90301,9030112,オキナワケン,ナカガミグンニシハラチョウ,ガジャ,沖縄県,中頭郡西原町,我謝,0,0,0,0,0,0
47329,90301,9030102,オキナワケン,ナカガミグンニシハラチョウ,カデカル,沖縄県,中頭郡西原町,嘉手苅,0,0,0,0,0,0
47329,90301,9030104,オキナワケン,ナカガミグンニシハラチョウ,カネク,沖縄県,中頭郡西原町,兼久,0,0,0,0,0,0
47329,90301,9030116,オキナワケン,ナカガミグンニシハラチョウ,コウチ,沖縄県,中頭郡西原町,幸地,0,0,0,0,0,0
47329,90301,9030122,オキナワケン,ナカガミグンニシハラチョウ,コバシガワ,沖縄県,中頭郡西原町,小橋川,0,0,0,0,0,0
47329,90301,9030118,オキナワケン,ナカガミグンニシハラチョウ,コハツ,沖縄県,中頭郡西原町,小波津,0,0,0,0,0,0
47329,90301,9030124,オキナワケン,ナカガミグンニシハラチョウ,ゴヤ,沖縄県,中頭郡西原町,呉屋,0,0,0,0,0,0
47329,90301,9030129,オキナワケン,ナカガミグンニシハラチョウ,センバル,沖縄県,中頭郡西原町,千原,0,0,0,0,0,0
47329,90301,9030126,オキナワケン,ナカガミグンニシハラチョウ,タナバル,沖縄県,中頭郡西原町,棚原,0,0,0,0,0,0
47329,90301,9030123,オキナワケン,ナカガミグンニシハラチョウ,ツハナハ,沖縄県,中頭郡西原町,津花波,0,0,0,0,0,0
47329,90301,9030114,オキナワケン,ナカガミグンニシハラチョウ,トウバル,沖縄県,中頭郡西原町,桃原,0,0,0,0,0,0
47329,90301,9030127,オキナワケン,ナカガミグンニシハラチョウ,トクサダ,沖縄県,中頭郡西原町,徳佐田,0,0,0,0,0,0
47329,90301,9030128,オキナワケン,ナカガミグンニシハラチョウ,モリカワ,沖縄県,中頭郡西原町,森川,0,0,0,0,0,0
47329,90301,9030111,オキナワケン,ナカガミグンニシハラチョウ,ヨナグスク,沖縄県,中頭郡西原町,与那城,0,0,0,0,0,0
47348,90113,9011300,オキナワケン,シマジリグンヨナバルチョウ,イカニケイサイガナイバアイ,沖縄県,島尻郡与那原町,以下に掲載がない場合,0,0,0,0,0,0
47348,90113,9011304,オキナワケン,シマジリグンヨナバルチョウ,アガリハマ,沖縄県,島尻郡与那原町,東浜,0,0,0,0,0,0
47348,90113,9011301,オキナワケン,シマジリグンヨナバルチョウ,イタラシキ,沖縄県,島尻郡与那原町,板良敷,0,0,0,0,0,0
47348,90113,9011302,オキナワケン,シマジリグンヨナバルチョウ,ウエヨナバル,沖縄県,島尻郡与那原町,上与那原,0,0,0,0,0,0
47348,90113,9011303,オキナワケン,シマジリグンヨナバルチョウ,ヨナバル,沖縄県,島尻郡与那原町,与那原,0,0,0,0,0,0
47350,90111,9011100,オキナワケン,シマジリグンハエバルチョウ,イカニケイサイガナイバアイ,沖縄県,島尻郡南風原町,以下に掲載がない場合,0,0,0,0,0,0
47350,90111,9011105,オキナワケン,シマジリグンハエバルチョウ,アラカワ,沖縄県,島尻郡南風原町,新川,0,0,0,0,0,0
47350,90111,9011101,オキナワケン,シマジリグンハエバルチョウ,オオナ,沖縄県,島尻郡南風原町,大名,0,0,0,0,0,0
47350,90111,9011111,オキナワケン,シマジリグンハエバルチョウ,カネグスク,沖縄県,島尻郡南風原町,兼城,0,0,0,0,0,0
47350,90111,9011114,オキナワケン,シマジリグンハエバルチョウ,カミザト,沖縄県,島尻郡南風原町,神里,0,0,0,0,0,0
47350,90111,9011113,オキナワケン,シマジリグンハエバルチョウ,キャン,沖縄県,島尻郡南風原町,喜屋武,0,0,0,0,0,0
47350,90111,9011117,オキナワケン,シマジリグンハエバルチョウ,ツカザン,沖縄県,島尻郡南風原町,津嘉山,0,0,0,0,0,0
47350,90111,9011116,オキナワケン,シマジリグンハエバルチョウ,テルヤ,沖縄県,島尻郡南風原町,照屋,0,0,0,0,0,0
47350,90111,9011102,オキナワケン,シマジリグンハエバルチョウ,ミヤグスク,沖縄県,島尻郡南風原町,宮城,0,0,0,0,0,0
47350,90111,9011104,オキナワケン,シマジリグンハエバルチョウ,ミヤヒラ,沖縄県,島尻郡南風原町,宮平,0,0,0,0,0,0
47350,90111,9011112,オキナワケン,シマジリグンハエバルチョウ,モトブ,沖縄県,島尻郡南風原町,本部,0,0,0,0,0,0
47350,90111,9011115,オキナワケン,シマジリグンハエバルチョウ,ヤマカワ,沖縄県,島尻郡南風原町,山川,0,0,0,0,0,0
47350,90111,9011103,オキナワケン,シマジリグンハエバルチョウ,ヨナハ,沖縄県,島尻郡南風原町,与那覇,0,0,0,0,0,0
47353,90135,9013500,オキナワケン,シマジリグントカシキソン,イカニケイサイガナイバアイ,沖縄県,島尻郡渡嘉敷村,以下に掲載がない場合,0,0,0,0,0,0
47353,90135,9013502,オキナワケン,シマジリグントカシキソン,アハレン,沖縄県,島尻郡渡嘉敷村,阿波連,0,0,0,0,0,0
47353,90135,9013501,オキナワケン,シマジリグントカシキソン,トカシキ,沖縄県,島尻郡渡嘉敷村,渡嘉敷,0,0,0,0,0,0
47354,90134,9013400,オキナワケン,シマジリグンザマミソン,イカニケイサイガナイバアイ,沖縄県,島尻郡座間味村,以下に掲載がない場合,0,0,0,0,0,0
47354,90133,9013311,オキナワケン,シマジリグンザマミソン,アカ,沖縄県,島尻郡座間味村,阿嘉,0,0,0,0,0,0
47354,90134,9013401,オキナワケン,シマジリグンザマミソン,アサ,沖縄県,島尻郡座間味村,阿佐,0,0,0,0,0,0
47354,90134,9013403,オキナワケン,シマジリグンザマミソン,アマ,沖縄県,島尻郡座間味村,阿真,0,0,0,0,0,0
47354,90133,9013312,オキナワケン,シマジリグンザマミソン,ゲルマ,沖縄県,島尻郡座間味村,慶留間,0,0,0,0,0,0
47354,90134,9013402,オキナワケン,シマジリグンザマミソン,ザマミ,沖縄県,島尻郡座間味村,座間味,0,0,0,0,0,0
47355,90137,9013700,オキナワケン,シマジリグンアグニソン,イカニケイサイガナイバアイ,沖縄県,島尻郡粟国村,以下に掲載がない場合,0,0,0,0,0,0
47355,90137,9013703,オキナワケン,シマジリグンアグニソン,ニシ,沖縄県,島尻郡粟国村,西,0,0,0,0,0,0
47355,90137,9013701,オキナワケン,シマジリグンアグニソン,ハマ,沖縄県,島尻郡粟国村,浜,0,0,0,0,0,0
47355,90137,9013702,オキナワケン,シマジリグンアグニソン,ヒガシ,沖縄県,島尻郡粟国村,東,0,0,0,0,0,0
47356,90136,9013601,オキナワケン,シマジリグントナキソン,トナキソンイチエン,沖縄県,島尻郡渡名喜村,渡名喜村一円,0,0,0,0,0,0
47357,90138,9013800,オキナワケン,シマジリグンミナミダイトウソン,イカニケイサイガナイバアイ,沖縄県,島尻郡南大東村,以下に掲載がない場合,0,0,0,0,0,0
47357,90138,9013806,オキナワケン,シマジリグンミナミダイトウソン,イケノサワ,沖縄県,島尻郡南大東村,池之沢,0,0,0,0,0,0
47357,90138,9013801,オキナワケン,シマジリグンミナミダイトウソン,キタ,沖縄県,島尻郡南大東村,北,0,0,0,0,0,0
47357,90138,9013803,オキナワケン,シマジリグンミナミダイトウソン,キュウトウ,沖縄県,島尻郡南大東村,旧東,0,0,0,0,0,0
47357,90138,9013805,オキナワケン,シマジリグンミナミダイトウソン,ザイショ,沖縄県,島尻郡南大東村,在所,0,0,0,0,0,0
47357,90138,9013802,オキナワケン,シマジリグンミナミダイトウソン,シントウ,沖縄県,島尻郡南大東村,新東,0,0,0,0,0,0
47357,90138,9013804,オキナワケン,シマジリグンミナミダイトウソン,ミナミ,沖縄県,島尻郡南大東村,南,0,0,0,0,0,0
47358,90139,9013900,オキナワケン,シマジリグンキタダイトウソン,イカニケイサイガナイバアイ,沖縄県,島尻郡北大東村,以下に掲載がない場合,0,0,0,0,0,0
47358,90139,9013902,オキナワケン,シマジリグンキタダイトウソン,ナカノ,沖縄県,島尻郡北大東村,中野,0,0,0,0,0,0
47358,90139,9013903,オキナワケン,シマジリグンキタダイトウソン,ミナト,沖縄県,島尻郡北大東村,港,0,0,0,0,0,0
47358,90139,9013901,オキナワケン,シマジリグンキタダイトウソン,ミナミ,沖縄県,島尻郡北大東村,南,0,0,0,0,0,0
47359,90507,9050700,オキナワケン,シマジリグンイヘヤソン,イカニケイサイガナイバアイ,沖縄県,島尻郡伊平屋村,以下に掲載がない場合,0,0,0,0,0,0
47359,90507,9050703,オキナワケン,シマジリグンイヘヤソン,ガキヤ,沖縄県,島尻郡伊平屋村,我喜屋,0,0,0,0,0,0
47359,90507,9050704,オキナワケン,シマジリグンイヘヤソン,シマジリ,沖縄県,島尻郡伊平屋村,島尻,0,0,0,0,0,0
47359,90507,9050701,オキナワケン,シマジリグンイヘヤソン,ダナ,沖縄県,島尻郡伊平屋村,田名,0,0,0,0,0,0
47359,90507,9050705,オキナワケン,シマジリグンイヘヤソン,ノホ,沖縄県,島尻郡伊平屋村,野甫,0,0,0,0,0,0
47359,90507,9050702,オキナワケン,シマジリグンイヘヤソン,マエドマリ,沖縄県,島尻郡伊平屋村,前泊,0,0,0,0,0,0
47360,90506,9050600,オキナワケン,シマジリグンイゼナソン,イカニケイサイガナイバアイ,沖縄県,島尻郡伊是名村,以下に掲載がない場合,0,0,0,0,0,0
47360,90506,9050604,オキナワケン,シマジリグンイゼナソン,イゼナ,沖縄県,島尻郡伊是名村,伊是名,0,0,0,0,0,0
47360,90506,9050601,オキナワケン,シマジリグンイゼナソン,ウチハナ,沖縄県,島尻郡伊是名村,内花,0,0,0,0,0,0
47360,90506,9050602,オキナワケン,シマジリグンイゼナソン,ショミ,沖縄県,島尻郡伊是名村,諸見,0,0,0,0,0,0
47360,90506,9050605,オキナワケン,シマジリグンイゼナソン,セリキャク,沖縄県,島尻郡伊是名村,勢理客,0,0,0,0,0,0
47360,90506,9050603,オキナワケン,シマジリグンイゼナソン,ナカダ,沖縄県,島尻郡伊是名村,仲田,0,0,0,0,0,0
47361,90131,9013100,オキナワケン,シマジリグンクメジマチョウ,イカニケイサイガナイバアイ,沖縄県,島尻郡久米島町,以下に掲載がない場合,0,0,0,0,0,0
47361,90131,9013103,オキナワケン,シマジリグンクメジマチョウ,アカ,沖縄県,島尻郡久米島町,阿嘉,0,0,0,0,0,0
47361,90131,9013101,オキナワケン,シマジリグンクメジマチョウ,ウエグスク,沖縄県,島尻郡久米島町,宇江城,0,0,0,0,0,0
47361,90131,9013138,オキナワケン,シマジリグンクメジマチョウ,ウエズ,沖縄県,島尻郡久米島町,上江洲,0,0,0,0,0,0
47361,90131,9013105,オキナワケン,シマジリグンクメジマチョウ,ウネ,沖縄県,島尻郡久米島町,宇根,0,0,0,0,0,0
47361,90131,9013106,オキナワケン,シマジリグンクメジマチョウ,オウ,沖縄県,島尻郡久米島町,奥武,0,0,0,0,0,0
47361,90131,9013123,オキナワケン,シマジリグンクメジマチョウ,オオタ,沖縄県,島尻郡久米島町,大田,0,0,0,0,0,0
47361,90131,9013132,オキナワケン,シマジリグンクメジマチョウ,オオハラ,沖縄県,島尻郡久米島町,大原,0,0,0,0,0,0
47361,90131,9013121,オキナワケン,シマジリグンクメジマチョウ,カデカル,沖縄県,島尻郡久米島町,嘉手苅,0,0,0,0,0,0
47361,90131,9013122,オキナワケン,シマジリグンクメジマチョウ,カネグスク,沖縄県,島尻郡久米島町,兼城,0,0,0,0,0,0
47361,90131,9013133,オキナワケン,シマジリグンクメジマチョウ,キタハラ,沖縄県,島尻郡久米島町,北原,0,0,0,0,0,0
47361,90131,9013115,オキナワケン,シマジリグンクメジマチョウ,ギマ,沖縄県,島尻郡久米島町,儀間,0,0,0,0,0,0
47361,90131,9013134,オキナワケン,シマジリグンクメジマチョウ,グシカワ,沖縄県,島尻郡久米島町,具志川,0,0,0,0,0,0
47361,90131,9013114,オキナワケン,シマジリグンクメジマチョウ,シマジリ,沖縄県,島尻郡久米島町,島尻,0,0,0,0,0,0
47361,90131,9013107,オキナワケン,シマジリグンクメジマチョウ,ジャナドウ,沖縄県,島尻郡久米島町,謝名堂,0,0,0,0,0,0
47361,90131,9013113,オキナワケン,シマジリグンクメジマチョウ,ゼンダ,沖縄県,島尻郡久米島町,銭田,0,0,0,0,0,0
47361,90131,9013125,オキナワケン,シマジリグンクメジマチョウ,トリシマ,沖縄県,島尻郡久米島町,鳥島,0,0,0,0,0,0
47361,90131,9013136,オキナワケン,シマジリグンクメジマチョウ,ナカチ,沖縄県,島尻郡久米島町,仲地,0,0,0,0,0,0
47361,90131,9013124,オキナワケン,シマジリグンクメジマチョウ,ナカドマリ,沖縄県,島尻郡久米島町,仲泊,0,0,0,0,0,0
47361,90131,9013135,オキナワケン,シマジリグンクメジマチョウ,ナカンダカリ,沖縄県,島尻郡久米島町,仲村渠,0,0,0,0,0,0
47361,90131,9013131,オキナワケン,シマジリグンクメジマチョウ,ニシメ,沖縄県,島尻郡久米島町,西銘,0,0,0,0,0,0
47361,90131,9013108,オキナワケン,シマジリグンクメジマチョウ,ヒガ,沖縄県,島尻郡久米島町,比嘉,0,0,0,0,0,0
47361,90131,9013102,オキナワケン,シマジリグンクメジマチョウ,ヒヤジョウ,沖縄県,島尻郡久米島町,比屋定,0,0,0,0,0,0
47361,90131,9013112,オキナワケン,シマジリグンクメジマチョウ,マガリ,沖縄県,島尻郡久米島町,真我里,0,0,0,0,0,0
47361,90131,9013104,オキナワケン,シマジリグンクメジマチョウ,マジャ,沖縄県,島尻郡久米島町,真謝,0,0,0,0,0,0
47361,90131,9013111,オキナワケン,シマジリグンクメジマチョウ,ヤマグスク,沖縄県,島尻郡久米島町,山城,0,0,0,0,0,0
47361,90131,9013137,オキナワケン,シマジリグンクメジマチョウ,ヤマザト,沖縄県,島尻郡久米島町,山里,0,0,0,0,0,0
47362,90104,9010400,オキナワケン,シマジリグンヤエセチョウ,イカニケイサイガナイバアイ,沖縄県,島尻郡八重瀬町,以下に掲載がない場合,0,0,0,0,0,0
47362,90105,9010514,オキナワケン,シマジリグンヤエセチョウ,アサト,沖縄県,島尻郡八重瀬町,安里,0,0,0,0,0,0
47362,90105,9010503,オキナワケン,シマジリグンヤエセチョウ,アラグスク,沖縄県,島尻郡八重瀬町,新城,0,0,0,0,0,0
47362,90104,9010405,オキナワケン,シマジリグンヤエセチョウ,イハ,沖縄県,島尻郡八重瀬町,伊覇,0,0,0,0,0,0
47362,90104,9010412,オキナワケン,シマジリグンヤエセチョウ,ウエタバル,沖縄県,島尻郡八重瀬町,上田原,0,0,0,0,0,0
47362,90105,9010502,オキナワケン,シマジリグンヤエセチョウ,オオトン,沖縄県,島尻郡八重瀬町,大頓,0,0,0,0,0,0
47362,90104,9010416,オキナワケン,シマジリグンヤエセチョウ,ギシ,沖縄県,島尻郡八重瀬町,宜次,0,0,0,0,0,0
47362,90105,9010512,オキナワケン,シマジリグンヤエセチョウ,グシチャン,沖縄県,島尻郡八重瀬町,具志頭,0,0,0,0,0,0
47362,90104,9010415,オキナワケン,シマジリグンヤエセチョウ,コグスク,沖縄県,島尻郡八重瀬町,小城,0,0,0,0,0,0
47362,90105,9010504,オキナワケン,シマジリグンヤエセチョウ,コシハラ,沖縄県,島尻郡八重瀬町,後原,0,0,0,0,0,0
47362,90104,9010401,オキナワケン,シマジリグンヤエセチョウ,コチンダ,沖縄県,島尻郡八重瀬町,東風平,0,0,0,0,0,0
47362,90104,9010413,オキナワケン,シマジリグンヤエセチョウ,シタハク,沖縄県,島尻郡八重瀬町,志多伯,0,0,0,0,0,0
47362,90104,9010404,オキナワケン,シマジリグンヤエセチョウ,タカラ,沖縄県,島尻郡八重瀬町,高良,0,0,0,0,0,0
47362,90104,9010414,オキナワケン,シマジリグンヤエセチョウ,トウメ,沖縄県,島尻郡八重瀬町,当銘,0,0,0,0,0,0
47362,90104,9010411,オキナワケン,シマジリグンヤエセチョウ,トモヨセ,沖縄県,島尻郡八重瀬町,友寄,0,0,0,0,0,0
47362,90104,9010402,オキナワケン,シマジリグンヤエセチョウ,トモリ,沖縄県,島尻郡八重瀬町,富盛,0,0,0,0,0,0
47362,90105,9010516,オキナワケン,シマジリグンヤエセチョウ,ナカザ,沖縄県,島尻郡八重瀬町,仲座,0,0,0,0,0,0
47362,90105,9010501,オキナワケン,シマジリグンヤエセチョウ,ナガモウ,沖縄県,島尻郡八重瀬町,長毛,0,0,0,0,0,0
47362,90105,9010513,オキナワケン,シマジリグンヤエセチョウ,ハナシロ,沖縄県,島尻郡八重瀬町,玻名城,0,0,0,0,0,0
47362,90104,9010417,オキナワケン,シマジリグンヤエセチョウ,ホカマ,沖縄県,島尻郡八重瀬町,外間,0,0,0,0,0,0
47362,90105,9010511,オキナワケン,シマジリグンヤエセチョウ,ミナトガワ,沖縄県,島尻郡八重瀬町,港川,0,0,0,0,0,0
47362,90104,9010406,オキナワケン,シマジリグンヤエセチョウ,ヤギバル,沖縄県,島尻郡八重瀬町,屋宜原,0,0,0,0,0,0
47362,90105,9010515,オキナワケン,シマジリグンヤエセチョウ,ヨザ,沖縄県,島尻郡八重瀬町,与座,0,0,0,0,0,0
47362,90104,9010403,オキナワケン,シマジリグンヤエセチョウ,ヨナグスク,沖縄県,島尻郡八重瀬町,世名城,0,0,0,0,0,0
47375,90606,9060600,オキナワケン,ミヤコグンタラマソン,イカニケイサイガナイバアイ,沖縄県,宮古郡多良間村,以下に掲載がない場合,0,0,0,0,0,0
47375,90606,9060601,オキナワケン,ミヤコグンタラマソン,シオカワ,沖縄県,宮古郡多良間村,塩川,0,0,0,0,0,0
47375,90606,9060602,オキナワケン,ミヤコグンタラマソン,ナカスジ,沖縄県,宮古郡多良間村,仲筋,0,0,0,0,0,0
47375,90606,9060603,オキナワケン,ミヤコグンタラマソン,ミンナ,沖縄県,宮古郡多良間村,水納,0,0,0,0,0,0
47381,907  ,9070000,オキナワケン,ヤエヤマグンタケトミチョウ,イカニケイサイガナイバアイ,沖縄県,八重山郡竹富町,以下に掲載がない場合,0,0,0,1,0,0
47381,90714,9071435,オキナワケン,ヤエヤマグンタケトミチョウ,アラグスク,沖縄県,八重山郡竹富町,新城,0,0,0,0,0,0
47381,90715,9071542,オキナワケン,ヤエヤマグンタケトミチョウ,イリオモテ,沖縄県,八重山郡竹富町,西表,0,0,0,0,0,0
47381,90715,9071541,オキナワケン,ヤエヤマグンタケトミチョウ,ウエハラ,沖縄県,八重山郡竹富町,上原,0,0,0,0,0,0
47381,90713,9071311,オキナワケン,ヤエヤマグンタケトミチョウ,クロシマ,沖縄県,八重山郡竹富町,黒島,0,0,0,0,0,0
47381,90712,9071221,オキナワケン,ヤエヤマグンタケトミチョウ,コハマ,沖縄県,八重山郡竹富町,小浜,0,0,0,0,0,0
47381,90714,9071432,オキナワケン,ヤエヤマグンタケトミチョウ,コミ,沖縄県,八重山郡竹富町,古見,0,0,0,0,0,0
47381,90715,9071543,オキナワケン,ヤエヤマグンタケトミチョウ,サキヤマ,沖縄県,八重山郡竹富町,崎山,0,0,0,0,0,0
47381,90714,9071431,オキナワケン,ヤエヤマグンタケトミチョウ,タカナ,沖縄県,八重山郡竹富町,高那,0,0,0,0,0,0
47381,90711,9071101,オキナワケン,ヤエヤマグンタケトミチョウ,タケトミ,沖縄県,八重山郡竹富町,竹富,0,0,0,0,0,0
47381,90714,9071434,オキナワケン,ヤエヤマグンタケトミチョウ,ハイミ,沖縄県,八重山郡竹富町,南風見,0,0,0,0,0,0
47381,90714,9071433,オキナワケン,ヤエヤマグンタケトミチョウ,ハイミナカ,沖縄県,八重山郡竹富町,南風見仲,0,0,0,0,0,0
47381,90717,9071751,オキナワケン,ヤエヤマグンタケトミチョウ,ハテルマ,沖縄県,八重山郡竹富町,波照間,0,0,0,0,0,0
47381,90715,9071544,オキナワケン,ヤエヤマグンタケトミチョウ,ハトマ,沖縄県,八重山郡竹富町,鳩間,0,0,0,0,0,0
47382,90718,9071800,オキナワケン,ヤエヤマグンヨナグニチョウ,イカニケイサイガナイバアイ,沖縄県,八重山郡与那国町,以下に掲載がない場合,0,0,0,0,0,0
47382,90718,9071801,オキナワケン,ヤエヤマグンヨナグニチョウ,ヨナグニ,沖縄県,八重山郡与那国町,与那国,0,0,0,0,0,0
